2026-03-12T23:03:26.0172025Z Current runner version: '2.332.0'
2026-03-12T23:03:26.0200337Z ##[group]Runner Image Provisioner
2026-03-12T23:03:26.0201528Z Hosted Compute Agent
2026-03-12T23:03:26.0202441Z Version: 20260213.493
2026-03-12T23:03:26.0203391Z Commit: 5c115507f6dd24b8de37d8bbe0bb4509d0cc0fa3
2026-03-12T23:03:26.0204176Z Build Date: 2026-02-13T00:28:41Z
2026-03-12T23:03:26.0205165Z Worker ID: {e436157c-7da7-4074-a91f-094aaa5112da}
2026-03-12T23:03:26.0205952Z Azure Region: westus
2026-03-12T23:03:26.0206454Z ##[endgroup]
2026-03-12T23:03:26.0207939Z ##[group]Operating System
2026-03-12T23:03:26.0208631Z Ubuntu
2026-03-12T23:03:26.0209105Z 24.04.3
2026-03-12T23:03:26.0209542Z LTS
2026-03-12T23:03:26.0210274Z ##[endgroup]
2026-03-12T23:03:26.0210804Z ##[group]Runner Image
2026-03-12T23:03:26.0211307Z Image: ubuntu-24.04
2026-03-12T23:03:26.0212164Z Version: 20260302.42.1
2026-03-12T23:03:26.0213483Z Included Software: https://github.com/actions/runner-images/blob/ubuntu24/20260302.42/images/ubuntu/Ubuntu2404-Readme.md
2026-03-12T23:03:26.0215578Z Image Release: https://github.com/actions/runner-images/releases/tag/ubuntu24%2F20260302.42
2026-03-12T23:03:26.0216705Z ##[endgroup]
2026-03-12T23:03:26.0218288Z ##[group]GITHUB_TOKEN Permissions
2026-03-12T23:03:26.0220748Z Contents: read
2026-03-12T23:03:26.0221264Z Metadata: read
2026-03-12T23:03:26.0221836Z Packages: read
2026-03-12T23:03:26.0222315Z ##[endgroup]
2026-03-12T23:03:26.0224734Z Secret source: Actions
2026-03-12T23:03:26.0225632Z Prepare workflow directory
2026-03-12T23:03:26.0883701Z Prepare all required actions
2026-03-12T23:03:26.0920726Z Getting action download info
2026-03-12T23:03:26.5392527Z Download action repository 'actions/checkout@v4' (SHA:34e114876b0b11c390a56381ad16ebd13914f8d5)
2026-03-12T23:03:26.6938312Z Download action repository 'actions/upload-artifact@v4' (SHA:ea165f8d65b6e75b540449e92b4886f43607fa02)
2026-03-12T23:03:26.9078934Z Complete job name: container-job (ubuntu:22.04, amd64)
2026-03-12T23:03:26.9536439Z ##[group]Checking docker version
2026-03-12T23:03:26.9549848Z ##[command]/usr/bin/docker version --format '{{.Server.APIVersion}}'
2026-03-12T23:03:27.0396541Z '1.48'
2026-03-12T23:03:27.0408112Z Docker daemon API version: '1.48'
2026-03-12T23:03:27.0408821Z ##[command]/usr/bin/docker version --format '{{.Client.APIVersion}}'
2026-03-12T23:03:27.0626081Z '1.48'
2026-03-12T23:03:27.0639265Z Docker client API version: '1.48'
2026-03-12T23:03:27.0645637Z ##[endgroup]
2026-03-12T23:03:27.0648499Z ##[group]Clean up resources from previous jobs
2026-03-12T23:03:27.0654097Z ##[command]/usr/bin/docker ps --all --quiet --no-trunc --filter "label=57ced0"
2026-03-12T23:03:27.0816631Z ##[command]/usr/bin/docker network prune --force --filter "label=57ced0"
2026-03-12T23:03:27.0987788Z ##[endgroup]
2026-03-12T23:03:27.0988545Z ##[group]Create local container network
2026-03-12T23:03:27.1002628Z ##[command]/usr/bin/docker network create --label 57ced0 github_network_add63ab325564e81bfefe7eb5ddd0e78
2026-03-12T23:03:27.1625683Z 8243819e1fc856d99ac1520d67fd28058997bb12c09746b52fcce33dca3e9ecb
2026-03-12T23:03:27.1643268Z ##[endgroup]
2026-03-12T23:03:27.1666196Z ##[group]Starting job container
2026-03-12T23:03:27.1686770Z ##[command]/usr/bin/docker pull ubuntu:22.04
2026-03-12T23:03:28.0842921Z 22.04: Pulling from library/ubuntu
2026-03-12T23:03:28.3493234Z b1cba2e842ca: Pulling fs layer
2026-03-12T23:03:28.7867179Z b1cba2e842ca: Verifying Checksum
2026-03-12T23:03:28.7867912Z b1cba2e842ca: Download complete
2026-03-12T23:03:29.8083304Z b1cba2e842ca: Pull complete
2026-03-12T23:03:29.8147438Z Digest: sha256:3ba65aa20f86a0fad9df2b2c259c613df006b2e6d0bfcc8a146afb8c525a9751
2026-03-12T23:03:29.8162914Z Status: Downloaded newer image for ubuntu:22.04
2026-03-12T23:03:29.8172423Z docker.io/library/ubuntu:22.04
2026-03-12T23:03:29.8257546Z ##[command]/usr/bin/docker create --name 8fe81d1fce65489dbcf97a3434c94e63_ubuntu2204_709e2c --label 57ced0 --workdir /__w/iot-hub-device-update/iot-hub-device-update --network github_network_add63ab325564e81bfefe7eb5ddd0e78 --platform linux/amd64 -e "HOME=/github/home" -e GITHUB_ACTIONS=true -e CI=true -v "/var/run/docker.sock":"/var/run/docker.sock" -v "/home/runner/work":"/__w" -v "/home/runner/actions-runner/cached/externals":"/__e":ro -v "/home/runner/work/_temp":"/__w/_temp" -v "/home/runner/work/_actions":"/__w/_actions" -v "/opt/hostedtoolcache":"/__t" -v "/home/runner/work/_temp/_github_home":"/github/home" -v "/home/runner/work/_temp/_github_workflow":"/github/workflow" --entrypoint "tail" ubuntu:22.04 "-f" "/dev/null"
2026-03-12T23:03:32.5878982Z 08295cfbc2aa1500cc921fbb72a80d7429390299685eea8ba7a5f65ddcdc6c66
2026-03-12T23:03:32.5902789Z ##[command]/usr/bin/docker start 08295cfbc2aa1500cc921fbb72a80d7429390299685eea8ba7a5f65ddcdc6c66
2026-03-12T23:03:32.7848295Z 08295cfbc2aa1500cc921fbb72a80d7429390299685eea8ba7a5f65ddcdc6c66
2026-03-12T23:03:32.7867071Z ##[command]/usr/bin/docker ps --all --filter id=08295cfbc2aa1500cc921fbb72a80d7429390299685eea8ba7a5f65ddcdc6c66 --filter status=running --no-trunc --format "{{.ID}} {{.Status}}"
2026-03-12T23:03:32.7993006Z 08295cfbc2aa1500cc921fbb72a80d7429390299685eea8ba7a5f65ddcdc6c66 Up Less than a second
2026-03-12T23:03:32.8013884Z ##[command]/usr/bin/docker inspect --format "{{range .Config.Env}}{{println .}}{{end}}" 08295cfbc2aa1500cc921fbb72a80d7429390299685eea8ba7a5f65ddcdc6c66
2026-03-12T23:03:32.8143577Z HOME=/github/home
2026-03-12T23:03:32.8143956Z GITHUB_ACTIONS=true
2026-03-12T23:03:32.8144214Z CI=true
2026-03-12T23:03:32.8144506Z PATH=/usr/local/sbin:/usr/local/bin:/usr/sbin:/usr/bin:/sbin:/bin
2026-03-12T23:03:32.8165857Z ##[endgroup]
2026-03-12T23:03:32.8175594Z ##[group]Waiting for all services to be ready
2026-03-12T23:03:32.8177347Z ##[endgroup]
2026-03-12T23:03:32.8442096Z ##[group]Run actions/checkout@v4
2026-03-12T23:03:32.8442926Z with:
2026-03-12T23:03:32.8443192Z   repository: Azure/iot-hub-device-update
2026-03-12T23:03:32.8443732Z   token: ***
2026-03-12T23:03:32.8443956Z   ssh-strict: true
2026-03-12T23:03:32.8444173Z   ssh-user: git
2026-03-12T23:03:32.8444406Z   persist-credentials: true
2026-03-12T23:03:32.8444705Z   clean: true
2026-03-12T23:03:32.8444960Z   sparse-checkout-cone-mode: true
2026-03-12T23:03:32.8445246Z   fetch-depth: 1
2026-03-12T23:03:32.8445458Z   fetch-tags: false
2026-03-12T23:03:32.8445689Z   show-progress: true
2026-03-12T23:03:32.8445916Z   lfs: false
2026-03-12T23:03:32.8446132Z   submodules: false
2026-03-12T23:03:32.8446354Z   set-safe-directory: true
2026-03-12T23:03:32.8446822Z ##[endgroup]
2026-03-12T23:03:32.8505917Z ##[command]/usr/bin/docker exec  08295cfbc2aa1500cc921fbb72a80d7429390299685eea8ba7a5f65ddcdc6c66 sh -c "cat /etc/*release | grep ^ID"
2026-03-12T23:03:33.0695338Z Syncing repository: Azure/iot-hub-device-update
2026-03-12T23:03:33.0696788Z ##[group]Getting Git version info
2026-03-12T23:03:33.0697266Z Working directory is '/__w/iot-hub-device-update/iot-hub-device-update'
2026-03-12T23:03:33.0697951Z ##[endgroup]
2026-03-12T23:03:33.0698326Z Deleting the contents of '/__w/iot-hub-device-update/iot-hub-device-update'
2026-03-12T23:03:33.0698854Z The repository will be downloaded using the GitHub REST API
2026-03-12T23:03:33.0699339Z To create a local Git repository instead, add Git 2.18 or higher to the PATH
2026-03-12T23:03:33.0699775Z Downloading the archive
2026-03-12T23:03:33.6370944Z Writing archive to disk
2026-03-12T23:03:33.6431753Z Extracting the archive
2026-03-12T23:03:33.6514915Z [command]/usr/bin/tar xz --warning=no-unknown-keyword --overwrite -C /__w/iot-hub-device-update/iot-hub-device-update/d45e23e0-0c3b-4729-9903-887e7e91fa2e -f /__w/iot-hub-device-update/iot-hub-device-update/d45e23e0-0c3b-4729-9903-887e7e91fa2e.tar.gz
2026-03-12T23:03:33.7317333Z Resolved version Azure-iot-hub-device-update-3e5f0d8
2026-03-12T23:03:33.7623943Z ##[group]Run OS_NAME=$(echo "ubuntu:22.04" | tr ':' '-')
2026-03-12T23:03:33.7624428Z [36;1mOS_NAME=$(echo "ubuntu:22.04" | tr ':' '-')[0m
2026-03-12T23:03:33.7624788Z [36;1mecho "os_name=$OS_NAME" >> $GITHUB_OUTPUT[0m
2026-03-12T23:03:33.7627928Z shell: sh -e {0}
2026-03-12T23:03:33.7628402Z ##[endgroup]
2026-03-12T23:03:33.8374954Z ##[group]Run apt-get update
2026-03-12T23:03:33.8375297Z [36;1mapt-get update[0m
2026-03-12T23:03:33.8375639Z [36;1mDEBIAN_FRONTEND=noninteractive apt-get install -y tzdata[0m
2026-03-12T23:03:33.8376050Z [36;1mdpkg-reconfigure -f noninteractive tzdata[0m
2026-03-12T23:03:33.8376442Z shell: sh -e {0}
2026-03-12T23:03:33.8376639Z ##[endgroup]
2026-03-12T23:03:34.0609658Z Get:1 http://security.ubuntu.com/ubuntu jammy-security InRelease [129 kB]
2026-03-12T23:03:34.2037102Z Get:2 http://archive.ubuntu.com/ubuntu jammy InRelease [270 kB]
2026-03-12T23:03:34.4501917Z Get:3 http://security.ubuntu.com/ubuntu jammy-security/multiverse amd64 Packages [62.6 kB]
2026-03-12T23:03:34.5508461Z Get:4 http://security.ubuntu.com/ubuntu jammy-security/restricted amd64 Packages [6669 kB]
2026-03-12T23:03:34.9672169Z Get:5 http://security.ubuntu.com/ubuntu jammy-security/universe amd64 Packages [1302 kB]
2026-03-12T23:03:34.9837005Z Get:6 http://security.ubuntu.com/ubuntu jammy-security/main amd64 Packages [3786 kB]
2026-03-12T23:03:34.9992929Z Get:7 http://archive.ubuntu.com/ubuntu jammy-updates InRelease [128 kB]
2026-03-12T23:03:35.1906449Z Get:8 http://archive.ubuntu.com/ubuntu jammy-backports InRelease [127 kB]
2026-03-12T23:03:35.3832896Z Get:9 http://archive.ubuntu.com/ubuntu jammy/multiverse amd64 Packages [266 kB]
2026-03-12T23:03:35.4889134Z Get:10 http://archive.ubuntu.com/ubuntu jammy/restricted amd64 Packages [164 kB]
2026-03-12T23:03:35.5549627Z Get:11 http://archive.ubuntu.com/ubuntu jammy/universe amd64 Packages [17.5 MB]
2026-03-12T23:03:36.4440976Z Get:12 http://archive.ubuntu.com/ubuntu jammy/main amd64 Packages [1792 kB]
2026-03-12T23:03:36.5022226Z Get:13 http://archive.ubuntu.com/ubuntu jammy-updates/main amd64 Packages [4120 kB]
2026-03-12T23:03:36.6394760Z Get:14 http://archive.ubuntu.com/ubuntu jammy-updates/multiverse amd64 Packages [70.9 kB]
2026-03-12T23:03:36.6407528Z Get:15 http://archive.ubuntu.com/ubuntu jammy-updates/restricted amd64 Packages [6877 kB]
2026-03-12T23:03:36.8619791Z Get:16 http://archive.ubuntu.com/ubuntu jammy-updates/universe amd64 Packages [1615 kB]
2026-03-12T23:03:36.9176985Z Get:17 http://archive.ubuntu.com/ubuntu jammy-backports/universe amd64 Packages [37.2 kB]
2026-03-12T23:03:36.9184709Z Get:18 http://archive.ubuntu.com/ubuntu jammy-backports/main amd64 Packages [83.9 kB]
2026-03-12T23:03:37.4834154Z Fetched 45.0 MB in 4s (12.6 MB/s)
2026-03-12T23:03:38.3796901Z Reading package lists...
2026-03-12T23:03:39.3229157Z Reading package lists...
2026-03-12T23:03:39.5262396Z Building dependency tree...
2026-03-12T23:03:39.5262860Z Reading state information...
2026-03-12T23:03:39.6907300Z The following NEW packages will be installed:
2026-03-12T23:03:39.6907886Z   tzdata
2026-03-12T23:03:39.8551982Z 0 upgraded, 1 newly installed, 0 to remove and 11 not upgraded.
2026-03-12T23:03:39.8552454Z Need to get 347 kB of archives.
2026-03-12T23:03:39.8552834Z After this operation, 4006 kB of additional disk space will be used.
2026-03-12T23:03:39.8553584Z Get:1 http://archive.ubuntu.com/ubuntu jammy-updates/main amd64 tzdata all 2025b-0ubuntu0.22.04.1 [347 kB]
2026-03-12T23:03:40.3245913Z debconf: delaying package configuration, since apt-utils is not installed
2026-03-12T23:03:40.3489385Z Fetched 347 kB in 1s (648 kB/s)
2026-03-12T23:03:40.3660894Z Selecting previously unselected package tzdata.
2026-03-12T23:03:40.3675363Z (Reading database ...
2026-03-12T23:03:40.3675781Z (Reading database ... 5%
2026-03-12T23:03:40.3676167Z (Reading database ... 10%
2026-03-12T23:03:40.3676530Z (Reading database ... 15%
2026-03-12T23:03:40.3676881Z (Reading database ... 20%
2026-03-12T23:03:40.3677220Z (Reading database ... 25%
2026-03-12T23:03:40.3677567Z (Reading database ... 30%
2026-03-12T23:03:40.3677904Z (Reading database ... 35%
2026-03-12T23:03:40.3678250Z (Reading database ... 40%
2026-03-12T23:03:40.3678588Z (Reading database ... 45%
2026-03-12T23:03:40.3678935Z (Reading database ... 50%
2026-03-12T23:03:40.3679280Z (Reading database ... 55%
2026-03-12T23:03:40.3680453Z (Reading database ... 60%
2026-03-12T23:03:40.3680693Z (Reading database ... 65%
2026-03-12T23:03:40.3684522Z (Reading database ... 70%
2026-03-12T23:03:40.3704011Z (Reading database ... 75%
2026-03-12T23:03:40.3708766Z (Reading database ... 80%
2026-03-12T23:03:40.3713858Z (Reading database ... 85%
2026-03-12T23:03:40.3717993Z (Reading database ... 90%
2026-03-12T23:03:40.3723013Z (Reading database ... 95%
2026-03-12T23:03:40.3723423Z (Reading database ... 100%
2026-03-12T23:03:40.3729475Z (Reading database ... 4393 files and directories currently installed.)
2026-03-12T23:03:40.3730427Z Preparing to unpack .../tzdata_2025b-0ubuntu0.22.04.1_all.deb ...
2026-03-12T23:03:40.3745585Z Unpacking tzdata (2025b-0ubuntu0.22.04.1) ...
2026-03-12T23:03:40.6690361Z Setting up tzdata (2025b-0ubuntu0.22.04.1) ...
2026-03-12T23:03:40.7431458Z
2026-03-12T23:03:40.7432228Z Current default time zone: 'Etc/UTC'
2026-03-12T23:03:40.7455972Z Local time is now:      Thu Mar 12 23:03:40 UTC 2026.
2026-03-12T23:03:40.7456614Z Universal Time is now:  Thu Mar 12 23:03:40 UTC 2026.
2026-03-12T23:03:40.7457173Z Run 'dpkg-reconfigure tzdata' if you wish to change it.
2026-03-12T23:03:40.7457415Z
2026-03-12T23:03:40.8541353Z
2026-03-12T23:03:40.8541824Z Current default time zone: 'Etc/UTC'
2026-03-12T23:03:40.8566163Z Local time is now:      Thu Mar 12 23:03:40 UTC 2026.
2026-03-12T23:03:40.8566584Z Universal Time is now:  Thu Mar 12 23:03:40 UTC 2026.
2026-03-12T23:03:40.8566817Z
2026-03-12T23:03:40.8768107Z ##[group]Run scripts/install-deps.sh --install-aduc-deps --install-do --install-cmake --install-shellcheck --install-valgrind apt --work-folder $GITHUB_WORKSPACE/.workspace
2026-03-12T23:03:40.8769344Z [36;1mscripts/install-deps.sh --install-aduc-deps --install-do --install-cmake --install-shellcheck --install-valgrind apt --work-folder $GITHUB_WORKSPACE/.workspace[0m
2026-03-12T23:03:40.8771669Z shell: bash --noprofile --norc -e -o pipefail {0}
2026-03-12T23:03:40.8771966Z ##[endgroup]
2026-03-12T23:03:40.9412220Z Creating work folder: /__w/iot-hub-device-update/iot-hub-device-update/.workspace
2026-03-12T23:03:40.9422048Z mkdir: created directory '/__w/iot-hub-device-update/iot-hub-device-update/.workspace'
2026-03-12T23:03:40.9596273Z Installing dependency packages for ADU Agent...
2026-03-12T23:03:41.9260828Z Reading package lists...
2026-03-12T23:03:42.1398107Z Building dependency tree...
2026-03-12T23:03:42.1398520Z Reading state information...
2026-03-12T23:03:42.3520852Z The following additional packages will be installed:
2026-03-12T23:03:42.3522312Z   binutils binutils-common binutils-x86-64-linux-gnu bzip2 ca-certificates
2026-03-12T23:03:42.3523940Z   cmake-data cpp cpp-11 dh-elpa-helper dirmngr distro-info-data dpkg-dev
2026-03-12T23:03:42.3524804Z   emacsen-common fakeroot fontconfig-config fonts-dejavu-core g++ g++-11 gcc
2026-03-12T23:03:42.3525612Z   gcc-11 gcc-11-base gcc-12-base git-man gnupg gnupg-l10n gnupg-utils gpg
2026-03-12T23:03:42.3526457Z   gpg-agent gpg-wks-client gpg-wks-server gpgconf gpgsm icu-devtools less
2026-03-12T23:03:42.3527540Z   libalgorithm-diff-perl libalgorithm-diff-xs-perl libalgorithm-merge-perl
2026-03-12T23:03:42.3528466Z   libarchive13 libasan6 libassuan0 libatomic1 libbinutils libbrotli1 libbsd0
2026-03-12T23:03:42.3529299Z   libc-dev-bin libc-devtools libc6-dev libcbor0.8 libcc1-0 libcrypt-dev
2026-03-12T23:03:42.3530289Z   libctf-nobfd0 libctf0 libcurl3-gnutls libcurl4 libdeflate0 libdpkg-perl
2026-03-12T23:03:42.3531098Z   libedit2 liberror-perl libexpat1 libfakeroot libfido2-1
2026-03-12T23:03:42.3531893Z   libfile-fcntllock-perl libfontconfig1 libfreetype6 libgcc-11-dev libgcc-s1
2026-03-12T23:03:42.3532638Z   libgd3 libgdbm-compat4 libgdbm6 libglib2.0-0 libglib2.0-data libgomp1
2026-03-12T23:03:42.3533422Z   libicu-dev libicu70 libisl23 libitm1 libjbig0 libjpeg-turbo8 libjpeg8
2026-03-12T23:03:42.3534107Z   libjsoncpp25 libksba8 libldap-2.5-0 libldap-common liblocale-gettext-perl
2026-03-12T23:03:42.3534803Z   liblsan0 libmagic-mgc libmagic1 libmd0 libmpc3 libmpdec3 libmpfr6
2026-03-12T23:03:42.3535774Z   libnghttp2-14 libnpth0 libnsl-dev libperl5.34 libpng16-16 libpsl5
2026-03-12T23:03:42.3536223Z   libpython3-stdlib libpython3.10-minimal libpython3.10-stdlib libquadmath0
2026-03-12T23:03:42.3536660Z   libreadline8 librhash0 librtmp1 libsasl2-2 libsasl2-modules
2026-03-12T23:03:42.3537077Z   libsasl2-modules-db libsqlite3-0 libssh-4 libstdc++-11-dev libstdc++6
2026-03-12T23:03:42.3537541Z   libtiff5 libtirpc-dev libtsan0 libubsan1 libuuid1 libuv1 libwebp7 libx11-6
2026-03-12T23:03:42.3538005Z   libx11-data libxau6 libxcb1 libxdmcp6 libxext6 libxml2 libxmuu1 libxpm4
2026-03-12T23:03:42.3538460Z   linux-libc-dev lto-disabled-list manpages manpages-dev media-types netbase
2026-03-12T23:03:42.3538929Z   openssh-client openssl patch perl perl-modules-5.34 pinentry-curses
2026-03-12T23:03:42.3539378Z   publicsuffix python3 python3-minimal python3.10 python3.10-minimal
2026-03-12T23:03:42.3539819Z   readline-common rpcsvc-proto shared-mime-info ucf xauth xdg-user-dirs
2026-03-12T23:03:42.3540379Z   xz-utils
2026-03-12T23:03:42.3547437Z Suggested packages:
2026-03-12T23:03:42.3548007Z   binutils-doc bzip2-doc cmake-doc cmake-format cpp-doc gcc-11-locales
2026-03-12T23:03:42.3548820Z   dbus-user-session libpam-systemd pinentry-gnome3 tor debian-keyring
2026-03-12T23:03:42.3549458Z   g++-multilib g++-11-multilib gcc-11-doc gcc-multilib autoconf automake
2026-03-12T23:03:42.3550391Z   libtool flex bison gdb gcc-doc gcc-11-multilib gettext-base git-daemon-run
2026-03-12T23:03:42.3550885Z   | git-daemon-sysvinit git-doc git-email git-gui gitk gitweb git-cvs
2026-03-12T23:03:42.3551553Z   git-mediawiki git-svn parcimonie xloadimage scdaemon lrzip glibc-doc
2026-03-12T23:03:42.3552115Z   libcurl4-doc libidn11-dev libkrb5-dev libldap2-dev librtmp-dev libssh2-1-dev
2026-03-12T23:03:42.3552619Z   zlib1g-dev bzr libgd-tools gdbm-l10n icu-doc libsasl2-modules-gssapi-mit
2026-03-12T23:03:42.3553122Z   | libsasl2-modules-gssapi-heimdal libsasl2-modules-ldap libsasl2-modules-otp
2026-03-12T23:03:42.3553613Z   libsasl2-modules-sql libssl-doc libstdc++-11-doc make-doc man-browser
2026-03-12T23:03:42.3554073Z   keychain libpam-ssh monkeysphere ssh-askpass ed diffutils-doc perl-doc
2026-03-12T23:03:42.3554493Z   libterm-readline-gnu-perl | libterm-readline-perl-perl
2026-03-12T23:03:42.3554938Z   libtap-harness-archive-perl pinentry-doc python3-doc python3-tk python3-venv
2026-03-12T23:03:42.3555395Z   python3.10-venv python3.10-doc binfmt-support readline-doc
2026-03-12T23:03:42.3555699Z Recommended packages:
2026-03-12T23:03:42.3555888Z   uuid-runtime
2026-03-12T23:03:42.6101792Z The following NEW packages will be installed:
2026-03-12T23:03:42.6102531Z   binutils binutils-common binutils-x86-64-linux-gnu build-essential bzip2
2026-03-12T23:03:42.6103413Z   ca-certificates cmake cmake-data cpp cpp-11 curl dh-elpa-helper dirmngr
2026-03-12T23:03:42.6104262Z   distro-info-data dpkg-dev emacsen-common fakeroot file fontconfig-config
2026-03-12T23:03:42.6105113Z   fonts-dejavu-core g++ g++-11 gcc gcc-11 gcc-11-base git git-man gnupg
2026-03-12T23:03:42.6108028Z   gnupg-l10n gnupg-utils gpg gpg-agent gpg-wks-client gpg-wks-server gpgconf
2026-03-12T23:03:42.6113430Z   gpgsm icu-devtools less libalgorithm-diff-perl libalgorithm-diff-xs-perl
2026-03-12T23:03:42.6114392Z   libalgorithm-merge-perl libarchive13 libasan6 libassuan0 libatomic1
2026-03-12T23:03:42.6115212Z   libbinutils libbrotli1 libbsd0 libc-dev-bin libc-devtools libc6-dev
2026-03-12T23:03:42.6116065Z   libcbor0.8 libcc1-0 libcrypt-dev libctf-nobfd0 libctf0 libcurl3-gnutls
2026-03-12T23:03:42.6118732Z   libcurl4 libcurl4-openssl-dev libdeflate0 libdpkg-perl libedit2
2026-03-12T23:03:42.6119603Z   liberror-perl libexpat1 libfakeroot libfido2-1 libfile-fcntllock-perl
2026-03-12T23:03:42.6120942Z   libfontconfig1 libfreetype6 libgcc-11-dev libgd3 libgdbm-compat4 libgdbm6
2026-03-12T23:03:42.6121866Z   libglib2.0-0 libglib2.0-data libgomp1 libicu-dev libicu70 libisl23 libitm1
2026-03-12T23:03:42.6122668Z   libjbig0 libjpeg-turbo8 libjpeg8 libjsoncpp25 libksba8 libldap-2.5-0
2026-03-12T23:03:42.6124024Z   libldap-common liblocale-gettext-perl liblsan0 libmagic-mgc libmagic1 libmd0
2026-03-12T23:03:42.6125266Z   libmpc3 libmpdec3 libmpfr6 libnghttp2-14 libnpth0 libnsl-dev libperl5.34
2026-03-12T23:03:42.6126115Z   libpng16-16 libpsl5 libpython3-stdlib libpython3.10-minimal
2026-03-12T23:03:42.6126992Z   libpython3.10-stdlib libquadmath0 libreadline8 librhash0 librtmp1 libsasl2-2
2026-03-12T23:03:42.6128124Z   libsasl2-modules libsasl2-modules-db libsqlite3-0 libssh-4 libssl-dev
2026-03-12T23:03:42.6129012Z   libstdc++-11-dev libtiff5 libtirpc-dev libtsan0 libubsan1 libuv1 libwebp7
2026-03-12T23:03:42.6129851Z   libx11-6 libx11-data libxau6 libxcb1 libxdmcp6 libxext6 libxml2 libxml2-dev
2026-03-12T23:03:42.6130889Z   libxmuu1 libxpm4 linux-libc-dev lsb-release lto-disabled-list make manpages
2026-03-12T23:03:42.6131803Z   manpages-dev media-types netbase ninja-build openssh-client openssl patch
2026-03-12T23:03:42.6132770Z   perl perl-modules-5.34 pinentry-curses pkg-config publicsuffix python3
2026-03-12T23:03:42.6133735Z   python3-minimal python3.10 python3.10-minimal readline-common rpcsvc-proto
2026-03-12T23:03:42.6134543Z   shared-mime-info ucf uuid-dev wget xauth xdg-user-dirs xz-utils
2026-03-12T23:03:42.6135132Z The following packages will be upgraded:
2026-03-12T23:03:42.6135598Z   gcc-12-base libgcc-s1 libstdc++6 libuuid1
2026-03-12T23:03:42.7906158Z 4 upgraded, 161 newly installed, 0 to remove and 7 not upgraded.
2026-03-12T23:03:42.7906979Z Need to get 136 MB of archives.
2026-03-12T23:03:42.7907433Z After this operation, 497 MB of additional disk space will be used.
2026-03-12T23:03:42.7908289Z Get:1 http://security.ubuntu.com/ubuntu jammy-security/main amd64 libuuid1 amd64 2.37.2-4ubuntu3.5 [23.6 kB]
2026-03-12T23:03:42.9254144Z Get:2 http://archive.ubuntu.com/ubuntu jammy/main amd64 liblocale-gettext-perl amd64 1.07-4build3 [17.1 kB]
2026-03-12T23:03:42.9538101Z Get:3 http://security.ubuntu.com/ubuntu jammy-security/main amd64 openssh-client amd64 1:8.9p1-3ubuntu0.14 [903 kB]
2026-03-12T23:03:43.2151888Z Get:4 http://archive.ubuntu.com/ubuntu jammy-updates/main amd64 libpython3.10-minimal amd64 3.10.12-1~22.04.15 [816 kB]
2026-03-12T23:03:43.3384465Z Get:5 http://security.ubuntu.com/ubuntu jammy-security/main amd64 uuid-dev amd64 2.37.2-4ubuntu3.5 [33.1 kB]
2026-03-12T23:03:43.9566723Z Get:6 http://archive.ubuntu.com/ubuntu jammy-updates/main amd64 libexpat1 amd64 2.4.7-1ubuntu0.7 [92.1 kB]
2026-03-12T23:03:43.9778842Z Get:7 http://archive.ubuntu.com/ubuntu jammy-updates/main amd64 python3.10-minimal amd64 3.10.12-1~22.04.15 [2275 kB]
2026-03-12T23:03:44.2352900Z Get:8 http://archive.ubuntu.com/ubuntu jammy-updates/main amd64 python3-minimal amd64 3.10.6-1~22.04.1 [24.3 kB]
2026-03-12T23:03:44.2362844Z Get:9 http://archive.ubuntu.com/ubuntu jammy/main amd64 media-types all 7.0.0 [25.5 kB]
2026-03-12T23:03:44.2383833Z Get:10 http://archive.ubuntu.com/ubuntu jammy-updates/main amd64 gcc-12-base amd64 12.3.0-1ubuntu1~22.04.3 [216 kB]
2026-03-12T23:03:44.2509288Z Get:11 http://archive.ubuntu.com/ubuntu jammy-updates/main amd64 libgcc-s1 amd64 12.3.0-1ubuntu1~22.04.3 [53.9 kB]
2026-03-12T23:03:44.2541581Z Get:12 http://archive.ubuntu.com/ubuntu jammy-updates/main amd64 libstdc++6 amd64 12.3.0-1ubuntu1~22.04.3 [699 kB]
2026-03-12T23:03:44.2994871Z Get:13 http://archive.ubuntu.com/ubuntu jammy/main amd64 libmpdec3 amd64 2.5.1-2build2 [86.8 kB]
2026-03-12T23:03:44.3029567Z Get:14 http://archive.ubuntu.com/ubuntu jammy/main amd64 readline-common all 8.1.2-1 [53.5 kB]
2026-03-12T23:03:44.3055870Z Get:15 http://archive.ubuntu.com/ubuntu jammy/main amd64 libreadline8 amd64 8.1.2-1 [153 kB]
2026-03-12T23:03:44.3123620Z Get:16 http://archive.ubuntu.com/ubuntu jammy-updates/main amd64 libsqlite3-0 amd64 3.37.2-2ubuntu0.5 [643 kB]
2026-03-12T23:03:44.3853802Z Get:17 http://archive.ubuntu.com/ubuntu jammy-updates/main amd64 libpython3.10-stdlib amd64 3.10.12-1~22.04.15 [1850 kB]
2026-03-12T23:03:44.4366194Z Get:18 http://archive.ubuntu.com/ubuntu jammy-updates/main amd64 python3.10 amd64 3.10.12-1~22.04.15 [508 kB]
2026-03-12T23:03:44.4483848Z Get:19 http://archive.ubuntu.com/ubuntu jammy-updates/main amd64 libpython3-stdlib amd64 3.10.6-1~22.04.1 [6812 B]
2026-03-12T23:03:44.5275775Z Get:20 http://archive.ubuntu.com/ubuntu jammy-updates/main amd64 python3 amd64 3.10.6-1~22.04.1 [22.8 kB]
2026-03-12T23:03:44.5281028Z Get:21 http://archive.ubuntu.com/ubuntu jammy-updates/main amd64 perl-modules-5.34 all 5.34.0-3ubuntu1.5 [2977 kB]
2026-03-12T23:03:44.5850461Z Get:22 http://archive.ubuntu.com/ubuntu jammy/main amd64 libgdbm6 amd64 1.23-1 [33.9 kB]
2026-03-12T23:03:44.5856366Z Get:23 http://archive.ubuntu.com/ubuntu jammy/main amd64 libgdbm-compat4 amd64 1.23-1 [6606 B]
2026-03-12T23:03:44.5859130Z Get:24 http://archive.ubuntu.com/ubuntu jammy-updates/main amd64 libperl5.34 amd64 5.34.0-3ubuntu1.5 [4797 kB]
2026-03-12T23:03:44.7353757Z Get:25 http://archive.ubuntu.com/ubuntu jammy-updates/main amd64 perl amd64 5.34.0-3ubuntu1.5 [232 kB]
2026-03-12T23:03:44.7392734Z Get:26 http://archive.ubuntu.com/ubuntu jammy-updates/main amd64 openssl amd64 3.0.2-0ubuntu1.21 [1184 kB]
2026-03-12T23:03:44.8242196Z Get:27 http://archive.ubuntu.com/ubuntu jammy-updates/main amd64 ca-certificates all 20240203~22.04.1 [162 kB]
2026-03-12T23:03:44.8261719Z Get:28 http://archive.ubuntu.com/ubuntu jammy-updates/main amd64 distro-info-data all 0.52ubuntu0.11 [5444 B]
2026-03-12T23:03:44.8264188Z Get:29 http://archive.ubuntu.com/ubuntu jammy-updates/main amd64 less amd64 590-1ubuntu0.22.04.3 [142 kB]
2026-03-12T23:03:44.8293823Z Get:30 http://archive.ubuntu.com/ubuntu jammy/main amd64 libmd0 amd64 1.0.4-1build1 [23.0 kB]
2026-03-12T23:03:44.8297560Z Get:31 http://archive.ubuntu.com/ubuntu jammy/main amd64 libbsd0 amd64 0.11.5-1 [44.8 kB]
2026-03-12T23:03:44.8305265Z Get:32 http://archive.ubuntu.com/ubuntu jammy-updates/main amd64 libglib2.0-0 amd64 2.72.4-0ubuntu2.9 [1467 kB]
2026-03-12T23:03:44.8596397Z Get:33 http://archive.ubuntu.com/ubuntu jammy-updates/main amd64 libglib2.0-data all 2.72.4-0ubuntu2.9 [5088 B]
2026-03-12T23:03:44.9541569Z Get:34 http://archive.ubuntu.com/ubuntu jammy/main amd64 libicu70 amd64 70.1-2 [10.6 MB]
2026-03-12T23:03:45.2615321Z Get:35 http://archive.ubuntu.com/ubuntu jammy-updates/main amd64 libxml2 amd64 2.9.13+dfsg-1ubuntu0.11 [765 kB]
2026-03-12T23:03:45.2686447Z Get:36 http://archive.ubuntu.com/ubuntu jammy/main amd64 lsb-release all 11.1.0ubuntu4 [10.8 kB]
2026-03-12T23:03:45.2687902Z Get:37 http://archive.ubuntu.com/ubuntu jammy/main amd64 netbase all 6.3 [12.9 kB]
2026-03-12T23:03:45.2692136Z Get:38 http://archive.ubuntu.com/ubuntu jammy/main amd64 shared-mime-info amd64 2.1-2 [454 kB]
2026-03-12T23:03:45.2741059Z Get:39 http://archive.ubuntu.com/ubuntu jammy/main amd64 ucf all 3.0043 [56.1 kB]
2026-03-12T23:03:45.2746983Z Get:40 http://archive.ubuntu.com/ubuntu jammy/main amd64 xdg-user-dirs amd64 0.17-2ubuntu4 [53.9 kB]
2026-03-12T23:03:45.2754090Z Get:41 http://archive.ubuntu.com/ubuntu jammy-updates/main amd64 libmagic-mgc amd64 1:5.41-3ubuntu0.1 [257 kB]
2026-03-12T23:03:45.2780896Z Get:42 http://archive.ubuntu.com/ubuntu jammy-updates/main amd64 libmagic1 amd64 1:5.41-3ubuntu0.1 [87.2 kB]
2026-03-12T23:03:45.2795992Z Get:43 http://archive.ubuntu.com/ubuntu jammy-updates/main amd64 file amd64 1:5.41-3ubuntu0.1 [21.5 kB]
2026-03-12T23:03:45.4055313Z Get:44 http://archive.ubuntu.com/ubuntu jammy/main amd64 libcbor0.8 amd64 0.8.0-2ubuntu1 [24.6 kB]
2026-03-12T23:03:45.5476924Z Get:45 http://archive.ubuntu.com/ubuntu jammy/main amd64 libedit2 amd64 3.1-20210910-1build1 [96.8 kB]
2026-03-12T23:03:45.5504648Z Get:46 http://archive.ubuntu.com/ubuntu jammy/main amd64 libfido2-1 amd64 1.10.0-1 [82.8 kB]
2026-03-12T23:03:45.5524186Z Get:47 http://archive.ubuntu.com/ubuntu jammy-updates/main amd64 libnghttp2-14 amd64 1.43.0-1ubuntu0.2 [76.9 kB]
2026-03-12T23:03:45.5553182Z Get:48 http://archive.ubuntu.com/ubuntu jammy-updates/main amd64 libpng16-16 amd64 1.6.37-3ubuntu0.4 [192 kB]
2026-03-12T23:03:45.5613358Z Get:49 http://archive.ubuntu.com/ubuntu jammy/main amd64 libpsl5 amd64 0.21.0-1.2build2 [58.4 kB]
2026-03-12T23:03:45.5631770Z Get:50 http://archive.ubuntu.com/ubuntu jammy-updates/main amd64 libuv1 amd64 1.43.0-1ubuntu0.1 [92.7 kB]
2026-03-12T23:03:45.5660997Z Get:51 http://archive.ubuntu.com/ubuntu jammy/main amd64 libxau6 amd64 1:1.0.9-1build5 [7634 B]
2026-03-12T23:03:45.5670241Z Get:52 http://archive.ubuntu.com/ubuntu jammy/main amd64 libxdmcp6 amd64 1:1.1.3-0ubuntu5 [10.9 kB]
2026-03-12T23:03:45.5672568Z Get:53 http://archive.ubuntu.com/ubuntu jammy/main amd64 libxcb1 amd64 1.14-3ubuntu3 [49.0 kB]
2026-03-12T23:03:45.6898422Z Get:54 http://archive.ubuntu.com/ubuntu jammy-updates/main amd64 libx11-data all 2:1.7.5-1ubuntu0.3 [120 kB]
2026-03-12T23:03:45.8319822Z Get:55 http://archive.ubuntu.com/ubuntu jammy-updates/main amd64 libx11-6 amd64 2:1.7.5-1ubuntu0.3 [667 kB]
2026-03-12T23:03:45.8531418Z Get:56 http://archive.ubuntu.com/ubuntu jammy/main amd64 libxext6 amd64 2:1.3.4-1build1 [31.8 kB]
2026-03-12T23:03:45.8538073Z Get:57 http://archive.ubuntu.com/ubuntu jammy/main amd64 libxmuu1 amd64 2:1.1.3-3 [10.2 kB]
2026-03-12T23:03:45.8545990Z Get:58 http://archive.ubuntu.com/ubuntu jammy/main amd64 manpages all 5.10-1ubuntu1 [1375 kB]
2026-03-12T23:03:45.8998180Z Get:59 http://archive.ubuntu.com/ubuntu jammy/main amd64 publicsuffix all 20211207.1025-1 [129 kB]
2026-03-12T23:03:45.9032704Z Get:60 http://archive.ubuntu.com/ubuntu jammy-updates/main amd64 wget amd64 1.21.2-2ubuntu1.1 [339 kB]
2026-03-12T23:03:45.9150605Z Get:61 http://archive.ubuntu.com/ubuntu jammy/main amd64 xauth amd64 1:1.1-1build2 [27.5 kB]
2026-03-12T23:03:45.9158613Z Get:62 http://archive.ubuntu.com/ubuntu jammy/main amd64 xz-utils amd64 5.2.5-2ubuntu1 [84.8 kB]
2026-03-12T23:03:45.9179826Z Get:63 http://archive.ubuntu.com/ubuntu jammy-updates/main amd64 binutils-common amd64 2.38-4ubuntu2.12 [223 kB]
2026-03-12T23:03:45.9740164Z Get:64 http://archive.ubuntu.com/ubuntu jammy-updates/main amd64 libbinutils amd64 2.38-4ubuntu2.12 [663 kB]
2026-03-12T23:03:46.1162910Z Get:65 http://archive.ubuntu.com/ubuntu jammy-updates/main amd64 libctf-nobfd0 amd64 2.38-4ubuntu2.12 [108 kB]
2026-03-12T23:03:46.1191900Z Get:66 http://archive.ubuntu.com/ubuntu jammy-updates/main amd64 libctf0 amd64 2.38-4ubuntu2.12 [103 kB]
2026-03-12T23:03:46.1220795Z Get:67 http://archive.ubuntu.com/ubuntu jammy-updates/main amd64 binutils-x86-64-linux-gnu amd64 2.38-4ubuntu2.12 [2324 kB]
2026-03-12T23:03:46.1993091Z Get:68 http://archive.ubuntu.com/ubuntu jammy-updates/main amd64 binutils amd64 2.38-4ubuntu2.12 [3184 B]
2026-03-12T23:03:46.1996367Z Get:69 http://archive.ubuntu.com/ubuntu jammy-updates/main amd64 libc-dev-bin amd64 2.35-0ubuntu3.13 [20.3 kB]
2026-03-12T23:03:46.1999084Z Get:70 http://archive.ubuntu.com/ubuntu jammy-updates/main amd64 linux-libc-dev amd64 5.15.0-171.181 [1316 kB]
2026-03-12T23:03:46.2427902Z Get:71 http://archive.ubuntu.com/ubuntu jammy/main amd64 libcrypt-dev amd64 1:4.4.27-1 [112 kB]
2026-03-12T23:03:46.2463001Z Get:72 http://archive.ubuntu.com/ubuntu jammy/main amd64 rpcsvc-proto amd64 1.4.2-0ubuntu6 [68.5 kB]
2026-03-12T23:03:46.2481820Z Get:73 http://archive.ubuntu.com/ubuntu jammy-updates/main amd64 libtirpc-dev amd64 1.3.2-2ubuntu0.1 [192 kB]
2026-03-12T23:03:46.2581607Z Get:74 http://archive.ubuntu.com/ubuntu jammy/main amd64 libnsl-dev amd64 1.3.0-2build2 [71.3 kB]
2026-03-12T23:03:46.4008298Z Get:75 http://archive.ubuntu.com/ubuntu jammy-updates/main amd64 libc6-dev amd64 2.35-0ubuntu3.13 [2101 kB]
2026-03-12T23:03:46.4555885Z Get:76 http://archive.ubuntu.com/ubuntu jammy-updates/main amd64 gcc-11-base amd64 11.4.0-1ubuntu1~22.04.3 [216 kB]
2026-03-12T23:03:46.4605171Z Get:77 http://archive.ubuntu.com/ubuntu jammy/main amd64 libisl23 amd64 0.24-2build1 [727 kB]
2026-03-12T23:03:46.4801101Z Get:78 http://archive.ubuntu.com/ubuntu jammy/main amd64 libmpfr6 amd64 4.1.0-3build3 [1425 kB]
2026-03-12T23:03:46.5460750Z Get:79 http://archive.ubuntu.com/ubuntu jammy/main amd64 libmpc3 amd64 1.2.1-2build1 [46.9 kB]
2026-03-12T23:03:46.5470881Z Get:80 http://archive.ubuntu.com/ubuntu jammy-updates/main amd64 cpp-11 amd64 11.4.0-1ubuntu1~22.04.3 [10.0 MB]
2026-03-12T23:03:46.8674882Z Get:81 http://archive.ubuntu.com/ubuntu jammy/main amd64 cpp amd64 4:11.2.0-1ubuntu1 [27.7 kB]
2026-03-12T23:03:46.8676975Z Get:82 http://archive.ubuntu.com/ubuntu jammy-updates/main amd64 libcc1-0 amd64 12.3.0-1ubuntu1~22.04.3 [48.3 kB]
2026-03-12T23:03:46.8684231Z Get:83 http://archive.ubuntu.com/ubuntu jammy-updates/main amd64 libgomp1 amd64 12.3.0-1ubuntu1~22.04.3 [127 kB]
2026-03-12T23:03:46.8714803Z Get:84 http://archive.ubuntu.com/ubuntu jammy-updates/main amd64 libitm1 amd64 12.3.0-1ubuntu1~22.04.3 [30.2 kB]
2026-03-12T23:03:46.8723330Z Get:85 http://archive.ubuntu.com/ubuntu jammy-updates/main amd64 libatomic1 amd64 12.3.0-1ubuntu1~22.04.3 [10.5 kB]
2026-03-12T23:03:46.8725435Z Get:86 http://archive.ubuntu.com/ubuntu jammy-updates/main amd64 libasan6 amd64 11.4.0-1ubuntu1~22.04.3 [2283 kB]
2026-03-12T23:03:46.9336133Z Get:87 http://archive.ubuntu.com/ubuntu jammy-updates/main amd64 liblsan0 amd64 12.3.0-1ubuntu1~22.04.3 [1069 kB]
2026-03-12T23:03:46.9891847Z Get:88 http://archive.ubuntu.com/ubuntu jammy-updates/main amd64 libtsan0 amd64 11.4.0-1ubuntu1~22.04.3 [2260 kB]
2026-03-12T23:03:47.0488712Z Get:89 http://archive.ubuntu.com/ubuntu jammy-updates/main amd64 libubsan1 amd64 12.3.0-1ubuntu1~22.04.3 [976 kB]
2026-03-12T23:03:47.0745563Z Get:90 http://archive.ubuntu.com/ubuntu jammy-updates/main amd64 libquadmath0 amd64 12.3.0-1ubuntu1~22.04.3 [154 kB]
2026-03-12T23:03:47.1542069Z Get:91 http://archive.ubuntu.com/ubuntu jammy-updates/main amd64 libgcc-11-dev amd64 11.4.0-1ubuntu1~22.04.3 [2517 kB]
2026-03-12T23:03:47.2200405Z Get:92 http://archive.ubuntu.com/ubuntu jammy-updates/main amd64 gcc-11 amd64 11.4.0-1ubuntu1~22.04.3 [20.1 MB]
2026-03-12T23:03:47.8934672Z Get:93 http://archive.ubuntu.com/ubuntu jammy/main amd64 gcc amd64 4:11.2.0-1ubuntu1 [5112 B]
2026-03-12T23:03:47.8937897Z Get:94 http://archive.ubuntu.com/ubuntu jammy-updates/main amd64 libstdc++-11-dev amd64 11.4.0-1ubuntu1~22.04.3 [2101 kB]
2026-03-12T23:03:47.9463773Z Get:95 http://archive.ubuntu.com/ubuntu jammy-updates/main amd64 g++-11 amd64 11.4.0-1ubuntu1~22.04.3 [11.4 MB]
2026-03-12T23:03:48.3339017Z Get:96 http://archive.ubuntu.com/ubuntu jammy/main amd64 g++ amd64 4:11.2.0-1ubuntu1 [1412 B]
2026-03-12T23:03:48.3340967Z Get:97 http://archive.ubuntu.com/ubuntu jammy/main amd64 make amd64 4.3-4.1build1 [180 kB]
2026-03-12T23:03:48.3366949Z Get:98 http://archive.ubuntu.com/ubuntu jammy-updates/main amd64 libdpkg-perl all 1.21.1ubuntu2.6 [237 kB]
2026-03-12T23:03:48.3425530Z Get:99 http://archive.ubuntu.com/ubuntu jammy/main amd64 bzip2 amd64 1.0.8-5build1 [34.8 kB]
2026-03-12T23:03:48.3440747Z Get:100 http://archive.ubuntu.com/ubuntu jammy/main amd64 patch amd64 2.7.6-7build2 [109 kB]
2026-03-12T23:03:48.3465819Z Get:101 http://archive.ubuntu.com/ubuntu jammy/main amd64 lto-disabled-list all 24 [12.5 kB]
2026-03-12T23:03:48.3471488Z Get:102 http://archive.ubuntu.com/ubuntu jammy-updates/main amd64 dpkg-dev all 1.21.1ubuntu2.6 [922 kB]
2026-03-12T23:03:48.3714361Z Get:103 http://archive.ubuntu.com/ubuntu jammy/main amd64 build-essential amd64 12.9ubuntu3 [4744 B]
2026-03-12T23:03:48.3715472Z Get:104 http://archive.ubuntu.com/ubuntu jammy-updates/main amd64 libarchive13 amd64 3.6.0-1ubuntu1.5 [368 kB]
2026-03-12T23:03:48.7033025Z Get:105 http://archive.ubuntu.com/ubuntu jammy/main amd64 libbrotli1 amd64 1.0.9-2build6 [315 kB]
2026-03-12T23:03:49.6434503Z Get:106 http://archive.ubuntu.com/ubuntu jammy-updates/main amd64 libsasl2-modules-db amd64 2.1.27+dfsg2-3ubuntu1.2 [20.5 kB]
2026-03-12T23:03:49.6503448Z Get:107 http://archive.ubuntu.com/ubuntu jammy-updates/main amd64 libsasl2-2 amd64 2.1.27+dfsg2-3ubuntu1.2 [53.8 kB]
2026-03-12T23:03:49.6711292Z Get:108 http://archive.ubuntu.com/ubuntu jammy-updates/main amd64 libldap-2.5-0 amd64 2.5.20+dfsg-0ubuntu0.22.04.1 [184 kB]
2026-03-12T23:03:49.7413845Z Get:109 http://archive.ubuntu.com/ubuntu jammy/main amd64 librtmp1 amd64 2.4+20151223.gitfa8646d.1-2build4 [58.2 kB]
2026-03-12T23:03:49.7646192Z Get:110 http://archive.ubuntu.com/ubuntu jammy-updates/main amd64 libssh-4 amd64 0.9.6-2ubuntu0.22.04.6 [187 kB]
2026-03-12T23:03:49.8695846Z Get:111 http://archive.ubuntu.com/ubuntu jammy-updates/main amd64 libcurl4 amd64 7.81.0-1ubuntu1.23 [290 kB]
2026-03-12T23:03:49.9658130Z Get:112 http://archive.ubuntu.com/ubuntu jammy/main amd64 libjsoncpp25 amd64 1.9.5-3 [80.0 kB]
2026-03-12T23:03:49.9787778Z Get:113 http://archive.ubuntu.com/ubuntu jammy/main amd64 librhash0 amd64 1.4.2-1ubuntu1 [125 kB]
2026-03-12T23:03:49.9999570Z Get:114 http://archive.ubuntu.com/ubuntu jammy/main amd64 dh-elpa-helper all 2.0.9ubuntu1 [7610 B]
2026-03-12T23:03:50.0008946Z Get:115 http://archive.ubuntu.com/ubuntu jammy/main amd64 emacsen-common all 3.0.4 [14.9 kB]
2026-03-12T23:03:50.0038005Z Get:116 http://archive.ubuntu.com/ubuntu jammy-updates/main amd64 cmake-data all 3.22.1-1ubuntu1.22.04.2 [1913 kB]
2026-03-12T23:03:50.2317405Z Get:117 http://archive.ubuntu.com/ubuntu jammy-updates/main amd64 cmake amd64 3.22.1-1ubuntu1.22.04.2 [5010 kB]
2026-03-12T23:03:50.4562463Z Get:118 http://archive.ubuntu.com/ubuntu jammy-updates/main amd64 curl amd64 7.81.0-1ubuntu1.23 [194 kB]
2026-03-12T23:03:50.4603894Z Get:119 http://archive.ubuntu.com/ubuntu jammy/main amd64 libassuan0 amd64 2.5.5-1build1 [38.2 kB]
2026-03-12T23:03:50.4612459Z Get:120 http://archive.ubuntu.com/ubuntu jammy-updates/main amd64 gpgconf amd64 2.2.27-3ubuntu2.5 [94.3 kB]
2026-03-12T23:03:50.4638752Z Get:121 http://archive.ubuntu.com/ubuntu jammy-updates/main amd64 libksba8 amd64 1.6.0-2ubuntu0.2 [119 kB]
2026-03-12T23:03:50.4674058Z Get:122 http://archive.ubuntu.com/ubuntu jammy/main amd64 libnpth0 amd64 1.6-3build2 [8664 B]
2026-03-12T23:03:50.4675997Z Get:123 http://archive.ubuntu.com/ubuntu jammy-updates/main amd64 dirmngr amd64 2.2.27-3ubuntu2.5 [293 kB]
2026-03-12T23:03:50.4802431Z Get:124 http://archive.ubuntu.com/ubuntu jammy/main amd64 libfakeroot amd64 1.28-1ubuntu1 [31.5 kB]
2026-03-12T23:03:50.4815619Z Get:125 http://archive.ubuntu.com/ubuntu jammy/main amd64 fakeroot amd64 1.28-1ubuntu1 [60.4 kB]
2026-03-12T23:03:50.4848315Z Get:126 http://archive.ubuntu.com/ubuntu jammy/main amd64 fonts-dejavu-core all 2.37-2build1 [1041 kB]
2026-03-12T23:03:50.6177730Z Get:127 http://archive.ubuntu.com/ubuntu jammy/main amd64 fontconfig-config all 2.13.1-4.2ubuntu5 [29.1 kB]
2026-03-12T23:03:50.7781654Z Get:128 http://archive.ubuntu.com/ubuntu jammy-updates/main amd64 libcurl3-gnutls amd64 7.81.0-1ubuntu1.23 [284 kB]
2026-03-12T23:03:50.7817010Z Get:129 http://archive.ubuntu.com/ubuntu jammy/main amd64 liberror-perl all 0.17029-1 [26.5 kB]
2026-03-12T23:03:50.7818236Z Get:130 http://archive.ubuntu.com/ubuntu jammy-updates/main amd64 git-man all 1:2.34.1-1ubuntu1.17 [954 kB]
2026-03-12T23:03:50.7942881Z Get:131 http://archive.ubuntu.com/ubuntu jammy-updates/main amd64 git amd64 1:2.34.1-1ubuntu1.17 [3174 kB]
2026-03-12T23:03:50.9401164Z Get:132 http://archive.ubuntu.com/ubuntu jammy-updates/main amd64 gnupg-l10n all 2.2.27-3ubuntu2.5 [54.5 kB]
2026-03-12T23:03:50.9406021Z Get:133 http://archive.ubuntu.com/ubuntu jammy-updates/main amd64 gnupg-utils amd64 2.2.27-3ubuntu2.5 [309 kB]
2026-03-12T23:03:50.9450120Z Get:134 http://archive.ubuntu.com/ubuntu jammy-updates/main amd64 gpg amd64 2.2.27-3ubuntu2.5 [519 kB]
2026-03-12T23:03:50.9513987Z Get:135 http://archive.ubuntu.com/ubuntu jammy/main amd64 pinentry-curses amd64 1.1.1-1build2 [34.4 kB]
2026-03-12T23:03:50.9520843Z Get:136 http://archive.ubuntu.com/ubuntu jammy-updates/main amd64 gpg-agent amd64 2.2.27-3ubuntu2.5 [209 kB]
2026-03-12T23:03:50.9543565Z Get:137 http://archive.ubuntu.com/ubuntu jammy-updates/main amd64 gpg-wks-client amd64 2.2.27-3ubuntu2.5 [62.7 kB]
2026-03-12T23:03:51.0986759Z Get:138 http://archive.ubuntu.com/ubuntu jammy-updates/main amd64 gpg-wks-server amd64 2.2.27-3ubuntu2.5 [57.6 kB]
2026-03-12T23:03:51.0993497Z Get:139 http://archive.ubuntu.com/ubuntu jammy-updates/main amd64 gpgsm amd64 2.2.27-3ubuntu2.5 [197 kB]
2026-03-12T23:03:51.1015599Z Get:140 http://archive.ubuntu.com/ubuntu jammy-updates/main amd64 gnupg all 2.2.27-3ubuntu2.5 [315 kB]
2026-03-12T23:03:51.2589707Z Get:141 http://archive.ubuntu.com/ubuntu jammy/main amd64 icu-devtools amd64 70.1-2 [197 kB]
2026-03-12T23:03:51.2610506Z Get:142 http://archive.ubuntu.com/ubuntu jammy/main amd64 libalgorithm-diff-perl all 1.201-1 [41.8 kB]
2026-03-12T23:03:51.2617162Z Get:143 http://archive.ubuntu.com/ubuntu jammy/main amd64 libalgorithm-diff-xs-perl amd64 0.04-6build3 [11.9 kB]
2026-03-12T23:03:51.2622349Z Get:144 http://archive.ubuntu.com/ubuntu jammy/main amd64 libalgorithm-merge-perl all 0.08-3 [12.0 kB]
2026-03-12T23:03:51.2623572Z Get:145 http://archive.ubuntu.com/ubuntu jammy-updates/main amd64 libfreetype6 amd64 2.11.1+dfsg-1ubuntu0.3 [388 kB]
2026-03-12T23:03:51.2668902Z Get:146 http://archive.ubuntu.com/ubuntu jammy/main amd64 libfontconfig1 amd64 2.13.1-4.2ubuntu5 [131 kB]
2026-03-12T23:03:51.2684749Z Get:147 http://archive.ubuntu.com/ubuntu jammy/main amd64 libjpeg-turbo8 amd64 2.1.2-0ubuntu1 [134 kB]
2026-03-12T23:03:51.4195159Z Get:148 http://archive.ubuntu.com/ubuntu jammy/main amd64 libjpeg8 amd64 8c-2ubuntu10 [2264 B]
2026-03-12T23:03:51.4199581Z Get:149 http://archive.ubuntu.com/ubuntu jammy/main amd64 libdeflate0 amd64 1.10-2 [70.9 kB]
2026-03-12T23:03:51.4207879Z Get:150 http://archive.ubuntu.com/ubuntu jammy-updates/main amd64 libjbig0 amd64 2.1-3.1ubuntu0.22.04.1 [29.2 kB]
2026-03-12T23:03:51.5799670Z Get:151 http://archive.ubuntu.com/ubuntu jammy-updates/main amd64 libwebp7 amd64 1.2.2-2ubuntu0.22.04.2 [206 kB]
2026-03-12T23:03:51.5817986Z Get:152 http://archive.ubuntu.com/ubuntu jammy-updates/main amd64 libtiff5 amd64 4.3.0-6ubuntu0.12 [185 kB]
2026-03-12T23:03:51.5842756Z Get:153 http://archive.ubuntu.com/ubuntu jammy-updates/main amd64 libxpm4 amd64 1:3.5.12-1ubuntu0.22.04.2 [36.7 kB]
2026-03-12T23:03:51.5848710Z Get:154 http://archive.ubuntu.com/ubuntu jammy-updates/main amd64 libgd3 amd64 2.3.0-2ubuntu2.3 [129 kB]
2026-03-12T23:03:51.5864393Z Get:155 http://archive.ubuntu.com/ubuntu jammy-updates/main amd64 libc-devtools amd64 2.35-0ubuntu3.13 [29.0 kB]
2026-03-12T23:03:51.5869739Z Get:156 http://archive.ubuntu.com/ubuntu jammy-updates/main amd64 libcurl4-openssl-dev amd64 7.81.0-1ubuntu1.23 [386 kB]
2026-03-12T23:03:51.5919447Z Get:157 http://archive.ubuntu.com/ubuntu jammy/main amd64 libfile-fcntllock-perl amd64 0.22-3build7 [33.9 kB]
2026-03-12T23:03:51.7405691Z Get:158 http://archive.ubuntu.com/ubuntu jammy/main amd64 libicu-dev amd64 70.1-2 [11.6 MB]
2026-03-12T23:03:52.1009434Z Get:159 http://archive.ubuntu.com/ubuntu jammy-updates/main amd64 libldap-common all 2.5.20+dfsg-0ubuntu0.22.04.1 [16.4 kB]
2026-03-12T23:03:52.1011627Z Get:160 http://archive.ubuntu.com/ubuntu jammy-updates/main amd64 libsasl2-modules amd64 2.1.27+dfsg2-3ubuntu1.2 [68.8 kB]
2026-03-12T23:03:52.1018425Z Get:161 http://archive.ubuntu.com/ubuntu jammy-updates/main amd64 libssl-dev amd64 3.0.2-0ubuntu1.21 [2375 kB]
2026-03-12T23:03:52.2571933Z Get:162 http://archive.ubuntu.com/ubuntu jammy-updates/main amd64 libxml2-dev amd64 2.9.13+dfsg-1ubuntu0.11 [805 kB]
2026-03-12T23:03:52.2867185Z Get:163 http://archive.ubuntu.com/ubuntu jammy/main amd64 manpages-dev all 5.10-1ubuntu1 [2309 kB]
2026-03-12T23:03:52.3721458Z Get:164 http://archive.ubuntu.com/ubuntu jammy/universe amd64 ninja-build amd64 1.10.1-1 [111 kB]
2026-03-12T23:03:52.3750592Z Get:165 http://archive.ubuntu.com/ubuntu jammy/main amd64 pkg-config amd64 0.29.2-1ubuntu3 [48.2 kB]
2026-03-12T23:03:52.4926316Z debconf: delaying package configuration, since apt-utils is not installed
2026-03-12T23:03:52.5160784Z Fetched 136 MB in 10s (13.9 MB/s)
2026-03-12T23:03:52.5264609Z Selecting previously unselected package liblocale-gettext-perl.
2026-03-12T23:03:52.5274842Z (Reading database ...
2026-03-12T23:03:52.5276359Z (Reading database ... 5%
2026-03-12T23:03:52.5277000Z (Reading database ... 10%
2026-03-12T23:03:52.5277422Z (Reading database ... 15%
2026-03-12T23:03:52.5277899Z (Reading database ... 20%
2026-03-12T23:03:52.5278288Z (Reading database ... 25%
2026-03-12T23:03:52.5278558Z (Reading database ... 30%
2026-03-12T23:03:52.5278789Z (Reading database ... 35%
2026-03-12T23:03:52.5279435Z (Reading database ... 40%
2026-03-12T23:03:52.5279677Z (Reading database ... 45%
2026-03-12T23:03:52.5281040Z (Reading database ... 50%
2026-03-12T23:03:52.5281304Z (Reading database ... 55%
2026-03-12T23:03:52.5281515Z (Reading database ... 60%
2026-03-12T23:03:52.5281792Z (Reading database ... 65%
2026-03-12T23:03:52.5289095Z (Reading database ... 70%
2026-03-12T23:03:52.5310336Z (Reading database ... 75%
2026-03-12T23:03:52.5314385Z (Reading database ... 80%
2026-03-12T23:03:52.5317984Z (Reading database ... 85%
2026-03-12T23:03:52.5321519Z (Reading database ... 90%
2026-03-12T23:03:52.5325306Z (Reading database ... 95%
2026-03-12T23:03:52.5325689Z (Reading database ... 100%
2026-03-12T23:03:52.5326221Z (Reading database ... 6277 files and directories currently installed.)
2026-03-12T23:03:52.5330385Z Preparing to unpack .../liblocale-gettext-perl_1.07-4build3_amd64.deb ...
2026-03-12T23:03:52.5343335Z Unpacking liblocale-gettext-perl (1.07-4build3) ...
2026-03-12T23:03:52.5534671Z Selecting previously unselected package libpython3.10-minimal:amd64.
2026-03-12T23:03:52.5545977Z Preparing to unpack .../libpython3.10-minimal_3.10.12-1~22.04.15_amd64.deb ...
2026-03-12T23:03:52.5573281Z Unpacking libpython3.10-minimal:amd64 (3.10.12-1~22.04.15) ...
2026-03-12T23:03:52.6292769Z Selecting previously unselected package libexpat1:amd64.
2026-03-12T23:03:52.6304838Z Preparing to unpack .../libexpat1_2.4.7-1ubuntu0.7_amd64.deb ...
2026-03-12T23:03:52.6325125Z Unpacking libexpat1:amd64 (2.4.7-1ubuntu0.7) ...
2026-03-12T23:03:52.6504567Z Selecting previously unselected package python3.10-minimal.
2026-03-12T23:03:52.6515921Z Preparing to unpack .../python3.10-minimal_3.10.12-1~22.04.15_amd64.deb ...
2026-03-12T23:03:52.6553677Z Unpacking python3.10-minimal (3.10.12-1~22.04.15) ...
2026-03-12T23:03:52.6979811Z Setting up libpython3.10-minimal:amd64 (3.10.12-1~22.04.15) ...
2026-03-12T23:03:52.7034717Z Setting up libexpat1:amd64 (2.4.7-1ubuntu0.7) ...
2026-03-12T23:03:52.7073175Z Setting up python3.10-minimal (3.10.12-1~22.04.15) ...
2026-03-12T23:03:53.2329865Z Selecting previously unselected package python3-minimal.
2026-03-12T23:03:53.2340270Z (Reading database ...
2026-03-12T23:03:53.2340572Z (Reading database ... 5%
2026-03-12T23:03:53.2340798Z (Reading database ... 10%
2026-03-12T23:03:53.2341028Z (Reading database ... 15%
2026-03-12T23:03:53.2341234Z (Reading database ... 20%
2026-03-12T23:03:53.2341444Z (Reading database ... 25%
2026-03-12T23:03:53.2341679Z (Reading database ... 30%
2026-03-12T23:03:53.2342032Z (Reading database ... 35%
2026-03-12T23:03:53.2342403Z (Reading database ... 40%
2026-03-12T23:03:53.2342765Z (Reading database ... 45%
2026-03-12T23:03:53.2343149Z (Reading database ... 50%
2026-03-12T23:03:53.2343510Z (Reading database ... 55%
2026-03-12T23:03:53.2343892Z (Reading database ... 60%
2026-03-12T23:03:53.2344187Z (Reading database ... 65%
2026-03-12T23:03:53.2355442Z (Reading database ... 70%
2026-03-12T23:03:53.2376388Z (Reading database ... 75%
2026-03-12T23:03:53.2380448Z (Reading database ... 80%
2026-03-12T23:03:53.2384268Z (Reading database ... 85%
2026-03-12T23:03:53.2387671Z (Reading database ... 90%
2026-03-12T23:03:53.2391773Z (Reading database ... 95%
2026-03-12T23:03:53.2392145Z (Reading database ... 100%
2026-03-12T23:03:53.2392682Z (Reading database ... 6595 files and directories currently installed.)
2026-03-12T23:03:53.2396683Z Preparing to unpack .../python3-minimal_3.10.6-1~22.04.1_amd64.deb ...
2026-03-12T23:03:53.2409768Z Unpacking python3-minimal (3.10.6-1~22.04.1) ...
2026-03-12T23:03:53.2581812Z Selecting previously unselected package media-types.
2026-03-12T23:03:53.2592311Z Preparing to unpack .../media-types_7.0.0_all.deb ...
2026-03-12T23:03:53.2606906Z Unpacking media-types (7.0.0) ...
2026-03-12T23:03:53.2758707Z Preparing to unpack .../gcc-12-base_12.3.0-1ubuntu1~22.04.3_amd64.deb ...
2026-03-12T23:03:53.2794476Z Unpacking gcc-12-base:amd64 (12.3.0-1ubuntu1~22.04.3) over (12.3.0-1ubuntu1~22.04.2) ...
2026-03-12T23:03:53.3003791Z Setting up gcc-12-base:amd64 (12.3.0-1ubuntu1~22.04.3) ...
2026-03-12T23:03:53.3184519Z (Reading database ...
2026-03-12T23:03:53.3186020Z (Reading database ... 5%
2026-03-12T23:03:53.3186415Z (Reading database ... 10%
2026-03-12T23:03:53.3186792Z (Reading database ... 15%
2026-03-12T23:03:53.3187148Z (Reading database ... 20%
2026-03-12T23:03:53.3187510Z (Reading database ... 25%
2026-03-12T23:03:53.3187853Z (Reading database ... 30%
2026-03-12T23:03:53.3188246Z (Reading database ... 35%
2026-03-12T23:03:53.3188602Z (Reading database ... 40%
2026-03-12T23:03:53.3188970Z (Reading database ... 45%
2026-03-12T23:03:53.3189320Z (Reading database ... 50%
2026-03-12T23:03:53.3189657Z (Reading database ... 55%
2026-03-12T23:03:53.3190204Z (Reading database ... 60%
2026-03-12T23:03:53.3192173Z (Reading database ... 65%
2026-03-12T23:03:53.3192576Z (Reading database ... 70%
2026-03-12T23:03:53.3205669Z (Reading database ... 75%
2026-03-12T23:03:53.3209617Z (Reading database ... 80%
2026-03-12T23:03:53.3213637Z (Reading database ... 85%
2026-03-12T23:03:53.3217302Z (Reading database ... 90%
2026-03-12T23:03:53.3221735Z (Reading database ... 95%
2026-03-12T23:03:53.3222356Z (Reading database ... 100%
2026-03-12T23:03:53.3222799Z (Reading database ... 6622 files and directories currently installed.)
2026-03-12T23:03:53.3228304Z Preparing to unpack .../libgcc-s1_12.3.0-1ubuntu1~22.04.3_amd64.deb ...
2026-03-12T23:03:53.3269716Z Unpacking libgcc-s1:amd64 (12.3.0-1ubuntu1~22.04.3) over (12.3.0-1ubuntu1~22.04.2) ...
2026-03-12T23:03:53.3459661Z Setting up libgcc-s1:amd64 (12.3.0-1ubuntu1~22.04.3) ...
2026-03-12T23:03:53.3665358Z (Reading database ...
2026-03-12T23:03:53.3665784Z (Reading database ... 5%
2026-03-12T23:03:53.3666168Z (Reading database ... 10%
2026-03-12T23:03:53.3666562Z (Reading database ... 15%
2026-03-12T23:03:53.3666939Z (Reading database ... 20%
2026-03-12T23:03:53.3667307Z (Reading database ... 25%
2026-03-12T23:03:53.3667686Z (Reading database ... 30%
2026-03-12T23:03:53.3668064Z (Reading database ... 35%
2026-03-12T23:03:53.3668469Z (Reading database ... 40%
2026-03-12T23:03:53.3668908Z (Reading database ... 45%
2026-03-12T23:03:53.3669295Z (Reading database ... 50%
2026-03-12T23:03:53.3669668Z (Reading database ... 55%
2026-03-12T23:03:53.3670216Z (Reading database ... 60%
2026-03-12T23:03:53.3672435Z (Reading database ... 65%
2026-03-12T23:03:53.3682766Z (Reading database ... 70%
2026-03-12T23:03:53.3703949Z (Reading database ... 75%
2026-03-12T23:03:53.3708283Z (Reading database ... 80%
2026-03-12T23:03:53.3712512Z (Reading database ... 85%
2026-03-12T23:03:53.3715640Z (Reading database ... 90%
2026-03-12T23:03:53.3719569Z (Reading database ... 95%
2026-03-12T23:03:53.3720103Z (Reading database ... 100%
2026-03-12T23:03:53.3720652Z (Reading database ... 6622 files and directories currently installed.)
2026-03-12T23:03:53.3725673Z Preparing to unpack .../libstdc++6_12.3.0-1ubuntu1~22.04.3_amd64.deb ...
2026-03-12T23:03:53.3868786Z Unpacking libstdc++6:amd64 (12.3.0-1ubuntu1~22.04.3) over (12.3.0-1ubuntu1~22.04.2) ...
2026-03-12T23:03:53.4259157Z Setting up libstdc++6:amd64 (12.3.0-1ubuntu1~22.04.3) ...
2026-03-12T23:03:53.4621910Z Selecting previously unselected package libmpdec3:amd64.
2026-03-12T23:03:53.4633293Z (Reading database ...
2026-03-12T23:03:53.4633697Z (Reading database ... 5%
2026-03-12T23:03:53.4634170Z (Reading database ... 10%
2026-03-12T23:03:53.4634678Z (Reading database ... 15%
2026-03-12T23:03:53.4635037Z (Reading database ... 20%
2026-03-12T23:03:53.4635494Z (Reading database ... 25%
2026-03-12T23:03:53.4635833Z (Reading database ... 30%
2026-03-12T23:03:53.4636356Z (Reading database ... 35%
2026-03-12T23:03:53.4636699Z (Reading database ... 40%
2026-03-12T23:03:53.4637190Z (Reading database ... 45%
2026-03-12T23:03:53.4637472Z (Reading database ... 50%
2026-03-12T23:03:53.4637690Z (Reading database ... 55%
2026-03-12T23:03:53.4638025Z (Reading database ... 60%
2026-03-12T23:03:53.4638374Z (Reading database ... 65%
2026-03-12T23:03:53.4639853Z (Reading database ... 70%
2026-03-12T23:03:53.4653525Z (Reading database ... 75%
2026-03-12T23:03:53.4658041Z (Reading database ... 80%
2026-03-12T23:03:53.4662027Z (Reading database ... 85%
2026-03-12T23:03:53.4665612Z (Reading database ... 90%
2026-03-12T23:03:53.4669569Z (Reading database ... 95%
2026-03-12T23:03:53.4669900Z (Reading database ... 100%
2026-03-12T23:03:53.4670575Z (Reading database ... 6622 files and directories currently installed.)
2026-03-12T23:03:53.4675755Z Preparing to unpack .../libmpdec3_2.5.1-2build2_amd64.deb ...
2026-03-12T23:03:53.4693333Z Unpacking libmpdec3:amd64 (2.5.1-2build2) ...
2026-03-12T23:03:53.4851446Z Selecting previously unselected package readline-common.
2026-03-12T23:03:53.4862336Z Preparing to unpack .../readline-common_8.1.2-1_all.deb ...
2026-03-12T23:03:53.4873891Z Unpacking readline-common (8.1.2-1) ...
2026-03-12T23:03:53.5037681Z Selecting previously unselected package libreadline8:amd64.
2026-03-12T23:03:53.5048655Z Preparing to unpack .../libreadline8_8.1.2-1_amd64.deb ...
2026-03-12T23:03:53.5059227Z Unpacking libreadline8:amd64 (8.1.2-1) ...
2026-03-12T23:03:53.5224325Z Selecting previously unselected package libsqlite3-0:amd64.
2026-03-12T23:03:53.5235826Z Preparing to unpack .../libsqlite3-0_3.37.2-2ubuntu0.5_amd64.deb ...
2026-03-12T23:03:53.5248299Z Unpacking libsqlite3-0:amd64 (3.37.2-2ubuntu0.5) ...
2026-03-12T23:03:53.5476255Z Preparing to unpack .../libuuid1_2.37.2-4ubuntu3.5_amd64.deb ...
2026-03-12T23:03:53.5508296Z Unpacking libuuid1:amd64 (2.37.2-4ubuntu3.5) over (2.37.2-4ubuntu3.4) ...
2026-03-12T23:03:53.5708895Z Setting up libuuid1:amd64 (2.37.2-4ubuntu3.5) ...
2026-03-12T23:03:53.5873517Z Selecting previously unselected package libpython3.10-stdlib:amd64.
2026-03-12T23:03:53.5885896Z (Reading database ...
2026-03-12T23:03:53.5886495Z (Reading database ... 5%
2026-03-12T23:03:53.5887008Z (Reading database ... 10%
2026-03-12T23:03:53.5887355Z (Reading database ... 15%
2026-03-12T23:03:53.5887618Z (Reading database ... 20%
2026-03-12T23:03:53.5887838Z (Reading database ... 25%
2026-03-12T23:03:53.5888125Z (Reading database ... 30%
2026-03-12T23:03:53.5888379Z (Reading database ... 35%
2026-03-12T23:03:53.5888629Z (Reading database ... 40%
2026-03-12T23:03:53.5889034Z (Reading database ... 45%
2026-03-12T23:03:53.5889423Z (Reading database ... 50%
2026-03-12T23:03:53.5889843Z (Reading database ... 55%
2026-03-12T23:03:53.5890422Z (Reading database ... 60%
2026-03-12T23:03:53.5890957Z (Reading database ... 65%
2026-03-12T23:03:53.5904458Z (Reading database ... 70%
2026-03-12T23:03:53.5926828Z (Reading database ... 75%
2026-03-12T23:03:53.5932577Z (Reading database ... 80%
2026-03-12T23:03:53.5936572Z (Reading database ... 85%
2026-03-12T23:03:53.5940145Z (Reading database ... 90%
2026-03-12T23:03:53.5944947Z (Reading database ... 95%
2026-03-12T23:03:53.5945334Z (Reading database ... 100%
2026-03-12T23:03:53.5945928Z (Reading database ... 6657 files and directories currently installed.)
2026-03-12T23:03:53.5950439Z Preparing to unpack .../libpython3.10-stdlib_3.10.12-1~22.04.15_amd64.deb ...
2026-03-12T23:03:53.5963725Z Unpacking libpython3.10-stdlib:amd64 (3.10.12-1~22.04.15) ...
2026-03-12T23:03:53.6845419Z Selecting previously unselected package python3.10.
2026-03-12T23:03:53.6857844Z Preparing to unpack .../python3.10_3.10.12-1~22.04.15_amd64.deb ...
2026-03-12T23:03:53.6868359Z Unpacking python3.10 (3.10.12-1~22.04.15) ...
2026-03-12T23:03:53.7030864Z Selecting previously unselected package libpython3-stdlib:amd64.
2026-03-12T23:03:53.7041762Z Preparing to unpack .../libpython3-stdlib_3.10.6-1~22.04.1_amd64.deb ...
2026-03-12T23:03:53.7051678Z Unpacking libpython3-stdlib:amd64 (3.10.6-1~22.04.1) ...
2026-03-12T23:03:53.7203474Z Setting up python3-minimal (3.10.6-1~22.04.1) ...
2026-03-12T23:03:53.8552470Z Selecting previously unselected package python3.
2026-03-12T23:03:53.8563412Z (Reading database ...
2026-03-12T23:03:53.8563866Z (Reading database ... 5%
2026-03-12T23:03:53.8564250Z (Reading database ... 10%
2026-03-12T23:03:53.8564643Z (Reading database ... 15%
2026-03-12T23:03:53.8565367Z (Reading database ... 20%
2026-03-12T23:03:53.8565749Z (Reading database ... 25%
2026-03-12T23:03:53.8566119Z (Reading database ... 30%
2026-03-12T23:03:53.8566490Z (Reading database ... 35%
2026-03-12T23:03:53.8566852Z (Reading database ... 40%
2026-03-12T23:03:53.8567226Z (Reading database ... 45%
2026-03-12T23:03:53.8567606Z (Reading database ... 50%
2026-03-12T23:03:53.8567971Z (Reading database ... 55%
2026-03-12T23:03:53.8568345Z (Reading database ... 60%
2026-03-12T23:03:53.8570698Z (Reading database ... 65%
2026-03-12T23:03:53.8589749Z (Reading database ... 70%
2026-03-12T23:03:53.8591485Z (Reading database ... 75%
2026-03-12T23:03:53.8596812Z (Reading database ... 80%
2026-03-12T23:03:53.8601380Z (Reading database ... 85%
2026-03-12T23:03:53.8604849Z (Reading database ... 90%
2026-03-12T23:03:53.8609276Z (Reading database ... 95%
2026-03-12T23:03:53.8609636Z (Reading database ... 100%
2026-03-12T23:03:53.8610346Z (Reading database ... 7025 files and directories currently installed.)
2026-03-12T23:03:53.8615314Z Preparing to unpack .../000-python3_3.10.6-1~22.04.1_amd64.deb ...
2026-03-12T23:03:53.8651012Z Unpacking python3 (3.10.6-1~22.04.1) ...
2026-03-12T23:03:53.8829586Z Selecting previously unselected package perl-modules-5.34.
2026-03-12T23:03:53.8841093Z Preparing to unpack .../001-perl-modules-5.34_5.34.0-3ubuntu1.5_all.deb ...
2026-03-12T23:03:53.8851442Z Unpacking perl-modules-5.34 (5.34.0-3ubuntu1.5) ...
2026-03-12T23:03:54.1548673Z Selecting previously unselected package libgdbm6:amd64.
2026-03-12T23:03:54.1562856Z Preparing to unpack .../002-libgdbm6_1.23-1_amd64.deb ...
2026-03-12T23:03:54.1573441Z Unpacking libgdbm6:amd64 (1.23-1) ...
2026-03-12T23:03:54.1753192Z Selecting previously unselected package libgdbm-compat4:amd64.
2026-03-12T23:03:54.1766527Z Preparing to unpack .../003-libgdbm-compat4_1.23-1_amd64.deb ...
2026-03-12T23:03:54.1776892Z Unpacking libgdbm-compat4:amd64 (1.23-1) ...
2026-03-12T23:03:54.1926220Z Selecting previously unselected package libperl5.34:amd64.
2026-03-12T23:03:54.1939517Z Preparing to unpack .../004-libperl5.34_5.34.0-3ubuntu1.5_amd64.deb ...
2026-03-12T23:03:54.1948997Z Unpacking libperl5.34:amd64 (5.34.0-3ubuntu1.5) ...
2026-03-12T23:03:54.3661597Z Selecting previously unselected package perl.
2026-03-12T23:03:54.3675812Z Preparing to unpack .../005-perl_5.34.0-3ubuntu1.5_amd64.deb ...
2026-03-12T23:03:54.3727419Z Unpacking perl (5.34.0-3ubuntu1.5) ...
2026-03-12T23:03:54.3966654Z Selecting previously unselected package openssl.
2026-03-12T23:03:54.3980841Z Preparing to unpack .../006-openssl_3.0.2-0ubuntu1.21_amd64.deb ...
2026-03-12T23:03:54.3989893Z Unpacking openssl (3.0.2-0ubuntu1.21) ...
2026-03-12T23:03:54.4373040Z Selecting previously unselected package ca-certificates.
2026-03-12T23:03:54.4387446Z Preparing to unpack .../007-ca-certificates_20240203~22.04.1_all.deb ...
2026-03-12T23:03:54.4396765Z Unpacking ca-certificates (20240203~22.04.1) ...
2026-03-12T23:03:54.4793993Z Selecting previously unselected package distro-info-data.
2026-03-12T23:03:54.4807962Z Preparing to unpack .../008-distro-info-data_0.52ubuntu0.11_all.deb ...
2026-03-12T23:03:54.4818199Z Unpacking distro-info-data (0.52ubuntu0.11) ...
2026-03-12T23:03:54.4960610Z Selecting previously unselected package less.
2026-03-12T23:03:54.4974990Z Preparing to unpack .../009-less_590-1ubuntu0.22.04.3_amd64.deb ...
2026-03-12T23:03:54.5000503Z Unpacking less (590-1ubuntu0.22.04.3) ...
2026-03-12T23:03:54.5178791Z Selecting previously unselected package libmd0:amd64.
2026-03-12T23:03:54.5193164Z Preparing to unpack .../010-libmd0_1.0.4-1build1_amd64.deb ...
2026-03-12T23:03:54.5205353Z Unpacking libmd0:amd64 (1.0.4-1build1) ...
2026-03-12T23:03:54.5361409Z Selecting previously unselected package libbsd0:amd64.
2026-03-12T23:03:54.5375550Z Preparing to unpack .../011-libbsd0_0.11.5-1_amd64.deb ...
2026-03-12T23:03:54.5387290Z Unpacking libbsd0:amd64 (0.11.5-1) ...
2026-03-12T23:03:54.5552423Z Selecting previously unselected package libglib2.0-0:amd64.
2026-03-12T23:03:54.5567306Z Preparing to unpack .../012-libglib2.0-0_2.72.4-0ubuntu2.9_amd64.deb ...
2026-03-12T23:03:54.5577015Z Unpacking libglib2.0-0:amd64 (2.72.4-0ubuntu2.9) ...
2026-03-12T23:03:54.5887351Z Selecting previously unselected package libglib2.0-data.
2026-03-12T23:03:54.5901389Z Preparing to unpack .../013-libglib2.0-data_2.72.4-0ubuntu2.9_all.deb ...
2026-03-12T23:03:54.5912757Z Unpacking libglib2.0-data (2.72.4-0ubuntu2.9) ...
2026-03-12T23:03:54.6048799Z Selecting previously unselected package libicu70:amd64.
2026-03-12T23:03:54.6062732Z Preparing to unpack .../014-libicu70_70.1-2_amd64.deb ...
2026-03-12T23:03:54.6074300Z Unpacking libicu70:amd64 (70.1-2) ...
2026-03-12T23:03:54.7431832Z Selecting previously unselected package libxml2:amd64.
2026-03-12T23:03:54.7445450Z Preparing to unpack .../015-libxml2_2.9.13+dfsg-1ubuntu0.11_amd64.deb ...
2026-03-12T23:03:54.7456422Z Unpacking libxml2:amd64 (2.9.13+dfsg-1ubuntu0.11) ...
2026-03-12T23:03:54.7668271Z Selecting previously unselected package lsb-release.
2026-03-12T23:03:54.7682454Z Preparing to unpack .../016-lsb-release_11.1.0ubuntu4_all.deb ...
2026-03-12T23:03:54.7709332Z Unpacking lsb-release (11.1.0ubuntu4) ...
2026-03-12T23:03:54.7875469Z Selecting previously unselected package netbase.
2026-03-12T23:03:54.7889868Z Preparing to unpack .../017-netbase_6.3_all.deb ...
2026-03-12T23:03:54.7901951Z Unpacking netbase (6.3) ...
2026-03-12T23:03:54.8048821Z Selecting previously unselected package shared-mime-info.
2026-03-12T23:03:54.8064521Z Preparing to unpack .../018-shared-mime-info_2.1-2_amd64.deb ...
2026-03-12T23:03:54.8074215Z Unpacking shared-mime-info (2.1-2) ...
2026-03-12T23:03:54.8350946Z Selecting previously unselected package ucf.
2026-03-12T23:03:54.8365608Z Preparing to unpack .../019-ucf_3.0043_all.deb ...
2026-03-12T23:03:54.8386341Z Moving old data out of the way
2026-03-12T23:03:54.8398651Z Unpacking ucf (3.0043) ...
2026-03-12T23:03:54.8594766Z Selecting previously unselected package xdg-user-dirs.
2026-03-12T23:03:54.8609773Z Preparing to unpack .../020-xdg-user-dirs_0.17-2ubuntu4_amd64.deb ...
2026-03-12T23:03:54.8651213Z Unpacking xdg-user-dirs (0.17-2ubuntu4) ...
2026-03-12T23:03:54.9171971Z Selecting previously unselected package libmagic-mgc.
2026-03-12T23:03:54.9187608Z Preparing to unpack .../021-libmagic-mgc_1%3a5.41-3ubuntu0.1_amd64.deb ...
2026-03-12T23:03:54.9196559Z Unpacking libmagic-mgc (1:5.41-3ubuntu0.1) ...
2026-03-12T23:03:54.9551487Z Selecting previously unselected package libmagic1:amd64.
2026-03-12T23:03:54.9566187Z Preparing to unpack .../022-libmagic1_1%3a5.41-3ubuntu0.1_amd64.deb ...
2026-03-12T23:03:54.9578034Z Unpacking libmagic1:amd64 (1:5.41-3ubuntu0.1) ...
2026-03-12T23:03:54.9736420Z Selecting previously unselected package file.
2026-03-12T23:03:54.9750694Z Preparing to unpack .../023-file_1%3a5.41-3ubuntu0.1_amd64.deb ...
2026-03-12T23:03:54.9761737Z Unpacking file (1:5.41-3ubuntu0.1) ...
2026-03-12T23:03:54.9942137Z Selecting previously unselected package libcbor0.8:amd64.
2026-03-12T23:03:54.9956959Z Preparing to unpack .../024-libcbor0.8_0.8.0-2ubuntu1_amd64.deb ...
2026-03-12T23:03:54.9966899Z Unpacking libcbor0.8:amd64 (0.8.0-2ubuntu1) ...
2026-03-12T23:03:55.0123510Z Selecting previously unselected package libedit2:amd64.
2026-03-12T23:03:55.0137928Z Preparing to unpack .../025-libedit2_3.1-20210910-1build1_amd64.deb ...
2026-03-12T23:03:55.0148374Z Unpacking libedit2:amd64 (3.1-20210910-1build1) ...
2026-03-12T23:03:55.0314840Z Selecting previously unselected package libfido2-1:amd64.
2026-03-12T23:03:55.0330355Z Preparing to unpack .../026-libfido2-1_1.10.0-1_amd64.deb ...
2026-03-12T23:03:55.0340781Z Unpacking libfido2-1:amd64 (1.10.0-1) ...
2026-03-12T23:03:55.0504594Z Selecting previously unselected package libnghttp2-14:amd64.
2026-03-12T23:03:55.0519549Z Preparing to unpack .../027-libnghttp2-14_1.43.0-1ubuntu0.2_amd64.deb ...
2026-03-12T23:03:55.0536367Z Unpacking libnghttp2-14:amd64 (1.43.0-1ubuntu0.2) ...
2026-03-12T23:03:55.0686034Z Selecting previously unselected package libpng16-16:amd64.
2026-03-12T23:03:55.0701455Z Preparing to unpack .../028-libpng16-16_1.6.37-3ubuntu0.4_amd64.deb ...
2026-03-12T23:03:55.0714276Z Unpacking libpng16-16:amd64 (1.6.37-3ubuntu0.4) ...
2026-03-12T23:03:55.0876182Z Selecting previously unselected package libpsl5:amd64.
2026-03-12T23:03:55.0890832Z Preparing to unpack .../029-libpsl5_0.21.0-1.2build2_amd64.deb ...
2026-03-12T23:03:55.0903016Z Unpacking libpsl5:amd64 (0.21.0-1.2build2) ...
2026-03-12T23:03:55.1055551Z Selecting previously unselected package libuv1:amd64.
2026-03-12T23:03:55.1070766Z Preparing to unpack .../030-libuv1_1.43.0-1ubuntu0.1_amd64.deb ...
2026-03-12T23:03:55.1083556Z Unpacking libuv1:amd64 (1.43.0-1ubuntu0.1) ...
2026-03-12T23:03:55.1262941Z Selecting previously unselected package libxau6:amd64.
2026-03-12T23:03:55.1278020Z Preparing to unpack .../031-libxau6_1%3a1.0.9-1build5_amd64.deb ...
2026-03-12T23:03:55.1287819Z Unpacking libxau6:amd64 (1:1.0.9-1build5) ...
2026-03-12T23:03:55.1435684Z Selecting previously unselected package libxdmcp6:amd64.
2026-03-12T23:03:55.1450338Z Preparing to unpack .../032-libxdmcp6_1%3a1.1.3-0ubuntu5_amd64.deb ...
2026-03-12T23:03:55.1459693Z Unpacking libxdmcp6:amd64 (1:1.1.3-0ubuntu5) ...
2026-03-12T23:03:55.1612081Z Selecting previously unselected package libxcb1:amd64.
2026-03-12T23:03:55.1626995Z Preparing to unpack .../033-libxcb1_1.14-3ubuntu3_amd64.deb ...
2026-03-12T23:03:55.1637308Z Unpacking libxcb1:amd64 (1.14-3ubuntu3) ...
2026-03-12T23:03:55.1782098Z Selecting previously unselected package libx11-data.
2026-03-12T23:03:55.1796011Z Preparing to unpack .../034-libx11-data_2%3a1.7.5-1ubuntu0.3_all.deb ...
2026-03-12T23:03:55.1810289Z Unpacking libx11-data (2:1.7.5-1ubuntu0.3) ...
2026-03-12T23:03:55.2351571Z Selecting previously unselected package libx11-6:amd64.
2026-03-12T23:03:55.2367073Z Preparing to unpack .../035-libx11-6_2%3a1.7.5-1ubuntu0.3_amd64.deb ...
2026-03-12T23:03:55.2377363Z Unpacking libx11-6:amd64 (2:1.7.5-1ubuntu0.3) ...
2026-03-12T23:03:55.2583685Z Selecting previously unselected package libxext6:amd64.
2026-03-12T23:03:55.2598180Z Preparing to unpack .../036-libxext6_2%3a1.3.4-1build1_amd64.deb ...
2026-03-12T23:03:55.2607176Z Unpacking libxext6:amd64 (2:1.3.4-1build1) ...
2026-03-12T23:03:55.2760946Z Selecting previously unselected package libxmuu1:amd64.
2026-03-12T23:03:55.2775446Z Preparing to unpack .../037-libxmuu1_2%3a1.1.3-3_amd64.deb ...
2026-03-12T23:03:55.2785828Z Unpacking libxmuu1:amd64 (2:1.1.3-3) ...
2026-03-12T23:03:55.2925485Z Selecting previously unselected package manpages.
2026-03-12T23:03:55.2940613Z Preparing to unpack .../038-manpages_5.10-1ubuntu1_all.deb ...
2026-03-12T23:03:55.2949821Z Unpacking manpages (5.10-1ubuntu1) ...
2026-03-12T23:03:55.3803668Z Selecting previously unselected package openssh-client.
2026-03-12T23:03:55.3818986Z Preparing to unpack .../039-openssh-client_1%3a8.9p1-3ubuntu0.14_amd64.deb ...
2026-03-12T23:03:55.3873131Z Unpacking openssh-client (1:8.9p1-3ubuntu0.14) ...
2026-03-12T23:03:55.4160753Z Selecting previously unselected package publicsuffix.
2026-03-12T23:03:55.4175177Z Preparing to unpack .../040-publicsuffix_20211207.1025-1_all.deb ...
2026-03-12T23:03:55.4184989Z Unpacking publicsuffix (20211207.1025-1) ...
2026-03-12T23:03:55.4351896Z Selecting previously unselected package wget.
2026-03-12T23:03:55.4368208Z Preparing to unpack .../041-wget_1.21.2-2ubuntu1.1_amd64.deb ...
2026-03-12T23:03:55.4388339Z Unpacking wget (1.21.2-2ubuntu1.1) ...
2026-03-12T23:03:55.4565684Z Selecting previously unselected package xauth.
2026-03-12T23:03:55.4580422Z Preparing to unpack .../042-xauth_1%3a1.1-1build2_amd64.deb ...
2026-03-12T23:03:55.4590458Z Unpacking xauth (1:1.1-1build2) ...
2026-03-12T23:03:55.4781895Z Selecting previously unselected package xz-utils.
2026-03-12T23:03:55.4797321Z Preparing to unpack .../043-xz-utils_5.2.5-2ubuntu1_amd64.deb ...
2026-03-12T23:03:55.4808168Z Unpacking xz-utils (5.2.5-2ubuntu1) ...
2026-03-12T23:03:55.4982552Z Selecting previously unselected package binutils-common:amd64.
2026-03-12T23:03:55.4996537Z Preparing to unpack .../044-binutils-common_2.38-4ubuntu2.12_amd64.deb ...
2026-03-12T23:03:55.5006424Z Unpacking binutils-common:amd64 (2.38-4ubuntu2.12) ...
2026-03-12T23:03:55.5178553Z Selecting previously unselected package libbinutils:amd64.
2026-03-12T23:03:55.5193915Z Preparing to unpack .../045-libbinutils_2.38-4ubuntu2.12_amd64.deb ...
2026-03-12T23:03:55.5204088Z Unpacking libbinutils:amd64 (2.38-4ubuntu2.12) ...
2026-03-12T23:03:55.5447220Z Selecting previously unselected package libctf-nobfd0:amd64.
2026-03-12T23:03:55.5462806Z Preparing to unpack .../046-libctf-nobfd0_2.38-4ubuntu2.12_amd64.deb ...
2026-03-12T23:03:55.5486235Z Unpacking libctf-nobfd0:amd64 (2.38-4ubuntu2.12) ...
2026-03-12T23:03:55.5642583Z Selecting previously unselected package libctf0:amd64.
2026-03-12T23:03:55.5657754Z Preparing to unpack .../047-libctf0_2.38-4ubuntu2.12_amd64.deb ...
2026-03-12T23:03:55.5668405Z Unpacking libctf0:amd64 (2.38-4ubuntu2.12) ...
2026-03-12T23:03:55.5812510Z Selecting previously unselected package binutils-x86-64-linux-gnu.
2026-03-12T23:03:55.5827638Z Preparing to unpack .../048-binutils-x86-64-linux-gnu_2.38-4ubuntu2.12_amd64.deb ...
2026-03-12T23:03:55.5840737Z Unpacking binutils-x86-64-linux-gnu (2.38-4ubuntu2.12) ...
2026-03-12T23:03:55.6613263Z Selecting previously unselected package binutils.
2026-03-12T23:03:55.6628622Z Preparing to unpack .../049-binutils_2.38-4ubuntu2.12_amd64.deb ...
2026-03-12T23:03:55.6638787Z Unpacking binutils (2.38-4ubuntu2.12) ...
2026-03-12T23:03:55.6822312Z Selecting previously unselected package libc-dev-bin.
2026-03-12T23:03:55.6837969Z Preparing to unpack .../050-libc-dev-bin_2.35-0ubuntu3.13_amd64.deb ...
2026-03-12T23:03:55.6848732Z Unpacking libc-dev-bin (2.35-0ubuntu3.13) ...
2026-03-12T23:03:55.6989756Z Selecting previously unselected package linux-libc-dev:amd64.
2026-03-12T23:03:55.7004953Z Preparing to unpack .../051-linux-libc-dev_5.15.0-171.181_amd64.deb ...
2026-03-12T23:03:55.7018121Z Unpacking linux-libc-dev:amd64 (5.15.0-171.181) ...
2026-03-12T23:03:55.8900484Z Selecting previously unselected package libcrypt-dev:amd64.
2026-03-12T23:03:55.8917162Z Preparing to unpack .../052-libcrypt-dev_1%3a4.4.27-1_amd64.deb ...
2026-03-12T23:03:55.8947518Z Unpacking libcrypt-dev:amd64 (1:4.4.27-1) ...
2026-03-12T23:03:55.9106390Z Selecting previously unselected package rpcsvc-proto.
2026-03-12T23:03:55.9122113Z Preparing to unpack .../053-rpcsvc-proto_1.4.2-0ubuntu6_amd64.deb ...
2026-03-12T23:03:55.9131676Z Unpacking rpcsvc-proto (1.4.2-0ubuntu6) ...
2026-03-12T23:03:55.9314141Z Selecting previously unselected package libtirpc-dev:amd64.
2026-03-12T23:03:55.9330817Z Preparing to unpack .../054-libtirpc-dev_1.3.2-2ubuntu0.1_amd64.deb ...
2026-03-12T23:03:55.9339568Z Unpacking libtirpc-dev:amd64 (1.3.2-2ubuntu0.1) ...
2026-03-12T23:03:55.9575092Z Selecting previously unselected package libnsl-dev:amd64.
2026-03-12T23:03:55.9591629Z Preparing to unpack .../055-libnsl-dev_1.3.0-2build2_amd64.deb ...
2026-03-12T23:03:55.9603668Z Unpacking libnsl-dev:amd64 (1.3.0-2build2) ...
2026-03-12T23:03:55.9772940Z Selecting previously unselected package libc6-dev:amd64.
2026-03-12T23:03:55.9789236Z Preparing to unpack .../056-libc6-dev_2.35-0ubuntu3.13_amd64.deb ...
2026-03-12T23:03:55.9799442Z Unpacking libc6-dev:amd64 (2.35-0ubuntu3.13) ...
2026-03-12T23:03:56.1095640Z Selecting previously unselected package gcc-11-base:amd64.
2026-03-12T23:03:56.1113405Z Preparing to unpack .../057-gcc-11-base_11.4.0-1ubuntu1~22.04.3_amd64.deb ...
2026-03-12T23:03:56.1127588Z Unpacking gcc-11-base:amd64 (11.4.0-1ubuntu1~22.04.3) ...
2026-03-12T23:03:56.1291169Z Selecting previously unselected package libisl23:amd64.
2026-03-12T23:03:56.1307756Z Preparing to unpack .../058-libisl23_0.24-2build1_amd64.deb ...
2026-03-12T23:03:56.1318681Z Unpacking libisl23:amd64 (0.24-2build1) ...
2026-03-12T23:03:56.1544083Z Selecting previously unselected package libmpfr6:amd64.
2026-03-12T23:03:56.1560552Z Preparing to unpack .../059-libmpfr6_4.1.0-3build3_amd64.deb ...
2026-03-12T23:03:56.1570752Z Unpacking libmpfr6:amd64 (4.1.0-3build3) ...
2026-03-12T23:03:56.1816654Z Selecting previously unselected package libmpc3:amd64.
2026-03-12T23:03:56.1833570Z Preparing to unpack .../060-libmpc3_1.2.1-2build1_amd64.deb ...
2026-03-12T23:03:56.1844714Z Unpacking libmpc3:amd64 (1.2.1-2build1) ...
2026-03-12T23:03:56.2012809Z Selecting previously unselected package cpp-11.
2026-03-12T23:03:56.2029229Z Preparing to unpack .../061-cpp-11_11.4.0-1ubuntu1~22.04.3_amd64.deb ...
2026-03-12T23:03:56.2042675Z Unpacking cpp-11 (11.4.0-1ubuntu1~22.04.3) ...
2026-03-12T23:03:56.3248615Z Selecting previously unselected package cpp.
2026-03-12T23:03:56.3266469Z Preparing to unpack .../062-cpp_4%3a11.2.0-1ubuntu1_amd64.deb ...
2026-03-12T23:03:56.3277901Z Unpacking cpp (4:11.2.0-1ubuntu1) ...
2026-03-12T23:03:56.3453326Z Selecting previously unselected package libcc1-0:amd64.
2026-03-12T23:03:56.3470434Z Preparing to unpack .../063-libcc1-0_12.3.0-1ubuntu1~22.04.3_amd64.deb ...
2026-03-12T23:03:56.3481532Z Unpacking libcc1-0:amd64 (12.3.0-1ubuntu1~22.04.3) ...
2026-03-12T23:03:56.3653391Z Selecting previously unselected package libgomp1:amd64.
2026-03-12T23:03:56.3670454Z Preparing to unpack .../064-libgomp1_12.3.0-1ubuntu1~22.04.3_amd64.deb ...
2026-03-12T23:03:56.3681693Z Unpacking libgomp1:amd64 (12.3.0-1ubuntu1~22.04.3) ...
2026-03-12T23:03:56.3857955Z Selecting previously unselected package libitm1:amd64.
2026-03-12T23:03:56.3874591Z Preparing to unpack .../065-libitm1_12.3.0-1ubuntu1~22.04.3_amd64.deb ...
2026-03-12T23:03:56.3885338Z Unpacking libitm1:amd64 (12.3.0-1ubuntu1~22.04.3) ...
2026-03-12T23:03:56.4042571Z Selecting previously unselected package libatomic1:amd64.
2026-03-12T23:03:56.4059828Z Preparing to unpack .../066-libatomic1_12.3.0-1ubuntu1~22.04.3_amd64.deb ...
2026-03-12T23:03:56.4071317Z Unpacking libatomic1:amd64 (12.3.0-1ubuntu1~22.04.3) ...
2026-03-12T23:03:56.4240107Z Selecting previously unselected package libasan6:amd64.
2026-03-12T23:03:56.4256857Z Preparing to unpack .../067-libasan6_11.4.0-1ubuntu1~22.04.3_amd64.deb ...
2026-03-12T23:03:56.4268254Z Unpacking libasan6:amd64 (11.4.0-1ubuntu1~22.04.3) ...
2026-03-12T23:03:56.4717146Z Selecting previously unselected package liblsan0:amd64.
2026-03-12T23:03:56.4734435Z Preparing to unpack .../068-liblsan0_12.3.0-1ubuntu1~22.04.3_amd64.deb ...
2026-03-12T23:03:56.4744471Z Unpacking liblsan0:amd64 (12.3.0-1ubuntu1~22.04.3) ...
2026-03-12T23:03:56.5009634Z Selecting previously unselected package libtsan0:amd64.
2026-03-12T23:03:56.5027014Z Preparing to unpack .../069-libtsan0_11.4.0-1ubuntu1~22.04.3_amd64.deb ...
2026-03-12T23:03:56.5038295Z Unpacking libtsan0:amd64 (11.4.0-1ubuntu1~22.04.3) ...
2026-03-12T23:03:56.5459487Z Selecting previously unselected package libubsan1:amd64.
2026-03-12T23:03:56.5476829Z Preparing to unpack .../070-libubsan1_12.3.0-1ubuntu1~22.04.3_amd64.deb ...
2026-03-12T23:03:56.5491655Z Unpacking libubsan1:amd64 (12.3.0-1ubuntu1~22.04.3) ...
2026-03-12T23:03:56.5747035Z Selecting previously unselected package libquadmath0:amd64.
2026-03-12T23:03:56.5764127Z Preparing to unpack .../071-libquadmath0_12.3.0-1ubuntu1~22.04.3_amd64.deb ...
2026-03-12T23:03:56.5778697Z Unpacking libquadmath0:amd64 (12.3.0-1ubuntu1~22.04.3) ...
2026-03-12T23:03:56.5928960Z Selecting previously unselected package libgcc-11-dev:amd64.
2026-03-12T23:03:56.5945939Z Preparing to unpack .../072-libgcc-11-dev_11.4.0-1ubuntu1~22.04.3_amd64.deb ...
2026-03-12T23:03:56.5958950Z Unpacking libgcc-11-dev:amd64 (11.4.0-1ubuntu1~22.04.3) ...
2026-03-12T23:03:56.6714332Z Selecting previously unselected package gcc-11.
2026-03-12T23:03:56.6730711Z Preparing to unpack .../073-gcc-11_11.4.0-1ubuntu1~22.04.3_amd64.deb ...
2026-03-12T23:03:56.6743873Z Unpacking gcc-11 (11.4.0-1ubuntu1~22.04.3) ...
2026-03-12T23:03:56.8853993Z Selecting previously unselected package gcc.
2026-03-12T23:03:56.8870499Z Preparing to unpack .../074-gcc_4%3a11.2.0-1ubuntu1_amd64.deb ...
2026-03-12T23:03:56.8882651Z Unpacking gcc (4:11.2.0-1ubuntu1) ...
2026-03-12T23:03:56.9065346Z Selecting previously unselected package libstdc++-11-dev:amd64.
2026-03-12T23:03:56.9081598Z Preparing to unpack .../075-libstdc++-11-dev_11.4.0-1ubuntu1~22.04.3_amd64.deb ...
2026-03-12T23:03:56.9098062Z Unpacking libstdc++-11-dev:amd64 (11.4.0-1ubuntu1~22.04.3) ...
2026-03-12T23:03:57.0985819Z Selecting previously unselected package g++-11.
2026-03-12T23:03:57.1004533Z Preparing to unpack .../076-g++-11_11.4.0-1ubuntu1~22.04.3_amd64.deb ...
2026-03-12T23:03:57.1018354Z Unpacking g++-11 (11.4.0-1ubuntu1~22.04.3) ...
2026-03-12T23:03:57.2258667Z Selecting previously unselected package g++.
2026-03-12T23:03:57.2276554Z Preparing to unpack .../077-g++_4%3a11.2.0-1ubuntu1_amd64.deb ...
2026-03-12T23:03:57.2287415Z Unpacking g++ (4:11.2.0-1ubuntu1) ...
2026-03-12T23:03:57.2428811Z Selecting previously unselected package make.
2026-03-12T23:03:57.2446237Z Preparing to unpack .../078-make_4.3-4.1build1_amd64.deb ...
2026-03-12T23:03:57.2457888Z Unpacking make (4.3-4.1build1) ...
2026-03-12T23:03:57.2619280Z Selecting previously unselected package libdpkg-perl.
2026-03-12T23:03:57.2637539Z Preparing to unpack .../079-libdpkg-perl_1.21.1ubuntu2.6_all.deb ...
2026-03-12T23:03:57.2650738Z Unpacking libdpkg-perl (1.21.1ubuntu2.6) ...
2026-03-12T23:03:57.2971173Z Selecting previously unselected package bzip2.
2026-03-12T23:03:57.2988376Z Preparing to unpack .../080-bzip2_1.0.8-5build1_amd64.deb ...
2026-03-12T23:03:57.3000624Z Unpacking bzip2 (1.0.8-5build1) ...
2026-03-12T23:03:57.3186194Z Selecting previously unselected package patch.
2026-03-12T23:03:57.3203822Z Preparing to unpack .../081-patch_2.7.6-7build2_amd64.deb ...
2026-03-12T23:03:57.3217281Z Unpacking patch (2.7.6-7build2) ...
2026-03-12T23:03:57.3374234Z Selecting previously unselected package lto-disabled-list.
2026-03-12T23:03:57.3391460Z Preparing to unpack .../082-lto-disabled-list_24_all.deb ...
2026-03-12T23:03:57.3403534Z Unpacking lto-disabled-list (24) ...
2026-03-12T23:03:57.3548276Z Selecting previously unselected package dpkg-dev.
2026-03-12T23:03:57.3565763Z Preparing to unpack .../083-dpkg-dev_1.21.1ubuntu2.6_all.deb ...
2026-03-12T23:03:57.3576157Z Unpacking dpkg-dev (1.21.1ubuntu2.6) ...
2026-03-12T23:03:57.4061447Z Selecting previously unselected package build-essential.
2026-03-12T23:03:57.4082281Z Preparing to unpack .../084-build-essential_12.9ubuntu3_amd64.deb ...
2026-03-12T23:03:57.4097359Z Unpacking build-essential (12.9ubuntu3) ...
2026-03-12T23:03:57.4260374Z Selecting previously unselected package libarchive13:amd64.
2026-03-12T23:03:57.4278662Z Preparing to unpack .../085-libarchive13_3.6.0-1ubuntu1.5_amd64.deb ...
2026-03-12T23:03:57.4291297Z Unpacking libarchive13:amd64 (3.6.0-1ubuntu1.5) ...
2026-03-12T23:03:57.4485642Z Selecting previously unselected package libbrotli1:amd64.
2026-03-12T23:03:57.4503584Z Preparing to unpack .../086-libbrotli1_1.0.9-2build6_amd64.deb ...
2026-03-12T23:03:57.4523495Z Unpacking libbrotli1:amd64 (1.0.9-2build6) ...
2026-03-12T23:03:57.4723722Z Selecting previously unselected package libsasl2-modules-db:amd64.
2026-03-12T23:03:57.4741162Z Preparing to unpack .../087-libsasl2-modules-db_2.1.27+dfsg2-3ubuntu1.2_amd64.deb ...
2026-03-12T23:03:57.4749904Z Unpacking libsasl2-modules-db:amd64 (2.1.27+dfsg2-3ubuntu1.2) ...
2026-03-12T23:03:57.4910331Z Selecting previously unselected package libsasl2-2:amd64.
2026-03-12T23:03:57.4928302Z Preparing to unpack .../088-libsasl2-2_2.1.27+dfsg2-3ubuntu1.2_amd64.deb ...
2026-03-12T23:03:57.4941342Z Unpacking libsasl2-2:amd64 (2.1.27+dfsg2-3ubuntu1.2) ...
2026-03-12T23:03:57.5105856Z Selecting previously unselected package libldap-2.5-0:amd64.
2026-03-12T23:03:57.5124871Z Preparing to unpack .../089-libldap-2.5-0_2.5.20+dfsg-0ubuntu0.22.04.1_amd64.deb ...
2026-03-12T23:03:57.5135381Z Unpacking libldap-2.5-0:amd64 (2.5.20+dfsg-0ubuntu0.22.04.1) ...
2026-03-12T23:03:57.5353237Z Selecting previously unselected package librtmp1:amd64.
2026-03-12T23:03:57.5372101Z Preparing to unpack .../090-librtmp1_2.4+20151223.gitfa8646d.1-2build4_amd64.deb ...
2026-03-12T23:03:57.5383781Z Unpacking librtmp1:amd64 (2.4+20151223.gitfa8646d.1-2build4) ...
2026-03-12T23:03:57.5543863Z Selecting previously unselected package libssh-4:amd64.
2026-03-12T23:03:57.5562253Z Preparing to unpack .../091-libssh-4_0.9.6-2ubuntu0.22.04.6_amd64.deb ...
2026-03-12T23:03:57.5574983Z Unpacking libssh-4:amd64 (0.9.6-2ubuntu0.22.04.6) ...
2026-03-12T23:03:57.5763826Z Selecting previously unselected package libcurl4:amd64.
2026-03-12T23:03:57.5781574Z Preparing to unpack .../092-libcurl4_7.81.0-1ubuntu1.23_amd64.deb ...
2026-03-12T23:03:57.5793805Z Unpacking libcurl4:amd64 (7.81.0-1ubuntu1.23) ...
2026-03-12T23:03:57.5991961Z Selecting previously unselected package libjsoncpp25:amd64.
2026-03-12T23:03:57.6010097Z Preparing to unpack .../093-libjsoncpp25_1.9.5-3_amd64.deb ...
2026-03-12T23:03:57.6019774Z Unpacking libjsoncpp25:amd64 (1.9.5-3) ...
2026-03-12T23:03:57.6187955Z Selecting previously unselected package librhash0:amd64.
2026-03-12T23:03:57.6206354Z Preparing to unpack .../094-librhash0_1.4.2-1ubuntu1_amd64.deb ...
2026-03-12T23:03:57.6217634Z Unpacking librhash0:amd64 (1.4.2-1ubuntu1) ...
2026-03-12T23:03:57.6385411Z Selecting previously unselected package dh-elpa-helper.
2026-03-12T23:03:57.6403407Z Preparing to unpack .../095-dh-elpa-helper_2.0.9ubuntu1_all.deb ...
2026-03-12T23:03:57.6414902Z Unpacking dh-elpa-helper (2.0.9ubuntu1) ...
2026-03-12T23:03:57.6566364Z Selecting previously unselected package emacsen-common.
2026-03-12T23:03:57.6585257Z Preparing to unpack .../096-emacsen-common_3.0.4_all.deb ...
2026-03-12T23:03:57.6668463Z Unpacking emacsen-common (3.0.4) ...
2026-03-12T23:03:57.6873075Z Selecting previously unselected package cmake-data.
2026-03-12T23:03:57.6892151Z Preparing to unpack .../097-cmake-data_3.22.1-1ubuntu1.22.04.2_all.deb ...
2026-03-12T23:03:57.6951444Z Unpacking cmake-data (3.22.1-1ubuntu1.22.04.2) ...
2026-03-12T23:03:58.1966167Z Selecting previously unselected package cmake.
2026-03-12T23:03:58.1993573Z Preparing to unpack .../098-cmake_3.22.1-1ubuntu1.22.04.2_amd64.deb ...
2026-03-12T23:03:58.2007851Z Unpacking cmake (3.22.1-1ubuntu1.22.04.2) ...
2026-03-12T23:03:58.2862869Z Selecting previously unselected package curl.
2026-03-12T23:03:58.2883641Z Preparing to unpack .../099-curl_7.81.0-1ubuntu1.23_amd64.deb ...
2026-03-12T23:03:58.2895321Z Unpacking curl (7.81.0-1ubuntu1.23) ...
2026-03-12T23:03:58.3111402Z Selecting previously unselected package libassuan0:amd64.
2026-03-12T23:03:58.3131907Z Preparing to unpack .../100-libassuan0_2.5.5-1build1_amd64.deb ...
2026-03-12T23:03:58.3143953Z Unpacking libassuan0:amd64 (2.5.5-1build1) ...
2026-03-12T23:03:58.3297226Z Selecting previously unselected package gpgconf.
2026-03-12T23:03:58.3318207Z Preparing to unpack .../101-gpgconf_2.2.27-3ubuntu2.5_amd64.deb ...
2026-03-12T23:03:58.3332039Z Unpacking gpgconf (2.2.27-3ubuntu2.5) ...
2026-03-12T23:03:58.3501897Z Selecting previously unselected package libksba8:amd64.
2026-03-12T23:03:58.3522841Z Preparing to unpack .../102-libksba8_1.6.0-2ubuntu0.2_amd64.deb ...
2026-03-12T23:03:58.3537457Z Unpacking libksba8:amd64 (1.6.0-2ubuntu0.2) ...
2026-03-12T23:03:58.3707879Z Selecting previously unselected package libnpth0:amd64.
2026-03-12T23:03:58.3728541Z Preparing to unpack .../103-libnpth0_1.6-3build2_amd64.deb ...
2026-03-12T23:03:58.3739703Z Unpacking libnpth0:amd64 (1.6-3build2) ...
2026-03-12T23:03:58.3902502Z Selecting previously unselected package dirmngr.
2026-03-12T23:03:58.3923671Z Preparing to unpack .../104-dirmngr_2.2.27-3ubuntu2.5_amd64.deb ...
2026-03-12T23:03:58.4041479Z Unpacking dirmngr (2.2.27-3ubuntu2.5) ...
2026-03-12T23:03:58.4244960Z Selecting previously unselected package libfakeroot:amd64.
2026-03-12T23:03:58.4266261Z Preparing to unpack .../105-libfakeroot_1.28-1ubuntu1_amd64.deb ...
2026-03-12T23:03:58.4281177Z Unpacking libfakeroot:amd64 (1.28-1ubuntu1) ...
2026-03-12T23:03:58.4454173Z Selecting previously unselected package fakeroot.
2026-03-12T23:03:58.4474725Z Preparing to unpack .../106-fakeroot_1.28-1ubuntu1_amd64.deb ...
2026-03-12T23:03:58.4485448Z Unpacking fakeroot (1.28-1ubuntu1) ...
2026-03-12T23:03:58.4655410Z Selecting previously unselected package fonts-dejavu-core.
2026-03-12T23:03:58.4676661Z Preparing to unpack .../107-fonts-dejavu-core_2.37-2build1_all.deb ...
2026-03-12T23:03:58.4689488Z Unpacking fonts-dejavu-core (2.37-2build1) ...
2026-03-12T23:03:58.5535050Z Selecting previously unselected package fontconfig-config.
2026-03-12T23:03:58.5556493Z Preparing to unpack .../108-fontconfig-config_2.13.1-4.2ubuntu5_all.deb ...
2026-03-12T23:03:58.5571924Z Unpacking fontconfig-config (2.13.1-4.2ubuntu5) ...
2026-03-12T23:03:58.5822883Z Selecting previously unselected package libcurl3-gnutls:amd64.
2026-03-12T23:03:58.5844163Z Preparing to unpack .../109-libcurl3-gnutls_7.81.0-1ubuntu1.23_amd64.deb ...
2026-03-12T23:03:58.5855247Z Unpacking libcurl3-gnutls:amd64 (7.81.0-1ubuntu1.23) ...
2026-03-12T23:03:58.6045211Z Selecting previously unselected package liberror-perl.
2026-03-12T23:03:58.6066576Z Preparing to unpack .../110-liberror-perl_0.17029-1_all.deb ...
2026-03-12T23:03:58.6082643Z Unpacking liberror-perl (0.17029-1) ...
2026-03-12T23:03:58.6253670Z Selecting previously unselected package git-man.
2026-03-12T23:03:58.6274787Z Preparing to unpack .../111-git-man_1%3a2.34.1-1ubuntu1.17_all.deb ...
2026-03-12T23:03:58.6290957Z Unpacking git-man (1:2.34.1-1ubuntu1.17) ...
2026-03-12T23:03:58.6593203Z Selecting previously unselected package git.
2026-03-12T23:03:58.6614850Z Preparing to unpack .../112-git_1%3a2.34.1-1ubuntu1.17_amd64.deb ...
2026-03-12T23:03:58.6674751Z Unpacking git (1:2.34.1-1ubuntu1.17) ...
2026-03-12T23:03:58.7865700Z Selecting previously unselected package gnupg-l10n.
2026-03-12T23:03:58.7888891Z Preparing to unpack .../113-gnupg-l10n_2.2.27-3ubuntu2.5_all.deb ...
2026-03-12T23:03:58.7901604Z Unpacking gnupg-l10n (2.2.27-3ubuntu2.5) ...
2026-03-12T23:03:58.8103627Z Selecting previously unselected package gnupg-utils.
2026-03-12T23:03:58.8125771Z Preparing to unpack .../114-gnupg-utils_2.2.27-3ubuntu2.5_amd64.deb ...
2026-03-12T23:03:58.8138165Z Unpacking gnupg-utils (2.2.27-3ubuntu2.5) ...
2026-03-12T23:03:58.8340974Z Selecting previously unselected package gpg.
2026-03-12T23:03:58.8362381Z Preparing to unpack .../115-gpg_2.2.27-3ubuntu2.5_amd64.deb ...
2026-03-12T23:03:58.8376267Z Unpacking gpg (2.2.27-3ubuntu2.5) ...
2026-03-12T23:03:58.8598040Z Selecting previously unselected package pinentry-curses.
2026-03-12T23:03:58.8620233Z Preparing to unpack .../116-pinentry-curses_1.1.1-1build2_amd64.deb ...
2026-03-12T23:03:58.8631896Z Unpacking pinentry-curses (1.1.1-1build2) ...
2026-03-12T23:03:58.8801675Z Selecting previously unselected package gpg-agent.
2026-03-12T23:03:58.8824098Z Preparing to unpack .../117-gpg-agent_2.2.27-3ubuntu2.5_amd64.deb ...
2026-03-12T23:03:58.8837811Z Unpacking gpg-agent (2.2.27-3ubuntu2.5) ...
2026-03-12T23:03:58.9044996Z Selecting previously unselected package gpg-wks-client.
2026-03-12T23:03:58.9066356Z Preparing to unpack .../118-gpg-wks-client_2.2.27-3ubuntu2.5_amd64.deb ...
2026-03-12T23:03:58.9077740Z Unpacking gpg-wks-client (2.2.27-3ubuntu2.5) ...
2026-03-12T23:03:58.9235470Z Selecting previously unselected package gpg-wks-server.
2026-03-12T23:03:58.9256889Z Preparing to unpack .../119-gpg-wks-server_2.2.27-3ubuntu2.5_amd64.deb ...
2026-03-12T23:03:58.9267321Z Unpacking gpg-wks-server (2.2.27-3ubuntu2.5) ...
2026-03-12T23:03:58.9423096Z Selecting previously unselected package gpgsm.
2026-03-12T23:03:58.9445472Z Preparing to unpack .../120-gpgsm_2.2.27-3ubuntu2.5_amd64.deb ...
2026-03-12T23:03:58.9457313Z Unpacking gpgsm (2.2.27-3ubuntu2.5) ...
2026-03-12T23:03:58.9615859Z Selecting previously unselected package gnupg.
2026-03-12T23:03:58.9637078Z Preparing to unpack .../121-gnupg_2.2.27-3ubuntu2.5_all.deb ...
2026-03-12T23:03:58.9647565Z Unpacking gnupg (2.2.27-3ubuntu2.5) ...
2026-03-12T23:03:58.9860305Z Selecting previously unselected package icu-devtools.
2026-03-12T23:03:58.9882108Z Preparing to unpack .../122-icu-devtools_70.1-2_amd64.deb ...
2026-03-12T23:03:58.9894486Z Unpacking icu-devtools (70.1-2) ...
2026-03-12T23:03:59.0096178Z Selecting previously unselected package libalgorithm-diff-perl.
2026-03-12T23:03:59.0118334Z Preparing to unpack .../123-libalgorithm-diff-perl_1.201-1_all.deb ...
2026-03-12T23:03:59.0131442Z Unpacking libalgorithm-diff-perl (1.201-1) ...
2026-03-12T23:03:59.0289160Z Selecting previously unselected package libalgorithm-diff-xs-perl.
2026-03-12T23:03:59.0311480Z Preparing to unpack .../124-libalgorithm-diff-xs-perl_0.04-6build3_amd64.deb ...
2026-03-12T23:03:59.0320684Z Unpacking libalgorithm-diff-xs-perl (0.04-6build3) ...
2026-03-12T23:03:59.0466842Z Selecting previously unselected package libalgorithm-merge-perl.
2026-03-12T23:03:59.0488623Z Preparing to unpack .../125-libalgorithm-merge-perl_0.08-3_all.deb ...
2026-03-12T23:03:59.0497704Z Unpacking libalgorithm-merge-perl (0.08-3) ...
2026-03-12T23:03:59.0669377Z Selecting previously unselected package libfreetype6:amd64.
2026-03-12T23:03:59.0691426Z Preparing to unpack .../126-libfreetype6_2.11.1+dfsg-1ubuntu0.3_amd64.deb ...
2026-03-12T23:03:59.0703016Z Unpacking libfreetype6:amd64 (2.11.1+dfsg-1ubuntu0.3) ...
2026-03-12T23:03:59.0888190Z Selecting previously unselected package libfontconfig1:amd64.
2026-03-12T23:03:59.0911241Z Preparing to unpack .../127-libfontconfig1_2.13.1-4.2ubuntu5_amd64.deb ...
2026-03-12T23:03:59.0924852Z Unpacking libfontconfig1:amd64 (2.13.1-4.2ubuntu5) ...
2026-03-12T23:03:59.1101445Z Selecting previously unselected package libjpeg-turbo8:amd64.
2026-03-12T23:03:59.1123607Z Preparing to unpack .../128-libjpeg-turbo8_2.1.2-0ubuntu1_amd64.deb ...
2026-03-12T23:03:59.1132687Z Unpacking libjpeg-turbo8:amd64 (2.1.2-0ubuntu1) ...
2026-03-12T23:03:59.1286600Z Selecting previously unselected package libjpeg8:amd64.
2026-03-12T23:03:59.1308455Z Preparing to unpack .../129-libjpeg8_8c-2ubuntu10_amd64.deb ...
2026-03-12T23:03:59.1317640Z Unpacking libjpeg8:amd64 (8c-2ubuntu10) ...
2026-03-12T23:03:59.1468089Z Selecting previously unselected package libdeflate0:amd64.
2026-03-12T23:03:59.1490242Z Preparing to unpack .../130-libdeflate0_1.10-2_amd64.deb ...
2026-03-12T23:03:59.1498851Z Unpacking libdeflate0:amd64 (1.10-2) ...
2026-03-12T23:03:59.1662574Z Selecting previously unselected package libjbig0:amd64.
2026-03-12T23:03:59.1684390Z Preparing to unpack .../131-libjbig0_2.1-3.1ubuntu0.22.04.1_amd64.deb ...
2026-03-12T23:03:59.1697148Z Unpacking libjbig0:amd64 (2.1-3.1ubuntu0.22.04.1) ...
2026-03-12T23:03:59.1850622Z Selecting previously unselected package libwebp7:amd64.
2026-03-12T23:03:59.1874558Z Preparing to unpack .../132-libwebp7_1.2.2-2ubuntu0.22.04.2_amd64.deb ...
2026-03-12T23:03:59.1884702Z Unpacking libwebp7:amd64 (1.2.2-2ubuntu0.22.04.2) ...
2026-03-12T23:03:59.2105154Z Selecting previously unselected package libtiff5:amd64.
2026-03-12T23:03:59.2130111Z Preparing to unpack .../133-libtiff5_4.3.0-6ubuntu0.12_amd64.deb ...
2026-03-12T23:03:59.2146447Z Unpacking libtiff5:amd64 (4.3.0-6ubuntu0.12) ...
2026-03-12T23:03:59.2338594Z Selecting previously unselected package libxpm4:amd64.
2026-03-12T23:03:59.2368375Z Preparing to unpack .../134-libxpm4_1%3a3.5.12-1ubuntu0.22.04.2_amd64.deb ...
2026-03-12T23:03:59.2381023Z Unpacking libxpm4:amd64 (1:3.5.12-1ubuntu0.22.04.2) ...
2026-03-12T23:03:59.2557523Z Selecting previously unselected package libgd3:amd64.
2026-03-12T23:03:59.2582191Z Preparing to unpack .../135-libgd3_2.3.0-2ubuntu2.3_amd64.deb ...
2026-03-12T23:03:59.2594110Z Unpacking libgd3:amd64 (2.3.0-2ubuntu2.3) ...
2026-03-12T23:03:59.2764618Z Selecting previously unselected package libc-devtools.
2026-03-12T23:03:59.2786578Z Preparing to unpack .../136-libc-devtools_2.35-0ubuntu3.13_amd64.deb ...
2026-03-12T23:03:59.2800373Z Unpacking libc-devtools (2.35-0ubuntu3.13) ...
2026-03-12T23:03:59.2965678Z Selecting previously unselected package libcurl4-openssl-dev:amd64.
2026-03-12T23:03:59.2987723Z Preparing to unpack .../137-libcurl4-openssl-dev_7.81.0-1ubuntu1.23_amd64.deb ...
2026-03-12T23:03:59.3000095Z Unpacking libcurl4-openssl-dev:amd64 (7.81.0-1ubuntu1.23) ...
2026-03-12T23:03:59.3244449Z Selecting previously unselected package libfile-fcntllock-perl.
2026-03-12T23:03:59.3266084Z Preparing to unpack .../138-libfile-fcntllock-perl_0.22-3build7_amd64.deb ...
2026-03-12T23:03:59.3276319Z Unpacking libfile-fcntllock-perl (0.22-3build7) ...
2026-03-12T23:03:59.3453976Z Selecting previously unselected package libicu-dev:amd64.
2026-03-12T23:03:59.3476718Z Preparing to unpack .../139-libicu-dev_70.1-2_amd64.deb ...
2026-03-12T23:03:59.3485599Z Unpacking libicu-dev:amd64 (70.1-2) ...
2026-03-12T23:03:59.5406763Z Selecting previously unselected package libldap-common.
2026-03-12T23:03:59.5429518Z Preparing to unpack .../140-libldap-common_2.5.20+dfsg-0ubuntu0.22.04.1_all.deb ...
2026-03-12T23:03:59.5441926Z Unpacking libldap-common (2.5.20+dfsg-0ubuntu0.22.04.1) ...
2026-03-12T23:03:59.5599733Z Selecting previously unselected package libsasl2-modules:amd64.
2026-03-12T23:03:59.5623331Z Preparing to unpack .../141-libsasl2-modules_2.1.27+dfsg2-3ubuntu1.2_amd64.deb ...
2026-03-12T23:03:59.5634261Z Unpacking libsasl2-modules:amd64 (2.1.27+dfsg2-3ubuntu1.2) ...
2026-03-12T23:03:59.5816357Z Selecting previously unselected package libssl-dev:amd64.
2026-03-12T23:03:59.5839421Z Preparing to unpack .../142-libssl-dev_3.0.2-0ubuntu1.21_amd64.deb ...
2026-03-12T23:03:59.5853722Z Unpacking libssl-dev:amd64 (3.0.2-0ubuntu1.21) ...
2026-03-12T23:03:59.6582516Z Selecting previously unselected package libxml2-dev:amd64.
2026-03-12T23:03:59.6604710Z Preparing to unpack .../143-libxml2-dev_2.9.13+dfsg-1ubuntu0.11_amd64.deb ...
2026-03-12T23:03:59.6620659Z Unpacking libxml2-dev:amd64 (2.9.13+dfsg-1ubuntu0.11) ...
2026-03-12T23:03:59.6963970Z Selecting previously unselected package manpages-dev.
2026-03-12T23:03:59.6987745Z Preparing to unpack .../144-manpages-dev_5.10-1ubuntu1_all.deb ...
2026-03-12T23:03:59.6999744Z Unpacking manpages-dev (5.10-1ubuntu1) ...
2026-03-12T23:03:59.9169192Z Selecting previously unselected package ninja-build.
2026-03-12T23:03:59.9196360Z Preparing to unpack .../145-ninja-build_1.10.1-1_amd64.deb ...
2026-03-12T23:03:59.9207906Z Unpacking ninja-build (1.10.1-1) ...
2026-03-12T23:03:59.9457101Z Selecting previously unselected package pkg-config.
2026-03-12T23:03:59.9481368Z Preparing to unpack .../146-pkg-config_0.29.2-1ubuntu3_amd64.deb ...
2026-03-12T23:03:59.9492038Z Unpacking pkg-config (0.29.2-1ubuntu3) ...
2026-03-12T23:03:59.9659286Z Selecting previously unselected package uuid-dev:amd64.
2026-03-12T23:03:59.9683923Z Preparing to unpack .../147-uuid-dev_2.37.2-4ubuntu3.5_amd64.deb ...
2026-03-12T23:03:59.9694302Z Unpacking uuid-dev:amd64 (2.37.2-4ubuntu3.5) ...
2026-03-12T23:04:00.0003991Z Setting up libksba8:amd64 (1.6.0-2ubuntu0.2) ...
2026-03-12T23:04:00.0031976Z Setting up media-types (7.0.0) ...
2026-03-12T23:04:00.0077628Z Setting up gcc-11-base:amd64 (11.4.0-1ubuntu1~22.04.3) ...
2026-03-12T23:04:00.0107237Z Setting up libxau6:amd64 (1:1.0.9-1build5) ...
2026-03-12T23:04:00.0144336Z Setting up lto-disabled-list (24) ...
2026-03-12T23:04:00.0173713Z Setting up libpsl5:amd64 (0.21.0-1.2build2) ...
2026-03-12T23:04:00.0204927Z Setting up wget (1.21.2-2ubuntu1.1) ...
2026-03-12T23:04:00.0242702Z Setting up xdg-user-dirs (0.17-2ubuntu4) ...
2026-03-12T23:04:00.0338318Z Setting up libmagic-mgc (1:5.41-3ubuntu0.1) ...
2026-03-12T23:04:00.0368604Z Setting up libglib2.0-0:amd64 (2.72.4-0ubuntu2.9) ...
2026-03-12T23:04:00.0429599Z No schema files found: doing nothing.
2026-03-12T23:04:00.0469233Z Setting up distro-info-data (0.52ubuntu0.11) ...
2026-03-12T23:04:00.0498065Z Setting up manpages (5.10-1ubuntu1) ...
2026-03-12T23:04:00.0525655Z Setting up libcbor0.8:amd64 (0.8.0-2ubuntu1) ...
2026-03-12T23:04:00.0559851Z Setting up libbrotli1:amd64 (1.0.9-2build6) ...
2026-03-12T23:04:00.0606338Z Setting up libsqlite3-0:amd64 (3.37.2-2ubuntu0.5) ...
2026-03-12T23:04:00.0639517Z Setting up libsasl2-modules:amd64 (2.1.27+dfsg2-3ubuntu1.2) ...
2026-03-12T23:04:00.0697748Z Setting up binutils-common:amd64 (2.38-4ubuntu2.12) ...
2026-03-12T23:04:00.0722490Z Setting up libnghttp2-14:amd64 (1.43.0-1ubuntu0.2) ...
2026-03-12T23:04:00.0755991Z Setting up libmagic1:amd64 (1:5.41-3ubuntu0.1) ...
2026-03-12T23:04:00.0804594Z Setting up libdeflate0:amd64 (1.10-2) ...
2026-03-12T23:04:00.0834728Z Setting up less (590-1ubuntu0.22.04.3) ...
2026-03-12T23:04:00.0928196Z Setting up linux-libc-dev:amd64 (5.15.0-171.181) ...
2026-03-12T23:04:00.0956419Z Setting up libctf-nobfd0:amd64 (2.38-4ubuntu2.12) ...
2026-03-12T23:04:00.0982905Z Setting up libnpth0:amd64 (1.6-3build2) ...
2026-03-12T23:04:00.1010109Z Setting up file (1:5.41-3ubuntu0.1) ...
2026-03-12T23:04:00.1037631Z Setting up libassuan0:amd64 (2.5.5-1build1) ...
2026-03-12T23:04:00.1080486Z Setting up libgomp1:amd64 (12.3.0-1ubuntu1~22.04.3) ...
2026-03-12T23:04:00.1112526Z Setting up perl-modules-5.34 (5.34.0-3ubuntu1.5) ...
2026-03-12T23:04:00.1150182Z Setting up bzip2 (1.0.8-5build1) ...
2026-03-12T23:04:00.1181330Z Setting up libldap-common (2.5.20+dfsg-0ubuntu0.22.04.1) ...
2026-03-12T23:04:00.1232965Z Setting up libjbig0:amd64 (2.1-3.1ubuntu0.22.04.1) ...
2026-03-12T23:04:00.1264649Z Setting up libfakeroot:amd64 (1.28-1ubuntu1) ...
2026-03-12T23:04:00.1308665Z Setting up ninja-build (1.10.1-1) ...
2026-03-12T23:04:00.1340544Z Setting up libasan6:amd64 (11.4.0-1ubuntu1~22.04.3) ...
2026-03-12T23:04:00.1371812Z Setting up libsasl2-modules-db:amd64 (2.1.27+dfsg2-3ubuntu1.2) ...
2026-03-12T23:04:00.1402718Z Setting up fakeroot (1.28-1ubuntu1) ...
2026-03-12T23:04:00.1443098Z update-alternatives: using /usr/bin/fakeroot-sysv to provide /usr/bin/fakeroot (fakeroot) in auto mode
2026-03-12T23:04:00.1445361Z update-alternatives: warning: skip creation of /usr/share/man/man1/fakeroot.1.gz because associated file /usr/share/man/man1/fakeroot-sysv.1.gz (of link group fakeroot) doesn't exist
2026-03-12T23:04:00.1447442Z update-alternatives: warning: skip creation of /usr/share/man/man1/faked.1.gz because associated file /usr/share/man/man1/faked-sysv.1.gz (of link group fakeroot) doesn't exist
2026-03-12T23:04:00.1449072Z update-alternatives: warning: skip creation of /usr/share/man/es/man1/fakeroot.1.gz because associated file /usr/share/man/es/man1/fakeroot-sysv.1.gz (of link group fakeroot) doesn't exist
2026-03-12T23:04:00.1451018Z update-alternatives: warning: skip creation of /usr/share/man/es/man1/faked.1.gz because associated file /usr/share/man/es/man1/faked-sysv.1.gz (of link group fakeroot) doesn't exist
2026-03-12T23:04:00.1452550Z update-alternatives: warning: skip creation of /usr/share/man/fr/man1/fakeroot.1.gz because associated file /usr/share/man/fr/man1/fakeroot-sysv.1.gz (of link group fakeroot) doesn't exist
2026-03-12T23:04:00.1454087Z update-alternatives: warning: skip creation of /usr/share/man/fr/man1/faked.1.gz because associated file /usr/share/man/fr/man1/faked-sysv.1.gz (of link group fakeroot) doesn't exist
2026-03-12T23:04:00.1455428Z update-alternatives: warning: skip creation of /usr/share/man/sv/man1/fakeroot.1.gz because associated file /usr/share/man/sv/man1/fakeroot-sysv.1.gz (of link group fakeroot) doesn't exist
2026-03-12T23:04:00.1456615Z update-alternatives: warning: skip creation of /usr/share/man/sv/man1/faked.1.gz because associated file /usr/share/man/sv/man1/faked-sysv.1.gz (of link group fakeroot) doesn't exist
2026-03-12T23:04:00.1483099Z Setting up libglib2.0-data (2.72.4-0ubuntu2.9) ...
2026-03-12T23:04:00.1515043Z Setting up libtirpc-dev:amd64 (1.3.2-2ubuntu0.1) ...
2026-03-12T23:04:00.1544671Z Setting up libuv1:amd64 (1.43.0-1ubuntu0.1) ...
2026-03-12T23:04:00.1575611Z Setting up rpcsvc-proto (1.4.2-0ubuntu6) ...
2026-03-12T23:04:00.1606387Z Setting up emacsen-common (3.0.4) ...
2026-03-12T23:04:00.1903640Z Setting up libx11-data (2:1.7.5-1ubuntu0.3) ...
2026-03-12T23:04:00.1933982Z Setting up make (4.3-4.1build1) ...
2026-03-12T23:04:00.1962345Z Setting up libmpfr6:amd64 (4.1.0-3build3) ...
2026-03-12T23:04:00.2021015Z Setting up gnupg-l10n (2.2.27-3ubuntu2.5) ...
2026-03-12T23:04:00.2048826Z Setting up librtmp1:amd64 (2.4+20151223.gitfa8646d.1-2build4) ...
2026-03-12T23:04:00.2075326Z Setting up dh-elpa-helper (2.0.9ubuntu1) ...
2026-03-12T23:04:00.2106172Z Setting up xz-utils (5.2.5-2ubuntu1) ...
2026-03-12T23:04:00.2148696Z update-alternatives: using /usr/bin/xz to provide /usr/bin/lzma (lzma) in auto mode
2026-03-12T23:04:00.2150849Z update-alternatives: warning: skip creation of /usr/share/man/man1/lzma.1.gz because associated file /usr/share/man/man1/xz.1.gz (of link group lzma) doesn't exist
2026-03-12T23:04:00.2152909Z update-alternatives: warning: skip creation of /usr/share/man/man1/unlzma.1.gz because associated file /usr/share/man/man1/unxz.1.gz (of link group lzma) doesn't exist
2026-03-12T23:04:00.2157954Z update-alternatives: warning: skip creation of /usr/share/man/man1/lzcat.1.gz because associated file /usr/share/man/man1/xzcat.1.gz (of link group lzma) doesn't exist
2026-03-12T23:04:00.2160430Z update-alternatives: warning: skip creation of /usr/share/man/man1/lzmore.1.gz because associated file /usr/share/man/man1/xzmore.1.gz (of link group lzma) doesn't exist
2026-03-12T23:04:00.2162544Z update-alternatives: warning: skip creation of /usr/share/man/man1/lzless.1.gz because associated file /usr/share/man/man1/xzless.1.gz (of link group lzma) doesn't exist
2026-03-12T23:04:00.2164634Z update-alternatives: warning: skip creation of /usr/share/man/man1/lzdiff.1.gz because associated file /usr/share/man/man1/xzdiff.1.gz (of link group lzma) doesn't exist
2026-03-12T23:04:00.2166698Z update-alternatives: warning: skip creation of /usr/share/man/man1/lzcmp.1.gz because associated file /usr/share/man/man1/xzcmp.1.gz (of link group lzma) doesn't exist
2026-03-12T23:04:00.2171553Z update-alternatives: warning: skip creation of /usr/share/man/man1/lzgrep.1.gz because associated file /usr/share/man/man1/xzgrep.1.gz (of link group lzma) doesn't exist
2026-03-12T23:04:00.2172750Z update-alternatives: warning: skip creation of /usr/share/man/man1/lzegrep.1.gz because associated file /usr/share/man/man1/xzegrep.1.gz (of link group lzma) doesn't exist
2026-03-12T23:04:00.2173886Z update-alternatives: warning: skip creation of /usr/share/man/man1/lzfgrep.1.gz because associated file /usr/share/man/man1/xzfgrep.1.gz (of link group lzma) doesn't exist
2026-03-12T23:04:00.2196062Z Setting up libquadmath0:amd64 (12.3.0-1ubuntu1~22.04.3) ...
2026-03-12T23:04:00.2224671Z Setting up libssl-dev:amd64 (3.0.2-0ubuntu1.21) ...
2026-03-12T23:04:00.2251496Z Setting up libpng16-16:amd64 (1.6.37-3ubuntu0.4) ...
2026-03-12T23:04:00.2278742Z Setting up libmpc3:amd64 (1.2.1-2build1) ...
2026-03-12T23:04:00.2311810Z Setting up libatomic1:amd64 (12.3.0-1ubuntu1~22.04.3) ...
2026-03-12T23:04:00.2338903Z Setting up patch (2.7.6-7build2) ...
2026-03-12T23:04:00.2368534Z Setting up libjsoncpp25:amd64 (1.9.5-3) ...
2026-03-12T23:04:00.2407442Z Setting up fonts-dejavu-core (2.37-2build1) ...
2026-03-12T23:04:00.2559499Z Setting up ucf (3.0043) ...
2026-03-12T23:04:00.3309279Z debconf: unable to initialize frontend: Dialog
2026-03-12T23:04:00.3310207Z debconf: (TERM is not set, so the dialog frontend is not usable.)
2026-03-12T23:04:00.3310722Z debconf: falling back to frontend: Readline
2026-03-12T23:04:00.3571583Z Setting up libjpeg-turbo8:amd64 (2.1.2-0ubuntu1) ...
2026-03-12T23:04:00.3608552Z Setting up libsasl2-2:amd64 (2.1.27+dfsg2-3ubuntu1.2) ...
2026-03-12T23:04:00.3643410Z Setting up libssh-4:amd64 (0.9.6-2ubuntu0.22.04.6) ...
2026-03-12T23:04:00.3678030Z Setting up libwebp7:amd64 (1.2.2-2ubuntu0.22.04.2) ...
2026-03-12T23:04:00.3708911Z Setting up libubsan1:amd64 (12.3.0-1ubuntu1~22.04.3) ...
2026-03-12T23:04:00.3740692Z Setting up libmd0:amd64 (1.0.4-1build1) ...
2026-03-12T23:04:00.3779802Z Setting up libnsl-dev:amd64 (1.3.0-2build2) ...
2026-03-12T23:04:00.3815426Z Setting up librhash0:amd64 (1.4.2-1ubuntu1) ...
2026-03-12T23:04:00.3853403Z Setting up libcrypt-dev:amd64 (1:4.4.27-1) ...
2026-03-12T23:04:00.3886529Z Setting up libmpdec3:amd64 (2.5.1-2build2) ...
2026-03-12T23:04:00.3919772Z Setting up git-man (1:2.34.1-1ubuntu1.17) ...
2026-03-12T23:04:00.4023567Z Setting up netbase (6.3) ...
2026-03-12T23:04:00.4117710Z Setting up cmake-data (3.22.1-1ubuntu1.22.04.2) ...
2026-03-12T23:04:00.4476387Z Setting up libbinutils:amd64 (2.38-4ubuntu2.12) ...
2026-03-12T23:04:00.4509043Z Setting up libfido2-1:amd64 (1.10.0-1) ...
2026-03-12T23:04:00.4544726Z Setting up libisl23:amd64 (0.24-2build1) ...
2026-03-12T23:04:00.4581586Z Setting up libc-dev-bin (2.35-0ubuntu3.13) ...
2026-03-12T23:04:00.4613083Z Setting up openssl (3.0.2-0ubuntu1.21) ...
2026-03-12T23:04:00.4758272Z Setting up libbsd0:amd64 (0.11.5-1) ...
2026-03-12T23:04:00.4785639Z Setting up readline-common (8.1.2-1) ...
2026-03-12T23:04:00.4836988Z Setting up publicsuffix (20211207.1025-1) ...
2026-03-12T23:04:00.4867101Z Setting up libcc1-0:amd64 (12.3.0-1ubuntu1~22.04.3) ...
2026-03-12T23:04:00.4896046Z Setting up liblocale-gettext-perl (1.07-4build3) ...
2026-03-12T23:04:00.4925715Z Setting up liblsan0:amd64 (12.3.0-1ubuntu1~22.04.3) ...
2026-03-12T23:04:00.4949356Z Setting up libitm1:amd64 (12.3.0-1ubuntu1~22.04.3) ...
2026-03-12T23:04:00.4978456Z Setting up libgdbm6:amd64 (1.23-1) ...
2026-03-12T23:04:00.5006489Z Setting up libicu70:amd64 (70.1-2) ...
2026-03-12T23:04:00.5038169Z Setting up libtsan0:amd64 (11.4.0-1ubuntu1~22.04.3) ...
2026-03-12T23:04:00.5073201Z Setting up libctf0:amd64 (2.38-4ubuntu2.12) ...
2026-03-12T23:04:00.5102023Z Setting up libjpeg8:amd64 (8c-2ubuntu10) ...
2026-03-12T23:04:00.5140514Z Setting up pinentry-curses (1.1.1-1build2) ...
2026-03-12T23:04:00.5200516Z Setting up cpp-11 (11.4.0-1ubuntu1~22.04.3) ...
2026-03-12T23:04:00.5236012Z Setting up manpages-dev (5.10-1ubuntu1) ...
2026-03-12T23:04:00.5301766Z Setting up libxdmcp6:amd64 (1:1.1.3-0ubuntu5) ...
2026-03-12T23:04:00.5332039Z Setting up libxcb1:amd64 (1.14-3ubuntu3) ...
2026-03-12T23:04:00.5381134Z Setting up fontconfig-config (2.13.1-4.2ubuntu5) ...
2026-03-12T23:04:00.5893595Z Setting up libedit2:amd64 (3.1-20210910-1build1) ...
2026-03-12T23:04:00.5923869Z Setting up libreadline8:amd64 (8.1.2-1) ...
2026-03-12T23:04:00.5954922Z Setting up libldap-2.5-0:amd64 (2.5.20+dfsg-0ubuntu0.22.04.1) ...
2026-03-12T23:04:00.5995673Z Setting up libpython3.10-stdlib:amd64 (3.10.12-1~22.04.15) ...
2026-03-12T23:04:00.6030516Z Setting up ca-certificates (20240203~22.04.1) ...
2026-03-12T23:04:00.6766507Z debconf: unable to initialize frontend: Dialog
2026-03-12T23:04:00.6767214Z debconf: (TERM is not set, so the dialog frontend is not usable.)
2026-03-12T23:04:00.6767643Z debconf: falling back to frontend: Readline
2026-03-12T23:04:01.0919892Z Updating certificates in /etc/ssl/certs...
2026-03-12T23:04:01.6789524Z 146 added, 0 removed; done.
2026-03-12T23:04:01.6962674Z Setting up libfreetype6:amd64 (2.11.1+dfsg-1ubuntu0.3) ...
2026-03-12T23:04:01.6992667Z Setting up icu-devtools (70.1-2) ...
2026-03-12T23:04:01.7028568Z Setting up libgdbm-compat4:amd64 (1.23-1) ...
2026-03-12T23:04:01.7064732Z Setting up libgcc-11-dev:amd64 (11.4.0-1ubuntu1~22.04.3) ...
2026-03-12T23:04:01.7106897Z Setting up cpp (4:11.2.0-1ubuntu1) ...
2026-03-12T23:04:01.7167022Z Setting up gpgconf (2.2.27-3ubuntu2.5) ...
2026-03-12T23:04:01.7203937Z Setting up libcurl4:amd64 (7.81.0-1ubuntu1.23) ...
2026-03-12T23:04:01.7240169Z Setting up libc6-dev:amd64 (2.35-0ubuntu3.13) ...
2026-03-12T23:04:01.7271689Z Setting up libx11-6:amd64 (2:1.7.5-1ubuntu0.3) ...
2026-03-12T23:04:01.7303921Z Setting up libtiff5:amd64 (4.3.0-6ubuntu0.12) ...
2026-03-12T23:04:01.7335733Z Setting up curl (7.81.0-1ubuntu1.23) ...
2026-03-12T23:04:01.7370306Z Setting up libfontconfig1:amd64 (2.13.1-4.2ubuntu5) ...
2026-03-12T23:04:01.7401309Z Setting up libicu-dev:amd64 (70.1-2) ...
2026-03-12T23:04:01.7430907Z Setting up libxml2:amd64 (2.9.13+dfsg-1ubuntu0.11) ...
2026-03-12T23:04:01.7472809Z Setting up libxmuu1:amd64 (2:1.1.3-3) ...
2026-03-12T23:04:01.7507670Z Setting up gpg (2.2.27-3ubuntu2.5) ...
2026-03-12T23:04:01.7539105Z Setting up libpython3-stdlib:amd64 (3.10.6-1~22.04.1) ...
2026-03-12T23:04:01.7592652Z Setting up gnupg-utils (2.2.27-3ubuntu2.5) ...
2026-03-12T23:04:01.7622632Z Setting up binutils-x86-64-linux-gnu (2.38-4ubuntu2.12) ...
2026-03-12T23:04:01.7653435Z Setting up libperl5.34:amd64 (5.34.0-3ubuntu1.5) ...
2026-03-12T23:04:01.7689182Z Setting up gpg-agent (2.2.27-3ubuntu2.5) ...
2026-03-12T23:04:02.1862858Z Setting up python3.10 (3.10.12-1~22.04.15) ...
2026-03-12T23:04:02.7253471Z Setting up libxpm4:amd64 (1:3.5.12-1ubuntu0.22.04.2) ...
2026-03-12T23:04:02.7280993Z Setting up libarchive13:amd64 (3.6.0-1ubuntu1.5) ...
2026-03-12T23:04:02.7307270Z Setting up openssh-client (1:8.9p1-3ubuntu0.14) ...
2026-03-12T23:04:02.7819428Z update-alternatives: using /usr/bin/ssh to provide /usr/bin/rsh (rsh) in auto mode
2026-03-12T23:04:02.7821253Z update-alternatives: warning: skip creation of /usr/share/man/man1/rsh.1.gz because associated file /usr/share/man/man1/ssh.1.gz (of link group rsh) doesn't exist
2026-03-12T23:04:02.7839715Z update-alternatives: using /usr/bin/slogin to provide /usr/bin/rlogin (rlogin) in auto mode
2026-03-12T23:04:02.7842140Z update-alternatives: warning: skip creation of /usr/share/man/man1/rlogin.1.gz because associated file /usr/share/man/man1/slogin.1.gz (of link group rlogin) doesn't exist
2026-03-12T23:04:02.7858784Z update-alternatives: using /usr/bin/scp to provide /usr/bin/rcp (rcp) in auto mode
2026-03-12T23:04:02.7860381Z update-alternatives: warning: skip creation of /usr/share/man/man1/rcp.1.gz because associated file /usr/share/man/man1/scp.1.gz (of link group rcp) doesn't exist
2026-03-12T23:04:02.7914196Z Setting up gpgsm (2.2.27-3ubuntu2.5) ...
2026-03-12T23:04:02.7949835Z Setting up libxext6:amd64 (2:1.3.4-1build1) ...
2026-03-12T23:04:02.7978874Z Setting up libcurl3-gnutls:amd64 (7.81.0-1ubuntu1.23) ...
2026-03-12T23:04:02.8013593Z Setting up python3 (3.10.6-1~22.04.1) ...
2026-03-12T23:04:02.8083528Z running python rtupdate hooks for python3.10...
2026-03-12T23:04:02.8084334Z running python post-rtupdate hooks for python3.10...
2026-03-12T23:04:02.8844573Z Setting up binutils (2.38-4ubuntu2.12) ...
2026-03-12T23:04:02.8871510Z Setting up dirmngr (2.2.27-3ubuntu2.5) ...
2026-03-12T23:04:03.0044550Z Setting up perl (5.34.0-3ubuntu1.5) ...
2026-03-12T23:04:03.0146148Z Setting up libxml2-dev:amd64 (2.9.13+dfsg-1ubuntu0.11) ...
2026-03-12T23:04:03.0192394Z Setting up libcurl4-openssl-dev:amd64 (7.81.0-1ubuntu1.23) ...
2026-03-12T23:04:03.0226415Z Setting up uuid-dev:amd64 (2.37.2-4ubuntu3.5) ...
2026-03-12T23:04:03.0263514Z Setting up shared-mime-info (2.1-2) ...
2026-03-12T23:04:03.7887123Z Setting up libgd3:amd64 (2.3.0-2ubuntu2.3) ...
2026-03-12T23:04:03.7918633Z Setting up libdpkg-perl (1.21.1ubuntu2.6) ...
2026-03-12T23:04:03.7952314Z Setting up libstdc++-11-dev:amd64 (11.4.0-1ubuntu1~22.04.3) ...
2026-03-12T23:04:03.7988253Z Setting up gpg-wks-server (2.2.27-3ubuntu2.5) ...
2026-03-12T23:04:03.8028549Z Setting up gcc-11 (11.4.0-1ubuntu1~22.04.3) ...
2026-03-12T23:04:03.8056542Z Setting up xauth (1:1.1-1build2) ...
2026-03-12T23:04:03.8094571Z Setting up cmake (3.22.1-1ubuntu1.22.04.2) ...
2026-03-12T23:04:03.8129534Z Setting up lsb-release (11.1.0ubuntu4) ...
2026-03-12T23:04:03.8190999Z Setting up libc-devtools (2.35-0ubuntu3.13) ...
2026-03-12T23:04:03.8222186Z Setting up gpg-wks-client (2.2.27-3ubuntu2.5) ...
2026-03-12T23:04:03.8340454Z Setting up g++-11 (11.4.0-1ubuntu1~22.04.3) ...
2026-03-12T23:04:03.8365385Z Setting up libfile-fcntllock-perl (0.22-3build7) ...
2026-03-12T23:04:03.8394728Z Setting up libalgorithm-diff-perl (1.201-1) ...
2026-03-12T23:04:03.8418385Z Setting up gcc (4:11.2.0-1ubuntu1) ...
2026-03-12T23:04:03.8511206Z Setting up dpkg-dev (1.21.1ubuntu2.6) ...
2026-03-12T23:04:03.8571815Z Setting up liberror-perl (0.17029-1) ...
2026-03-12T23:04:03.8601930Z Setting up pkg-config (0.29.2-1ubuntu3) ...
2026-03-12T23:04:03.8954322Z Setting up git (1:2.34.1-1ubuntu1.17) ...
2026-03-12T23:04:03.9038317Z Setting up g++ (4:11.2.0-1ubuntu1) ...
2026-03-12T23:04:03.9170172Z update-alternatives: using /usr/bin/g++ to provide /usr/bin/c++ (c++) in auto mode
2026-03-12T23:04:03.9171688Z update-alternatives: warning: skip creation of /usr/share/man/man1/c++.1.gz because associated file /usr/share/man/man1/g++.1.gz (of link group c++) doesn't exist
2026-03-12T23:04:03.9191432Z Setting up gnupg (2.2.27-3ubuntu2.5) ...
2026-03-12T23:04:03.9224404Z Setting up build-essential (12.9ubuntu3) ...
2026-03-12T23:04:03.9252254Z Setting up libalgorithm-diff-xs-perl (0.04-6build3) ...
2026-03-12T23:04:03.9278788Z Setting up libalgorithm-merge-perl (0.08-3) ...
2026-03-12T23:04:03.9309043Z Processing triggers for libc-bin (2.35-0ubuntu3.13) ...
2026-03-12T23:04:03.9480238Z Processing triggers for ca-certificates (20240203~22.04.1) ...
2026-03-12T23:04:03.9524904Z Updating certificates in /etc/ssl/certs...
2026-03-12T23:04:04.4149856Z 0 added, 0 removed; done.
2026-03-12T23:04:04.4150769Z Running hooks in /etc/ca-certificates/update.d...
2026-03-12T23:04:04.4159053Z done.
2026-03-12T23:04:05.3623672Z Reading package lists...
2026-03-12T23:04:05.5534300Z Building dependency tree...
2026-03-12T23:04:05.5534899Z Reading state information...
2026-03-12T23:04:05.6921963Z The following additional packages will be installed:
2026-03-12T23:04:05.6931620Z   cpp-10 gcc-10-base libgcc-10-dev libstdc++-10-dev
2026-03-12T23:04:05.6937055Z Suggested packages:
2026-03-12T23:04:05.6937654Z   gcc-10-locales g++-10-multilib gcc-10-doc gcc-10-multilib libstdc++-10-doc
2026-03-12T23:04:05.7225932Z The following NEW packages will be installed:
2026-03-12T23:04:05.7231942Z   cpp-10 g++-10 gcc-10 gcc-10-base libgcc-10-dev libstdc++-10-dev
2026-03-12T23:04:06.1738123Z 0 upgraded, 6 newly installed, 0 to remove and 7 not upgraded.
2026-03-12T23:04:06.1738543Z Need to get 43.7 MB of archives.
2026-03-12T23:04:06.1739141Z After this operation, 142 MB of additional disk space will be used.
2026-03-12T23:04:06.1739839Z Get:1 http://archive.ubuntu.com/ubuntu jammy-updates/universe amd64 gcc-10-base amd64 10.5.0-1ubuntu1~22.04.3 [213 kB]
2026-03-12T23:04:06.5403096Z Get:2 http://archive.ubuntu.com/ubuntu jammy-updates/universe amd64 cpp-10 amd64 10.5.0-1ubuntu1~22.04.3 [9396 kB]
2026-03-12T23:04:06.9572622Z Get:3 http://archive.ubuntu.com/ubuntu jammy-updates/universe amd64 libgcc-10-dev amd64 10.5.0-1ubuntu1~22.04.3 [2493 kB]
2026-03-12T23:04:06.9951276Z Get:4 http://archive.ubuntu.com/ubuntu jammy-updates/universe amd64 gcc-10 amd64 10.5.0-1ubuntu1~22.04.3 [19.1 MB]
2026-03-12T23:04:07.3055759Z Get:5 http://archive.ubuntu.com/ubuntu jammy-updates/universe amd64 libstdc++-10-dev amd64 10.5.0-1ubuntu1~22.04.3 [1868 kB]
2026-03-12T23:04:07.3333546Z Get:6 http://archive.ubuntu.com/ubuntu jammy-updates/universe amd64 g++-10 amd64 10.5.0-1ubuntu1~22.04.3 [10.7 MB]
2026-03-12T23:04:07.6134666Z debconf: delaying package configuration, since apt-utils is not installed
2026-03-12T23:04:07.6371691Z Fetched 43.7 MB in 2s (24.6 MB/s)
2026-03-12T23:04:07.6497831Z Selecting previously unselected package gcc-10-base:amd64.
2026-03-12T23:04:07.6523942Z (Reading database ...
2026-03-12T23:04:07.6524300Z (Reading database ... 5%
2026-03-12T23:04:07.6524558Z (Reading database ... 10%
2026-03-12T23:04:07.6524981Z (Reading database ... 15%
2026-03-12T23:04:07.6525357Z (Reading database ... 20%
2026-03-12T23:04:07.6525792Z (Reading database ... 25%
2026-03-12T23:04:07.6526135Z (Reading database ... 30%
2026-03-12T23:04:07.6526409Z (Reading database ... 35%
2026-03-12T23:04:07.6526824Z (Reading database ... 40%
2026-03-12T23:04:07.6527177Z (Reading database ... 45%
2026-03-12T23:04:07.6527423Z (Reading database ... 50%
2026-03-12T23:04:07.6527923Z (Reading database ... 55%
2026-03-12T23:04:07.6528384Z (Reading database ... 60%
2026-03-12T23:04:07.6542799Z (Reading database ... 65%
2026-03-12T23:04:07.6565685Z (Reading database ... 70%
2026-03-12T23:04:07.6573560Z (Reading database ... 75%
2026-03-12T23:04:07.6585044Z (Reading database ... 80%
2026-03-12T23:04:07.6602167Z (Reading database ... 85%
2026-03-12T23:04:07.6618426Z (Reading database ... 90%
2026-03-12T23:04:07.6625641Z (Reading database ... 95%
2026-03-12T23:04:07.6626095Z (Reading database ... 100%
2026-03-12T23:04:07.6626581Z (Reading database ... 21758 files and directories currently installed.)
2026-03-12T23:04:07.6634540Z Preparing to unpack .../0-gcc-10-base_10.5.0-1ubuntu1~22.04.3_amd64.deb ...
2026-03-12T23:04:07.6652108Z Unpacking gcc-10-base:amd64 (10.5.0-1ubuntu1~22.04.3) ...
2026-03-12T23:04:07.6827544Z Selecting previously unselected package cpp-10.
2026-03-12T23:04:07.6849655Z Preparing to unpack .../1-cpp-10_10.5.0-1ubuntu1~22.04.3_amd64.deb ...
2026-03-12T23:04:07.6864430Z Unpacking cpp-10 (10.5.0-1ubuntu1~22.04.3) ...
2026-03-12T23:04:07.7941412Z Selecting previously unselected package libgcc-10-dev:amd64.
2026-03-12T23:04:07.7964132Z Preparing to unpack .../2-libgcc-10-dev_10.5.0-1ubuntu1~22.04.3_amd64.deb ...
2026-03-12T23:04:07.7973065Z Unpacking libgcc-10-dev:amd64 (10.5.0-1ubuntu1~22.04.3) ...
2026-03-12T23:04:07.8751512Z Selecting previously unselected package gcc-10.
2026-03-12T23:04:07.8774455Z Preparing to unpack .../3-gcc-10_10.5.0-1ubuntu1~22.04.3_amd64.deb ...
2026-03-12T23:04:07.8783336Z Unpacking gcc-10 (10.5.0-1ubuntu1~22.04.3) ...
2026-03-12T23:04:08.0871709Z Selecting previously unselected package libstdc++-10-dev:amd64.
2026-03-12T23:04:08.0894436Z Preparing to unpack .../4-libstdc++-10-dev_10.5.0-1ubuntu1~22.04.3_amd64.deb ...
2026-03-12T23:04:08.0906053Z Unpacking libstdc++-10-dev:amd64 (10.5.0-1ubuntu1~22.04.3) ...
2026-03-12T23:04:08.2695493Z Selecting previously unselected package g++-10.
2026-03-12T23:04:08.2720346Z Preparing to unpack .../5-g++-10_10.5.0-1ubuntu1~22.04.3_amd64.deb ...
2026-03-12T23:04:08.2729682Z Unpacking g++-10 (10.5.0-1ubuntu1~22.04.3) ...
2026-03-12T23:04:08.3949781Z Setting up gcc-10-base:amd64 (10.5.0-1ubuntu1~22.04.3) ...
2026-03-12T23:04:08.4082517Z Setting up cpp-10 (10.5.0-1ubuntu1~22.04.3) ...
2026-03-12T23:04:08.4116096Z Setting up libgcc-10-dev:amd64 (10.5.0-1ubuntu1~22.04.3) ...
2026-03-12T23:04:08.4153645Z Setting up gcc-10 (10.5.0-1ubuntu1~22.04.3) ...
2026-03-12T23:04:08.4189308Z Setting up libstdc++-10-dev:amd64 (10.5.0-1ubuntu1~22.04.3) ...
2026-03-12T23:04:08.4214366Z Setting up g++-10 (10.5.0-1ubuntu1~22.04.3) ...
2026-03-12T23:04:08.4441865Z Installing packages required for static analysis...
2026-03-12T23:04:09.3883103Z Reading package lists...
2026-03-12T23:04:09.6131647Z Building dependency tree...
2026-03-12T23:04:09.6132114Z Reading state information...
2026-03-12T23:04:09.7715297Z The following additional packages will be installed:
2026-03-12T23:04:09.7716072Z   binfmt-support clang-14 clang-tidy-14 clang-tools-14 lib32gcc-s1
2026-03-12T23:04:09.7716968Z   lib32stdc++6 libc6-i386 libclang-common-14-dev libclang-cpp14 libclang1-14
2026-03-12T23:04:09.7717899Z   libffi-dev libgc1 libllvm14 libncurses-dev libobjc-11-dev libobjc4 libpfm4
2026-03-12T23:04:09.7721195Z   libpipeline1 libtinfo-dev libtinyxml2-9 libyaml-0-2 libz3-4 libz3-dev
2026-03-12T23:04:09.7722100Z   llvm-14 llvm-14-dev llvm-14-linker-tools llvm-14-runtime llvm-14-tools
2026-03-12T23:04:09.7724099Z   python3-pkg-resources python3-pygments python3-yaml
2026-03-12T23:04:09.7730741Z Suggested packages:
2026-03-12T23:04:09.7731294Z   clang-14-doc cppcheck-gui ncurses-doc llvm-14-doc python3-setuptools
2026-03-12T23:04:09.7731686Z   python-pygments-doc ttf-bitstream-vera
2026-03-12T23:04:09.8863766Z The following NEW packages will be installed:
2026-03-12T23:04:09.8864611Z   binfmt-support clang clang-14 clang-tidy clang-tidy-14 clang-tools-14
2026-03-12T23:04:09.8865447Z   cppcheck lib32gcc-s1 lib32stdc++6 libc6-i386 libclang-common-14-dev
2026-03-12T23:04:09.8866395Z   libclang-cpp14 libclang1-14 libffi-dev libgc1 libllvm14 libncurses-dev
2026-03-12T23:04:09.8867461Z   libobjc-11-dev libobjc4 libpfm4 libpipeline1 libtinfo-dev libtinyxml2-9
2026-03-12T23:04:09.8870234Z   libyaml-0-2 libz3-4 libz3-dev llvm-14 llvm-14-dev llvm-14-linker-tools
2026-03-12T23:04:09.8872153Z   llvm-14-runtime llvm-14-tools python3-pkg-resources python3-pygments
2026-03-12T23:04:09.8872946Z   python3-yaml
2026-03-12T23:04:10.1973196Z 0 upgraded, 34 newly installed, 0 to remove and 7 not upgraded.
2026-03-12T23:04:10.1973643Z Need to get 124 MB of archives.
2026-03-12T23:04:10.1974027Z After this operation, 704 MB of additional disk space will be used.
2026-03-12T23:04:10.1974672Z Get:1 http://archive.ubuntu.com/ubuntu jammy/main amd64 libyaml-0-2 amd64 0.2.2-1build2 [51.6 kB]
2026-03-12T23:04:10.4343030Z Get:2 http://archive.ubuntu.com/ubuntu jammy-updates/main amd64 python3-pkg-resources all 59.6.0-1.2ubuntu0.22.04.3 [133 kB]
2026-03-12T23:04:10.5618627Z Get:3 http://archive.ubuntu.com/ubuntu jammy/main amd64 python3-yaml amd64 5.4.1-1ubuntu1 [129 kB]
2026-03-12T23:04:10.6229864Z Get:4 http://archive.ubuntu.com/ubuntu jammy/main amd64 libpipeline1 amd64 1.5.5-1 [23.5 kB]
2026-03-12T23:04:10.6325336Z Get:5 http://archive.ubuntu.com/ubuntu jammy/main amd64 binfmt-support amd64 2.2.1-2 [55.8 kB]
2026-03-12T23:04:10.6532449Z Get:6 http://archive.ubuntu.com/ubuntu jammy-updates/main amd64 libllvm14 amd64 1:14.0.0-1ubuntu1.1 [24.0 MB]
2026-03-12T23:04:11.2744850Z Get:7 http://archive.ubuntu.com/ubuntu jammy-updates/universe amd64 libclang-cpp14 amd64 1:14.0.0-1ubuntu1.1 [12.1 MB]
2026-03-12T23:04:11.4806314Z Get:8 http://archive.ubuntu.com/ubuntu jammy/main amd64 libgc1 amd64 1:8.0.6-1.1build1 [96.8 kB]
2026-03-12T23:04:11.4821598Z Get:9 http://archive.ubuntu.com/ubuntu jammy-updates/universe amd64 libobjc4 amd64 12.3.0-1ubuntu1~22.04.3 [48.7 kB]
2026-03-12T23:04:11.4828772Z Get:10 http://archive.ubuntu.com/ubuntu jammy-updates/universe amd64 libobjc-11-dev amd64 11.4.0-1ubuntu1~22.04.3 [196 kB]
2026-03-12T23:04:11.4854255Z Get:11 http://archive.ubuntu.com/ubuntu jammy-updates/main amd64 libc6-i386 amd64 2.35-0ubuntu3.13 [2837 kB]
2026-03-12T23:04:11.5312994Z Get:12 http://archive.ubuntu.com/ubuntu jammy-updates/main amd64 lib32gcc-s1 amd64 12.3.0-1ubuntu1~22.04.3 [63.9 kB]
2026-03-12T23:04:11.5321783Z Get:13 http://archive.ubuntu.com/ubuntu jammy-updates/main amd64 lib32stdc++6 amd64 12.3.0-1ubuntu1~22.04.3 [739 kB]
2026-03-12T23:04:11.5465155Z Get:14 http://archive.ubuntu.com/ubuntu jammy-updates/universe amd64 libclang-common-14-dev amd64 1:14.0.0-1ubuntu1.1 [5975 kB]
2026-03-12T23:04:11.6561330Z Get:15 http://archive.ubuntu.com/ubuntu jammy-updates/universe amd64 llvm-14-linker-tools amd64 1:14.0.0-1ubuntu1.1 [1355 kB]
2026-03-12T23:04:11.6782224Z Get:16 http://archive.ubuntu.com/ubuntu jammy-updates/universe amd64 libclang1-14 amd64 1:14.0.0-1ubuntu1.1 [6792 kB]
2026-03-12T23:04:11.7951001Z Get:17 http://archive.ubuntu.com/ubuntu jammy-updates/universe amd64 clang-14 amd64 1:14.0.0-1ubuntu1.1 [81.2 kB]
2026-03-12T23:04:11.7964357Z Get:18 http://archive.ubuntu.com/ubuntu jammy/universe amd64 clang amd64 1:14.0-55~exp2 [3558 B]
2026-03-12T23:04:11.7966923Z Get:19 http://archive.ubuntu.com/ubuntu jammy-updates/universe amd64 clang-tools-14 amd64 1:14.0.0-1ubuntu1.1 [6962 kB]
2026-03-12T23:04:11.9181486Z Get:20 http://archive.ubuntu.com/ubuntu jammy-updates/universe amd64 clang-tidy-14 amd64 1:14.0.0-1ubuntu1.1 [1626 kB]
2026-03-12T23:04:11.9457817Z Get:21 http://archive.ubuntu.com/ubuntu jammy/universe amd64 clang-tidy amd64 1:14.0-55~exp2 [3456 B]
2026-03-12T23:04:11.9459292Z Get:22 http://archive.ubuntu.com/ubuntu jammy/universe amd64 libtinyxml2-9 amd64 9.0.0+dfsg-3 [32.5 kB]
2026-03-12T23:04:11.9463797Z Get:23 http://archive.ubuntu.com/ubuntu jammy/universe amd64 libz3-4 amd64 4.8.12-1 [5766 kB]
2026-03-12T23:04:12.0464933Z Get:24 http://archive.ubuntu.com/ubuntu jammy-updates/main amd64 python3-pygments all 2.11.2+dfsg-2ubuntu0.1 [750 kB]
2026-03-12T23:04:12.0584332Z Get:25 http://archive.ubuntu.com/ubuntu jammy/universe amd64 cppcheck amd64 2.7-1 [2016 kB]
2026-03-12T23:04:12.0922255Z Get:26 http://archive.ubuntu.com/ubuntu jammy-updates/main amd64 libncurses-dev amd64 6.3-2ubuntu0.1 [381 kB]
2026-03-12T23:04:12.0996520Z Get:27 http://archive.ubuntu.com/ubuntu jammy-updates/main amd64 libtinfo-dev amd64 6.3-2ubuntu0.1 [780 B]
2026-03-12T23:04:12.0997817Z Get:28 http://archive.ubuntu.com/ubuntu jammy-updates/universe amd64 llvm-14-runtime amd64 1:14.0.0-1ubuntu1.1 [484 kB]
2026-03-12T23:04:12.1079235Z Get:29 http://archive.ubuntu.com/ubuntu jammy-updates/main amd64 libpfm4 amd64 4.11.1+git32-gd0b85fb-1ubuntu0.1 [345 kB]
2026-03-12T23:04:12.1137601Z Get:30 http://archive.ubuntu.com/ubuntu jammy-updates/universe amd64 llvm-14 amd64 1:14.0.0-1ubuntu1.1 [12.7 MB]
2026-03-12T23:04:12.3368398Z Get:31 http://archive.ubuntu.com/ubuntu jammy/main amd64 libffi-dev amd64 3.4.2-4 [63.7 kB]
2026-03-12T23:04:12.3372825Z Get:32 http://archive.ubuntu.com/ubuntu jammy-updates/universe amd64 llvm-14-tools amd64 1:14.0.0-1ubuntu1.1 [404 kB]
2026-03-12T23:04:12.3427439Z Get:33 http://archive.ubuntu.com/ubuntu jammy/universe amd64 libz3-dev amd64 4.8.12-1 [72.2 kB]
2026-03-12T23:04:12.3438265Z Get:34 http://archive.ubuntu.com/ubuntu jammy-updates/universe amd64 llvm-14-dev amd64 1:14.0.0-1ubuntu1.1 [37.8 MB]
2026-03-12T23:04:13.1122459Z debconf: delaying package configuration, since apt-utils is not installed
2026-03-12T23:04:13.1362520Z Fetched 124 MB in 3s (39.9 MB/s)
2026-03-12T23:04:13.1509792Z Selecting previously unselected package libyaml-0-2:amd64.
2026-03-12T23:04:13.1534886Z (Reading database ...
2026-03-12T23:04:13.1535286Z (Reading database ... 5%
2026-03-12T23:04:13.1535676Z (Reading database ... 10%
2026-03-12T23:04:13.1536046Z (Reading database ... 15%
2026-03-12T23:04:13.1536313Z (Reading database ... 20%
2026-03-12T23:04:13.1536543Z (Reading database ... 25%
2026-03-12T23:04:13.1536774Z (Reading database ... 30%
2026-03-12T23:04:13.1537004Z (Reading database ... 35%
2026-03-12T23:04:13.1537236Z (Reading database ... 40%
2026-03-12T23:04:13.1537469Z (Reading database ... 45%
2026-03-12T23:04:13.1537697Z (Reading database ... 50%
2026-03-12T23:04:13.1537929Z (Reading database ... 55%
2026-03-12T23:04:13.1538375Z (Reading database ... 60%
2026-03-12T23:04:13.1551996Z (Reading database ... 65%
2026-03-12T23:04:13.1565288Z (Reading database ... 70%
2026-03-12T23:04:13.1576761Z (Reading database ... 75%
2026-03-12T23:04:13.1583910Z (Reading database ... 80%
2026-03-12T23:04:13.1601100Z (Reading database ... 85%
2026-03-12T23:04:13.1620629Z (Reading database ... 90%
2026-03-12T23:04:13.1627760Z (Reading database ... 95%
2026-03-12T23:04:13.1628180Z (Reading database ... 100%
2026-03-12T23:04:13.1628770Z (Reading database ... 22814 files and directories currently installed.)
2026-03-12T23:04:13.1634917Z Preparing to unpack .../00-libyaml-0-2_0.2.2-1build2_amd64.deb ...
2026-03-12T23:04:13.1675250Z Unpacking libyaml-0-2:amd64 (0.2.2-1build2) ...
2026-03-12T23:04:13.1832166Z Selecting previously unselected package python3-pkg-resources.
2026-03-12T23:04:13.1852342Z Preparing to unpack .../01-python3-pkg-resources_59.6.0-1.2ubuntu0.22.04.3_all.deb ...
2026-03-12T23:04:13.1862939Z Unpacking python3-pkg-resources (59.6.0-1.2ubuntu0.22.04.3) ...
2026-03-12T23:04:13.2059372Z Selecting previously unselected package python3-yaml.
2026-03-12T23:04:13.2082375Z Preparing to unpack .../02-python3-yaml_5.4.1-1ubuntu1_amd64.deb ...
2026-03-12T23:04:13.2101745Z Unpacking python3-yaml (5.4.1-1ubuntu1) ...
2026-03-12T23:04:13.2303733Z Selecting previously unselected package libpipeline1:amd64.
2026-03-12T23:04:13.2326930Z Preparing to unpack .../03-libpipeline1_1.5.5-1_amd64.deb ...
2026-03-12T23:04:13.2336642Z Unpacking libpipeline1:amd64 (1.5.5-1) ...
2026-03-12T23:04:13.2490645Z Selecting previously unselected package binfmt-support.
2026-03-12T23:04:13.2514413Z Preparing to unpack .../04-binfmt-support_2.2.1-2_amd64.deb ...
2026-03-12T23:04:13.2523321Z Unpacking binfmt-support (2.2.1-2) ...
2026-03-12T23:04:13.2699876Z Selecting previously unselected package libllvm14:amd64.
2026-03-12T23:04:13.2723313Z Preparing to unpack .../05-libllvm14_1%3a14.0.0-1ubuntu1.1_amd64.deb ...
2026-03-12T23:04:13.2751848Z Unpacking libllvm14:amd64 (1:14.0.0-1ubuntu1.1) ...
2026-03-12T23:04:13.6280196Z Selecting previously unselected package libclang-cpp14.
2026-03-12T23:04:13.6303641Z Preparing to unpack .../06-libclang-cpp14_1%3a14.0.0-1ubuntu1.1_amd64.deb ...
2026-03-12T23:04:13.6316856Z Unpacking libclang-cpp14 (1:14.0.0-1ubuntu1.1) ...
2026-03-12T23:04:13.8161970Z Selecting previously unselected package libgc1:amd64.
2026-03-12T23:04:13.8185510Z Preparing to unpack .../07-libgc1_1%3a8.0.6-1.1build1_amd64.deb ...
2026-03-12T23:04:13.8197144Z Unpacking libgc1:amd64 (1:8.0.6-1.1build1) ...
2026-03-12T23:04:13.8410144Z Selecting previously unselected package libobjc4:amd64.
2026-03-12T23:04:13.8434132Z Preparing to unpack .../08-libobjc4_12.3.0-1ubuntu1~22.04.3_amd64.deb ...
2026-03-12T23:04:13.8446414Z Unpacking libobjc4:amd64 (12.3.0-1ubuntu1~22.04.3) ...
2026-03-12T23:04:13.8602896Z Selecting previously unselected package libobjc-11-dev:amd64.
2026-03-12T23:04:13.8627414Z Preparing to unpack .../09-libobjc-11-dev_11.4.0-1ubuntu1~22.04.3_amd64.deb ...
2026-03-12T23:04:13.8637403Z Unpacking libobjc-11-dev:amd64 (11.4.0-1ubuntu1~22.04.3) ...
2026-03-12T23:04:13.8872938Z Selecting previously unselected package libc6-i386.
2026-03-12T23:04:13.8897705Z Preparing to unpack .../10-libc6-i386_2.35-0ubuntu3.13_amd64.deb ...
2026-03-12T23:04:13.8908798Z Unpacking libc6-i386 (2.35-0ubuntu3.13) ...
2026-03-12T23:04:13.9870854Z Selecting previously unselected package lib32gcc-s1.
2026-03-12T23:04:13.9895209Z Preparing to unpack .../11-lib32gcc-s1_12.3.0-1ubuntu1~22.04.3_amd64.deb ...
2026-03-12T23:04:13.9907132Z Unpacking lib32gcc-s1 (12.3.0-1ubuntu1~22.04.3) ...
2026-03-12T23:04:14.0093971Z Selecting previously unselected package lib32stdc++6.
2026-03-12T23:04:14.0117675Z Preparing to unpack .../12-lib32stdc++6_12.3.0-1ubuntu1~22.04.3_amd64.deb ...
2026-03-12T23:04:14.0130720Z Unpacking lib32stdc++6 (12.3.0-1ubuntu1~22.04.3) ...
2026-03-12T23:04:14.0360629Z Selecting previously unselected package libclang-common-14-dev.
2026-03-12T23:04:14.0384436Z Preparing to unpack .../13-libclang-common-14-dev_1%3a14.0.0-1ubuntu1.1_amd64.deb ...
2026-03-12T23:04:14.0398210Z Unpacking libclang-common-14-dev (1:14.0.0-1ubuntu1.1) ...
2026-03-12T23:04:14.3352297Z Selecting previously unselected package llvm-14-linker-tools.
2026-03-12T23:04:14.3378144Z Preparing to unpack .../14-llvm-14-linker-tools_1%3a14.0.0-1ubuntu1.1_amd64.deb ...
2026-03-12T23:04:14.3390401Z Unpacking llvm-14-linker-tools (1:14.0.0-1ubuntu1.1) ...
2026-03-12T23:04:14.3701448Z Selecting previously unselected package libclang1-14.
2026-03-12T23:04:14.3726363Z Preparing to unpack .../15-libclang1-14_1%3a14.0.0-1ubuntu1.1_amd64.deb ...
2026-03-12T23:04:14.3737696Z Unpacking libclang1-14 (1:14.0.0-1ubuntu1.1) ...
2026-03-12T23:04:14.4866387Z Selecting previously unselected package clang-14.
2026-03-12T23:04:14.4890141Z Preparing to unpack .../16-clang-14_1%3a14.0.0-1ubuntu1.1_amd64.deb ...
2026-03-12T23:04:14.4901525Z Unpacking clang-14 (1:14.0.0-1ubuntu1.1) ...
2026-03-12T23:04:14.5101731Z Selecting previously unselected package clang.
2026-03-12T23:04:14.5125836Z Preparing to unpack .../17-clang_1%3a14.0-55~exp2_amd64.deb ...
2026-03-12T23:04:14.5137068Z Unpacking clang (1:14.0-55~exp2) ...
2026-03-12T23:04:14.5295409Z Selecting previously unselected package clang-tools-14.
2026-03-12T23:04:14.5318899Z Preparing to unpack .../18-clang-tools-14_1%3a14.0.0-1ubuntu1.1_amd64.deb ...
2026-03-12T23:04:14.5328763Z Unpacking clang-tools-14 (1:14.0.0-1ubuntu1.1) ...
2026-03-12T23:04:14.6595529Z Selecting previously unselected package clang-tidy-14.
2026-03-12T23:04:14.6620241Z Preparing to unpack .../19-clang-tidy-14_1%3a14.0.0-1ubuntu1.1_amd64.deb ...
2026-03-12T23:04:14.6628912Z Unpacking clang-tidy-14 (1:14.0.0-1ubuntu1.1) ...
2026-03-12T23:04:14.7062252Z Selecting previously unselected package clang-tidy.
2026-03-12T23:04:14.7086320Z Preparing to unpack .../20-clang-tidy_1%3a14.0-55~exp2_amd64.deb ...
2026-03-12T23:04:14.7095815Z Unpacking clang-tidy (1:14.0-55~exp2) ...
2026-03-12T23:04:14.7285138Z Selecting previously unselected package libtinyxml2-9:amd64.
2026-03-12T23:04:14.7308417Z Preparing to unpack .../21-libtinyxml2-9_9.0.0+dfsg-3_amd64.deb ...
2026-03-12T23:04:14.7318401Z Unpacking libtinyxml2-9:amd64 (9.0.0+dfsg-3) ...
2026-03-12T23:04:14.7482548Z Selecting previously unselected package libz3-4:amd64.
2026-03-12T23:04:14.7506955Z Preparing to unpack .../22-libz3-4_4.8.12-1_amd64.deb ...
2026-03-12T23:04:14.7520637Z Unpacking libz3-4:amd64 (4.8.12-1) ...
2026-03-12T23:04:14.8222585Z Selecting previously unselected package python3-pygments.
2026-03-12T23:04:14.8246981Z Preparing to unpack .../23-python3-pygments_2.11.2+dfsg-2ubuntu0.1_all.deb ...
2026-03-12T23:04:14.8257899Z Unpacking python3-pygments (2.11.2+dfsg-2ubuntu0.1) ...
2026-03-12T23:04:14.8954192Z Selecting previously unselected package cppcheck.
2026-03-12T23:04:14.8978818Z Preparing to unpack .../24-cppcheck_2.7-1_amd64.deb ...
2026-03-12T23:04:14.8993189Z Unpacking cppcheck (2.7-1) ...
2026-03-12T23:04:14.9510338Z Selecting previously unselected package libncurses-dev:amd64.
2026-03-12T23:04:14.9534956Z Preparing to unpack .../25-libncurses-dev_6.3-2ubuntu0.1_amd64.deb ...
2026-03-12T23:04:14.9545482Z Unpacking libncurses-dev:amd64 (6.3-2ubuntu0.1) ...
2026-03-12T23:04:14.9933882Z Selecting previously unselected package libtinfo-dev:amd64.
2026-03-12T23:04:14.9957926Z Preparing to unpack .../26-libtinfo-dev_6.3-2ubuntu0.1_amd64.deb ...
2026-03-12T23:04:14.9971754Z Unpacking libtinfo-dev:amd64 (6.3-2ubuntu0.1) ...
2026-03-12T23:04:15.0117262Z Selecting previously unselected package llvm-14-runtime.
2026-03-12T23:04:15.0141468Z Preparing to unpack .../27-llvm-14-runtime_1%3a14.0.0-1ubuntu1.1_amd64.deb ...
2026-03-12T23:04:15.0150803Z Unpacking llvm-14-runtime (1:14.0.0-1ubuntu1.1) ...
2026-03-12T23:04:15.0382908Z Selecting previously unselected package libpfm4:amd64.
2026-03-12T23:04:15.0407920Z Preparing to unpack .../28-libpfm4_4.11.1+git32-gd0b85fb-1ubuntu0.1_amd64.deb ...
2026-03-12T23:04:15.0418128Z Unpacking libpfm4:amd64 (4.11.1+git32-gd0b85fb-1ubuntu0.1) ...
2026-03-12T23:04:15.0636865Z Selecting previously unselected package llvm-14.
2026-03-12T23:04:15.0661625Z Preparing to unpack .../29-llvm-14_1%3a14.0.0-1ubuntu1.1_amd64.deb ...
2026-03-12T23:04:15.0671825Z Unpacking llvm-14 (1:14.0.0-1ubuntu1.1) ...
2026-03-12T23:04:15.2662560Z Selecting previously unselected package libffi-dev:amd64.
2026-03-12T23:04:15.2687270Z Preparing to unpack .../30-libffi-dev_3.4.2-4_amd64.deb ...
2026-03-12T23:04:15.2726035Z Unpacking libffi-dev:amd64 (3.4.2-4) ...
2026-03-12T23:04:15.2909821Z Selecting previously unselected package llvm-14-tools.
2026-03-12T23:04:15.2935025Z Preparing to unpack .../31-llvm-14-tools_1%3a14.0.0-1ubuntu1.1_amd64.deb ...
2026-03-12T23:04:15.2944825Z Unpacking llvm-14-tools (1:14.0.0-1ubuntu1.1) ...
2026-03-12T23:04:15.4159300Z Selecting previously unselected package libz3-dev:amd64.
2026-03-12T23:04:15.4186570Z Preparing to unpack .../32-libz3-dev_4.8.12-1_amd64.deb ...
2026-03-12T23:04:15.4195960Z Unpacking libz3-dev:amd64 (4.8.12-1) ...
2026-03-12T23:04:15.4396583Z Selecting previously unselected package llvm-14-dev.
2026-03-12T23:04:15.4423216Z Preparing to unpack .../33-llvm-14-dev_1%3a14.0.0-1ubuntu1.1_amd64.deb ...
2026-03-12T23:04:15.4433574Z Unpacking llvm-14-dev (1:14.0.0-1ubuntu1.1) ...
2026-03-12T23:04:16.5216811Z Setting up python3-pkg-resources (59.6.0-1.2ubuntu0.22.04.3) ...
2026-03-12T23:04:16.6695081Z Setting up libpipeline1:amd64 (1.5.5-1) ...
2026-03-12T23:04:16.6720984Z Setting up libncurses-dev:amd64 (6.3-2ubuntu0.1) ...
2026-03-12T23:04:16.6747419Z Setting up libyaml-0-2:amd64 (0.2.2-1build2) ...
2026-03-12T23:04:16.6770476Z Setting up python3-yaml (5.4.1-1ubuntu1) ...
2026-03-12T23:04:16.8012922Z Setting up libffi-dev:amd64 (3.4.2-4) ...
2026-03-12T23:04:16.8037177Z Setting up python3-pygments (2.11.2+dfsg-2ubuntu0.1) ...
2026-03-12T23:04:17.2904314Z Setting up libz3-4:amd64 (4.8.12-1) ...
2026-03-12T23:04:17.2931594Z Setting up libpfm4:amd64 (4.11.1+git32-gd0b85fb-1ubuntu0.1) ...
2026-03-12T23:04:17.2953674Z Setting up libtinyxml2-9:amd64 (9.0.0+dfsg-3) ...
2026-03-12T23:04:17.2979715Z Setting up binfmt-support (2.2.1-2) ...
2026-03-12T23:04:17.3122131Z invoke-rc.d: could not determine current runlevel
2026-03-12T23:04:17.3152782Z invoke-rc.d: policy-rc.d denied execution of restart.
2026-03-12T23:04:17.4213496Z Setting up libgc1:amd64 (1:8.0.6-1.1build1) ...
2026-03-12T23:04:17.4235975Z Setting up cppcheck (2.7-1) ...
2026-03-12T23:04:17.4262012Z Setting up libllvm14:amd64 (1:14.0.0-1ubuntu1.1) ...
2026-03-12T23:04:17.4286069Z Setting up libc6-i386 (2.35-0ubuntu3.13) ...
2026-03-12T23:04:17.4323625Z Setting up llvm-14-linker-tools (1:14.0.0-1ubuntu1.1) ...
2026-03-12T23:04:17.4349546Z Setting up llvm-14-tools (1:14.0.0-1ubuntu1.1) ...
2026-03-12T23:04:17.4373330Z Setting up libtinfo-dev:amd64 (6.3-2ubuntu0.1) ...
2026-03-12T23:04:17.4397468Z Setting up libz3-dev:amd64 (4.8.12-1) ...
2026-03-12T23:04:17.4424636Z Setting up libclang1-14 (1:14.0.0-1ubuntu1.1) ...
2026-03-12T23:04:17.4450103Z Setting up libobjc4:amd64 (12.3.0-1ubuntu1~22.04.3) ...
2026-03-12T23:04:17.4479203Z Setting up llvm-14-runtime (1:14.0.0-1ubuntu1.1) ...
2026-03-12T23:04:17.4524697Z Setting up lib32gcc-s1 (12.3.0-1ubuntu1~22.04.3) ...
2026-03-12T23:04:17.4548601Z Setting up lib32stdc++6 (12.3.0-1ubuntu1~22.04.3) ...
2026-03-12T23:04:17.4588027Z Setting up libclang-common-14-dev (1:14.0.0-1ubuntu1.1) ...
2026-03-12T23:04:17.4613615Z Setting up libclang-cpp14 (1:14.0.0-1ubuntu1.1) ...
2026-03-12T23:04:17.4638789Z Setting up llvm-14 (1:14.0.0-1ubuntu1.1) ...
2026-03-12T23:04:17.4664705Z Setting up libobjc-11-dev:amd64 (11.4.0-1ubuntu1~22.04.3) ...
2026-03-12T23:04:17.4687432Z Setting up llvm-14-dev (1:14.0.0-1ubuntu1.1) ...
2026-03-12T23:04:17.4709759Z Setting up clang-14 (1:14.0.0-1ubuntu1.1) ...
2026-03-12T23:04:17.4734858Z Setting up clang-tools-14 (1:14.0.0-1ubuntu1.1) ...
2026-03-12T23:04:17.4760401Z Setting up clang (1:14.0-55~exp2) ...
2026-03-12T23:04:17.4865080Z Setting up clang-tidy-14 (1:14.0.0-1ubuntu1.1) ...
2026-03-12T23:04:17.4888791Z Setting up clang-tidy (1:14.0-55~exp2) ...
2026-03-12T23:04:17.4919594Z Processing triggers for libc-bin (2.35-0ubuntu3.13) ...
2026-03-12T23:04:17.5444384Z --2026-03-12 23:04:17--  https://github.com/Kitware/CMake/releases/download/v3.23.2/cmake-3.23.2-linux-x86_64.sh
2026-03-12T23:04:17.5491735Z Resolving github.com (github.com)... 140.82.116.4
2026-03-12T23:04:17.5678207Z Connecting to github.com (github.com)|140.82.116.4|:443... connected.
2026-03-12T23:04:17.8394818Z HTTP request sent, awaiting response... 302 Found
2026-03-12T23:04:17.8404854Z Location: https://release-assets.githubusercontent.com/github-production-release-asset/537699/91d64bef-2691-4691-95c6-40c33d8000dc?sp=r&sv=2018-11-09&sr=b&spr=https&se=2026-03-12T23%3A55%3A03Z&rscd=attachment%3B+filename%3Dcmake-3.23.2-linux-x86_64.sh&rsct=application%2Foctet-stream&skoid=96c2d410-5711-43a1-aedd-ab1947aa7ab0&sktid=398a6654-997b-47e9-b12b-9515b896b4de&skt=2026-03-12T22%3A54%3A39Z&ske=2026-03-12T23%3A55%3A03Z&sks=b&skv=2018-11-09&sig=xAak4aFxuaewMcvBdC%2BKUKVYZ7DAm8WvTi7%2BPODNwnA%3D&jwt=*** [following]
2026-03-12T23:04:17.8411768Z --2026-03-12 23:04:17--  https://release-assets.githubusercontent.com/github-production-release-asset/537699/91d64bef-2691-4691-95c6-40c33d8000dc?sp=r&sv=2018-11-09&sr=b&spr=https&se=2026-03-12T23%3A55%3A03Z&rscd=attachment%3B+filename%3Dcmake-3.23.2-linux-x86_64.sh&rsct=application%2Foctet-stream&skoid=96c2d410-5711-43a1-aedd-ab1947aa7ab0&sktid=398a6654-997b-47e9-b12b-9515b896b4de&skt=2026-03-12T22%3A54%3A39Z&ske=2026-03-12T23%3A55%3A03Z&sks=b&skv=2018-11-09&sig=xAak4aFxuaewMcvBdC%2BKUKVYZ7DAm8WvTi7%2BPODNwnA%3D&jwt=***
2026-03-12T23:04:17.8426491Z Resolving release-assets.githubusercontent.com (release-assets.githubusercontent.com)... 185.199.108.133, 185.199.109.133, 185.199.110.133, ...
2026-03-12T23:04:17.8439466Z Connecting to release-assets.githubusercontent.com (release-assets.githubusercontent.com)|185.199.108.133|:443... connected.
2026-03-12T23:04:17.9125901Z HTTP request sent, awaiting response... 200 OK
2026-03-12T23:04:17.9126714Z Length: 46025081 (44M) [application/octet-stream]
2026-03-12T23:04:17.9127865Z Saving to: '/__w/iot-hub-device-update/iot-hub-device-update/.workspace/cmake-3.23.2-linux-x86_64.sh'
2026-03-12T23:04:17.9160876Z
2026-03-12T23:04:17.9170550Z      0K .......... .......... .......... .......... ..........  0% 11.4M 4s
2026-03-12T23:04:17.9177015Z     50K .......... .......... .......... .......... ..........  0% 75.0M 2s
2026-03-12T23:04:17.9182663Z    100K .......... .......... .......... .......... ..........  0% 85.3M 2s
2026-03-12T23:04:17.9187859Z    150K .......... .......... .......... .......... ..........  0%  121M 1s
2026-03-12T23:04:17.9192421Z    200K .......... .......... .......... .......... ..........  0%  144M 1s
2026-03-12T23:04:17.9193881Z    250K .......... .......... .......... .......... ..........  0%  161M 1s
2026-03-12T23:04:17.9200493Z    300K .......... .......... .......... .......... ..........  0% 70.0M 1s
2026-03-12T23:04:17.9204880Z    350K .......... .......... .......... .......... ..........  0%  156M 1s
2026-03-12T23:04:17.9208604Z    400K .......... .......... .......... .......... ..........  1%  161M 1s
2026-03-12T23:04:17.9209298Z    450K .......... .......... .......... .......... ..........  1%  181M 1s
2026-03-12T23:04:17.9214054Z    500K .......... .......... .......... .......... ..........  1% 93.7M 1s
2026-03-12T23:04:17.9218554Z    550K .......... .......... .......... .......... ..........  1%  129M 1s
2026-03-12T23:04:17.9221297Z    600K .......... .......... .......... .......... ..........  1%  129M 1s
2026-03-12T23:04:17.9227810Z    650K .......... .......... .......... .......... ..........  1% 79.1M 1s
2026-03-12T23:04:17.9232508Z    700K .......... .......... .......... .......... ..........  1%  106M 1s
2026-03-12T23:04:17.9237077Z    750K .......... .......... .......... .......... ..........  1%  112M 1s
2026-03-12T23:04:17.9242634Z    800K .......... .......... .......... .......... ..........  1% 91.8M 1s
2026-03-12T23:04:17.9246535Z    850K .......... .......... .......... .......... ..........  2%  175M 1s
2026-03-12T23:04:17.9247905Z    900K .......... .......... .......... .......... ..........  2%  173M 1s
2026-03-12T23:04:17.9252014Z    950K .......... .......... .......... .......... ..........  2%  141M 1s
2026-03-12T23:04:17.9254789Z   1000K .......... .......... .......... .......... ..........  2%  147M 1s
2026-03-12T23:04:17.9261788Z   1050K .......... .......... .......... .......... ..........  2%  103M 1s
2026-03-12T23:04:17.9265270Z   1100K .......... .......... .......... .......... ..........  2% 89.5M 1s
2026-03-12T23:04:17.9269218Z   1150K .......... .......... .......... .......... ..........  2%  217M 1s
2026-03-12T23:04:17.9271674Z   1200K .......... .......... .......... .......... ..........  2%  114M 1s
2026-03-12T23:04:17.9275465Z   1250K .......... .......... .......... .......... ..........  2%  127M 0s
2026-03-12T23:04:17.9279308Z   1300K .......... .......... .......... .......... ..........  3%  105M 0s
2026-03-12T23:04:17.9283791Z   1350K .......... .......... .......... .......... ..........  3%  119M 0s
2026-03-12T23:04:17.9289318Z   1400K .......... .......... .......... .......... ..........  3% 78.0M 0s
2026-03-12T23:04:17.9294860Z   1450K .......... .......... .......... .......... ..........  3%  108M 0s
2026-03-12T23:04:17.9299276Z   1500K .......... .......... .......... .......... ..........  3%  132M 0s
2026-03-12T23:04:17.9302922Z   1550K .......... .......... .......... .......... ..........  3%  106M 0s
2026-03-12T23:04:17.9305820Z   1600K .......... .......... .......... .......... ..........  3%  221M 0s
2026-03-12T23:04:17.9307494Z   1650K .......... .......... .......... .......... ..........  3%  210M 0s
2026-03-12T23:04:17.9313896Z   1700K .......... .......... .......... .......... ..........  3% 99.3M 0s
2026-03-12T23:04:17.9315598Z   1750K .......... .......... .......... .......... ..........  4%  139M 0s
2026-03-12T23:04:17.9319444Z   1800K .......... .......... .......... .......... ..........  4%  147M 0s
2026-03-12T23:04:17.9323233Z   1850K .......... .......... .......... .......... ..........  4%  111M 0s
2026-03-12T23:04:17.9326565Z   1900K .......... .......... .......... .......... ..........  4%  167M 0s
2026-03-12T23:04:17.9330358Z   1950K .......... .......... .......... .......... ..........  4%  121M 0s
2026-03-12T23:04:17.9334460Z   2000K .......... .......... .......... .......... ..........  4%  127M 0s
2026-03-12T23:04:17.9340757Z   2050K .......... .......... .......... .......... ..........  4%  104M 0s
2026-03-12T23:04:17.9342385Z   2100K .......... .......... .......... .......... ..........  4%  146M 0s
2026-03-12T23:04:17.9345807Z   2150K .......... .......... .......... .......... ..........  4%  136M 0s
2026-03-12T23:04:17.9349468Z   2200K .......... .......... .......... .......... ..........  5%  136M 0s
2026-03-12T23:04:17.9354646Z   2250K .......... .......... .......... .......... ..........  5% 93.6M 0s
2026-03-12T23:04:17.9358185Z   2300K .......... .......... .......... .......... ..........  5%  160M 0s
2026-03-12T23:04:17.9363192Z   2350K .......... .......... .......... .......... ..........  5%  101M 0s
2026-03-12T23:04:17.9366143Z   2400K .......... .......... .......... .......... ..........  5%  144M 0s
2026-03-12T23:04:17.9368640Z   2450K .......... .......... .......... .......... ..........  5%  207M 0s
2026-03-12T23:04:17.9373874Z   2500K .......... .......... .......... .......... ..........  5% 96.5M 0s
2026-03-12T23:04:17.9377181Z   2550K .......... .......... .......... .......... ..........  5%  165M 0s
2026-03-12T23:04:17.9380302Z   2600K .......... .......... .......... .......... ..........  5%  116M 0s
2026-03-12T23:04:17.9385051Z   2650K .......... .......... .......... .......... ..........  6%  109M 0s
2026-03-12T23:04:17.9390389Z   2700K .......... .......... .......... .......... ..........  6%  104M 0s
2026-03-12T23:04:17.9395176Z   2750K .......... .......... .......... .......... ..........  6%  131M 0s
2026-03-12T23:04:17.9397010Z   2800K .......... .......... .......... .......... ..........  6%  194M 0s
2026-03-12T23:04:17.9400424Z   2850K .......... .......... .......... .......... ..........  6%  125M 0s
2026-03-12T23:04:17.9404705Z   2900K .......... .......... .......... .......... ..........  6%  119M 0s
2026-03-12T23:04:17.9407832Z   2950K .......... .......... .......... .......... ..........  6%  127M 0s
2026-03-12T23:04:17.9412086Z   3000K .......... .......... .......... .......... ..........  6%  194M 0s
2026-03-12T23:04:17.9416671Z   3050K .......... .......... .......... .......... ..........  6% 89.3M 0s
2026-03-12T23:04:17.9421205Z   3100K .......... .......... .......... .......... ..........  7%  118M 0s
2026-03-12T23:04:17.9423437Z   3150K .......... .......... .......... .......... ..........  7%  187M 0s
2026-03-12T23:04:17.9426824Z   3200K .......... .......... .......... .......... ..........  7%  138M 0s
2026-03-12T23:04:17.9432537Z   3250K .......... .......... .......... .......... ..........  7%  141M 0s
2026-03-12T23:04:17.9433621Z   3300K .......... .......... .......... .......... ..........  7%  134M 0s
2026-03-12T23:04:17.9438395Z   3350K .......... .......... .......... .......... ..........  7%  113M 0s
2026-03-12T23:04:17.9441209Z   3400K .......... .......... .......... .......... ..........  7%  202M 0s
2026-03-12T23:04:17.9445230Z   3450K .......... .......... .......... .......... ..........  7%  129M 0s
2026-03-12T23:04:17.9448097Z   3500K .......... .......... .......... .......... ..........  7%  120M 0s
2026-03-12T23:04:17.9452965Z   3550K .......... .......... .......... .......... ..........  8%  116M 0s
2026-03-12T23:04:17.9455612Z   3600K .......... .......... .......... .......... ..........  8%  182M 0s
2026-03-12T23:04:17.9460350Z   3650K .......... .......... .......... .......... ..........  8% 93.9M 0s
2026-03-12T23:04:17.9463390Z   3700K .......... .......... .......... .......... ..........  8%  161M 0s
2026-03-12T23:04:17.9468905Z   3750K .......... .......... .......... .......... ..........  8%  118M 0s
2026-03-12T23:04:17.9472626Z   3800K .......... .......... .......... .......... ..........  8%  128M 0s
2026-03-12T23:04:17.9476284Z   3850K .......... .......... .......... .......... ..........  8%  109M 0s
2026-03-12T23:04:17.9478387Z   3900K .......... .......... .......... .......... ..........  8%  173M 0s
2026-03-12T23:04:17.9483648Z   3950K .......... .......... .......... .......... ..........  8%  100M 0s
2026-03-12T23:04:17.9488515Z   4000K .......... .......... .......... .......... ..........  9%  127M 0s
2026-03-12T23:04:17.9490351Z   4050K .......... .......... .......... .......... ..........  9%  130M 0s
2026-03-12T23:04:17.9494325Z   4100K .......... .......... .......... .......... ..........  9%  179M 0s
2026-03-12T23:04:17.9497461Z   4150K .......... .......... .......... .......... ..........  9%  137M 0s
2026-03-12T23:04:17.9500657Z   4200K .......... .......... .......... .......... ..........  9%  136M 0s
2026-03-12T23:04:17.9504436Z   4250K .......... .......... .......... .......... ..........  9%  127M 0s
2026-03-12T23:04:17.9507656Z   4300K .......... .......... .......... .......... ..........  9%  171M 0s
2026-03-12T23:04:17.9511297Z   4350K .......... .......... .......... .......... ..........  9%  126M 0s
2026-03-12T23:04:17.9515692Z   4400K .......... .......... .......... .......... ..........  9%  125M 0s
2026-03-12T23:04:17.9517671Z   4450K .......... .......... .......... .......... .......... 10%  203M 0s
2026-03-12T23:04:17.9519892Z   4500K .......... .......... .......... .......... .......... 10%  188M 0s
2026-03-12T23:04:17.9524026Z   4550K .......... .......... .......... .......... .......... 10%  159M 0s
2026-03-12T23:04:17.9525329Z   4600K .......... .......... .......... .......... .......... 10%  203M 0s
2026-03-12T23:04:17.9529413Z   4650K .......... .......... .......... .......... .......... 10%  185M 0s
2026-03-12T23:04:17.9530900Z   4700K .......... .......... .......... .......... .......... 10%  187M 0s
2026-03-12T23:04:17.9533157Z   4750K .......... .......... .......... .......... .......... 10%  193M 0s
2026-03-12T23:04:17.9535089Z   4800K .......... .......... .......... .......... .......... 10%  213M 0s
2026-03-12T23:04:17.9551998Z   4850K .......... .......... .......... .......... .......... 10% 33.4M 0s
2026-03-12T23:04:17.9554189Z   4900K .......... .......... .......... .......... .......... 11%  125M 0s
2026-03-12T23:04:17.9556614Z   4950K .......... .......... .......... .......... .......... 11%  166M 0s
2026-03-12T23:04:17.9560446Z   5000K .......... .......... .......... .......... .......... 11%  186M 0s
2026-03-12T23:04:17.9563003Z   5050K .......... .......... .......... .......... .......... 11%  136M 0s
2026-03-12T23:04:17.9566145Z   5100K .......... .......... .......... .......... .......... 11%  161M 0s
2026-03-12T23:04:17.9569489Z   5150K .......... .......... .......... .......... .......... 11%  188M 0s
2026-03-12T23:04:17.9572547Z   5200K .......... .......... .......... .......... .......... 11%  150M 0s
2026-03-12T23:04:17.9577876Z   5250K .......... .......... .......... .......... .......... 11%  158M 0s
2026-03-12T23:04:17.9581114Z   5300K .......... .......... .......... .......... .......... 11%  148M 0s
2026-03-12T23:04:17.9581780Z   5350K .......... .......... .......... .......... .......... 12%  185M 0s
2026-03-12T23:04:17.9585555Z   5400K .......... .......... .......... .......... .......... 12%  183M 0s
2026-03-12T23:04:17.9593214Z   5450K .......... .......... .......... .......... .......... 12%  160M 0s
2026-03-12T23:04:17.9594118Z   5500K .......... .......... .......... .......... .......... 12%  128M 0s
2026-03-12T23:04:17.9595128Z   5550K .......... .......... .......... .......... .......... 12%  142M 0s
2026-03-12T23:04:17.9597492Z   5600K .......... .......... .......... .......... .......... 12%  203M 0s
2026-03-12T23:04:17.9599326Z   5650K .......... .......... .......... .......... .......... 12%  176M 0s
2026-03-12T23:04:17.9602222Z   5700K .......... .......... .......... .......... .......... 12%  144M 0s
2026-03-12T23:04:17.9605587Z   5750K .......... .......... .......... .......... .......... 12%  179M 0s
2026-03-12T23:04:17.9608485Z   5800K .......... .......... .......... .......... .......... 13%  166M 0s
2026-03-12T23:04:17.9611474Z   5850K .......... .......... .......... .......... .......... 13%  170M 0s
2026-03-12T23:04:17.9614948Z   5900K .......... .......... .......... .......... .......... 13%  132M 0s
2026-03-12T23:04:17.9618009Z   5950K .......... .......... .......... .......... .......... 13%  189M 0s
2026-03-12T23:04:17.9622478Z   6000K .......... .......... .......... .......... .......... 13%  189M 0s
2026-03-12T23:04:17.9624015Z   6050K .......... .......... .......... .......... .......... 13%  147M 0s
2026-03-12T23:04:17.9626099Z   6100K .......... .......... .......... .......... .......... 13%  166M 0s
2026-03-12T23:04:17.9631126Z   6150K .......... .......... .......... .......... .......... 13%  197M 0s
2026-03-12T23:04:17.9634248Z   6200K .......... .......... .......... .......... .......... 13%  199M 0s
2026-03-12T23:04:17.9637374Z   6250K .......... .......... .......... .......... .......... 14%  136M 0s
2026-03-12T23:04:17.9639425Z   6300K .......... .......... .......... .......... .......... 14%  138M 0s
2026-03-12T23:04:17.9643583Z   6350K .......... .......... .......... .......... .......... 14%  165M 0s
2026-03-12T23:04:17.9645631Z   6400K .......... .......... .......... .......... .......... 14%  143M 0s
2026-03-12T23:04:17.9649246Z   6450K .......... .......... .......... .......... .......... 14%  197M 0s
2026-03-12T23:04:17.9651115Z   6500K .......... .......... .......... .......... .......... 14%  171M 0s
2026-03-12T23:04:17.9654907Z   6550K .......... .......... .......... .......... .......... 14%  153M 0s
2026-03-12T23:04:17.9658036Z   6600K .......... .......... .......... .......... .......... 14%  173M 0s
2026-03-12T23:04:17.9658700Z   6650K .......... .......... .......... .......... .......... 14%  194M 0s
2026-03-12T23:04:17.9665030Z   6700K .......... .......... .......... .......... .......... 15%  127M 0s
2026-03-12T23:04:17.9666565Z   6750K .......... .......... .......... .......... .......... 15%  155M 0s
2026-03-12T23:04:17.9670125Z   6800K .......... .......... .......... .......... .......... 15%  202M 0s
2026-03-12T23:04:17.9672524Z   6850K .......... .......... .......... .......... .......... 15%  194M 0s
2026-03-12T23:04:17.9677898Z   6900K .......... .......... .......... .......... .......... 15%  147M 0s
2026-03-12T23:04:17.9679880Z   6950K .......... .......... .......... .......... .......... 15%  189M 0s
2026-03-12T23:04:17.9683497Z   7000K .......... .......... .......... .......... .......... 15%  208M 0s
2026-03-12T23:04:17.9684128Z   7050K .......... .......... .......... .......... .......... 15%  199M 0s
2026-03-12T23:04:17.9685239Z   7100K .......... .......... .......... .......... .......... 15%  148M 0s
2026-03-12T23:04:17.9688501Z   7150K .......... .......... .......... .......... .......... 16%  174M 0s
2026-03-12T23:04:17.9691541Z   7200K .......... .......... .......... .......... .......... 16%  185M 0s
2026-03-12T23:04:17.9694139Z   7250K .......... .......... .......... .......... .......... 16%  169M 0s
2026-03-12T23:04:17.9698704Z   7300K .......... .......... .......... .......... .......... 16%  142M 0s
2026-03-12T23:04:17.9701684Z   7350K .......... .......... .......... .......... .......... 16%  179M 0s
2026-03-12T23:04:17.9704052Z   7400K .......... .......... .......... .......... .......... 16%  155M 0s
2026-03-12T23:04:17.9705053Z   7450K .......... .......... .......... .......... .......... 16%  165M 0s
2026-03-12T23:04:17.9707579Z   7500K .......... .......... .......... .......... .......... 16%  165M 0s
2026-03-12T23:04:17.9711410Z   7550K .......... .......... .......... .......... .......... 16%  184M 0s
2026-03-12T23:04:17.9715233Z   7600K .......... .......... .......... .......... .......... 17%  131M 0s
2026-03-12T23:04:17.9718664Z   7650K .......... .......... .......... .......... .......... 17%  184M 0s
2026-03-12T23:04:17.9722256Z   7700K .......... .......... .......... .......... .......... 17%  167M 0s
2026-03-12T23:04:17.9724311Z   7750K .......... .......... .......... .......... .......... 17%  154M 0s
2026-03-12T23:04:17.9727025Z   7800K .......... .......... .......... .......... .......... 17%  201M 0s
2026-03-12T23:04:17.9730387Z   7850K .......... .......... .......... .......... .......... 17%  104M 0s
2026-03-12T23:04:17.9733997Z   7900K .......... .......... .......... .......... .......... 17%  139M 0s
2026-03-12T23:04:17.9737214Z   7950K .......... .......... .......... .......... .......... 17%  179M 0s
2026-03-12T23:04:17.9739671Z   8000K .......... .......... .......... .......... .......... 17%  202M 0s
2026-03-12T23:04:17.9742172Z   8050K .......... .......... .......... .......... .......... 18%  173M 0s
2026-03-12T23:04:17.9746133Z   8100K .......... .......... .......... .......... .......... 18%  151M 0s
2026-03-12T23:04:17.9748187Z   8150K .......... .......... .......... .......... .......... 18%  179M 0s
2026-03-12T23:04:17.9751222Z   8200K .......... .......... .......... .......... .......... 18%  212M 0s
2026-03-12T23:04:17.9754180Z   8250K .......... .......... .......... .......... .......... 18%  181M 0s
2026-03-12T23:04:17.9755393Z   8300K .......... .......... .......... .......... .......... 18%  157M 0s
2026-03-12T23:04:17.9758351Z   8350K .......... .......... .......... .......... .......... 18%  213M 0s
2026-03-12T23:04:17.9762002Z   8400K .......... .......... .......... .......... .......... 18%  176M 0s
2026-03-12T23:04:17.9764399Z   8450K .......... .......... .......... .......... .......... 18%  186M 0s
2026-03-12T23:04:17.9768572Z   8500K .......... .......... .......... .......... .......... 19%  145M 0s
2026-03-12T23:04:17.9770499Z   8550K .......... .......... .......... .......... .......... 19%  164M 0s
2026-03-12T23:04:17.9774688Z   8600K .......... .......... .......... .......... .......... 19%  180M 0s
2026-03-12T23:04:17.9778321Z   8650K .......... .......... .......... .......... .......... 19%  184M 0s
2026-03-12T23:04:17.9780757Z   8700K .......... .......... .......... .......... .......... 19%  160M 0s
2026-03-12T23:04:17.9784109Z   8750K .......... .......... .......... .......... .......... 19%  174M 0s
2026-03-12T23:04:17.9786647Z   8800K .......... .......... .......... .......... .......... 19%  193M 0s
2026-03-12T23:04:17.9792834Z   8850K .......... .......... .......... .......... .......... 19%  166M 0s
2026-03-12T23:04:17.9795425Z   8900K .......... .......... .......... .......... .......... 19%  165M 0s
2026-03-12T23:04:17.9797207Z   8950K .......... .......... .......... .......... .......... 20%  188M 0s
2026-03-12T23:04:17.9797977Z   9000K .......... .......... .......... .......... .......... 20%  170M 0s
2026-03-12T23:04:17.9802214Z   9050K .......... .......... .......... .......... .......... 20%  211M 0s
2026-03-12T23:04:17.9807273Z   9100K .......... .......... .......... .......... .......... 20%  163M 0s
2026-03-12T23:04:17.9809574Z   9150K .......... .......... .......... .......... .......... 20%  155M 0s
2026-03-12T23:04:17.9812436Z   9200K .......... .......... .......... .......... .......... 20%  179M 0s
2026-03-12T23:04:17.9814037Z   9250K .......... .......... .......... .......... .......... 20%  167M 0s
2026-03-12T23:04:17.9815092Z   9300K .......... .......... .......... .......... .......... 20%  166M 0s
2026-03-12T23:04:17.9817564Z   9350K .......... .......... .......... .......... .......... 20%  160M 0s
2026-03-12T23:04:17.9821179Z   9400K .......... .......... .......... .......... .......... 21%  173M 0s
2026-03-12T23:04:17.9823883Z   9450K .......... .......... .......... .......... .......... 21%  178M 0s
2026-03-12T23:04:17.9825546Z   9500K .......... .......... .......... .......... .......... 21%  107M 0s
2026-03-12T23:04:17.9831227Z   9550K .......... .......... .......... .......... .......... 21%  209M 0s
2026-03-12T23:04:17.9834548Z   9600K .......... .......... .......... .......... .......... 21%  211M 0s
2026-03-12T23:04:17.9837269Z   9650K .......... .......... .......... .......... .......... 21%  158M 0s
2026-03-12T23:04:17.9838975Z   9700K .......... .......... .......... .......... .......... 21%  143M 0s
2026-03-12T23:04:17.9839721Z   9750K .......... .......... .......... .......... .......... 21%  178M 0s
2026-03-12T23:04:17.9844645Z   9800K .......... .......... .......... .......... .......... 21%  183M 0s
2026-03-12T23:04:17.9845913Z   9850K .......... .......... .......... .......... .......... 22%  211M 0s
2026-03-12T23:04:17.9848309Z   9900K .......... .......... .......... .......... .......... 22%  161M 0s
2026-03-12T23:04:17.9851572Z   9950K .......... .......... .......... .......... .......... 22%  178M 0s
2026-03-12T23:04:17.9854890Z  10000K .......... .......... .......... .......... .......... 22%  178M 0s
2026-03-12T23:04:17.9856250Z  10050K .......... .......... .......... .......... .......... 22%  204M 0s
2026-03-12T23:04:17.9858912Z  10100K .......... .......... .......... .......... .......... 22%  182M 0s
2026-03-12T23:04:17.9860580Z  10150K .......... .......... .......... .......... .......... 22%  197M 0s
2026-03-12T23:04:18.0390753Z  10200K .......... .......... .......... .......... .......... 22%  948K 0s
2026-03-12T23:04:18.0393698Z  10250K .......... .......... .......... .......... .......... 22%  143M 0s
2026-03-12T23:04:18.0394471Z  10300K .......... .......... .......... .......... .......... 23%  182M 0s
2026-03-12T23:04:18.0400189Z  10350K .......... .......... .......... .......... .......... 23% 87.0M 0s
2026-03-12T23:04:18.0406892Z  10400K .......... .......... .......... .......... .......... 23% 69.1M 0s
2026-03-12T23:04:18.0412065Z  10450K .......... .......... .......... .......... .......... 23%  103M 0s
2026-03-12T23:04:18.0414634Z  10500K .......... .......... .......... .......... .......... 23%  142M 0s
2026-03-12T23:04:18.0421890Z  10550K .......... .......... .......... .......... .......... 23% 70.5M 0s
2026-03-12T23:04:18.0428529Z  10600K .......... .......... .......... .......... .......... 23% 95.2M 0s
2026-03-12T23:04:18.0435147Z  10650K .......... .......... .......... .......... .......... 23% 67.8M 0s
2026-03-12T23:04:18.0440490Z  10700K .......... .......... .......... .......... .......... 23% 86.0M 0s
2026-03-12T23:04:18.0443134Z  10750K .......... .......... .......... .......... .......... 24%  144M 0s
2026-03-12T23:04:18.0451600Z  10800K .......... .......... .......... .......... .......... 24% 63.0M 0s
2026-03-12T23:04:18.0458142Z  10850K .......... .......... .......... .......... .......... 24% 77.4M 0s
2026-03-12T23:04:18.0467733Z  10900K .......... .......... .......... .......... .......... 24% 52.1M 0s
2026-03-12T23:04:18.0469701Z  10950K .......... .......... .......... .......... .......... 24%  158M 0s
2026-03-12T23:04:18.0478251Z  11000K .......... .......... .......... .......... .......... 24% 63.8M 0s
2026-03-12T23:04:18.0481623Z  11050K .......... .......... .......... .......... .......... 24%  172M 0s
2026-03-12T23:04:18.0491110Z  11100K .......... .......... .......... .......... .......... 24% 49.0M 0s
2026-03-12T23:04:18.0499304Z  11150K .......... .......... .......... .......... .......... 24% 65.0M 0s
2026-03-12T23:04:18.0502222Z  11200K .......... .......... .......... .......... .......... 25%  153M 0s
2026-03-12T23:04:18.0507093Z  11250K .......... .......... .......... .......... .......... 25% 91.9M 0s
2026-03-12T23:04:18.0512457Z  11300K .......... .......... .......... .......... .......... 25% 91.3M 0s
2026-03-12T23:04:18.0517400Z  11350K .......... .......... .......... .......... .......... 25% 82.7M 0s
2026-03-12T23:04:18.0519874Z  11400K .......... .......... .......... .......... .......... 25%  176M 0s
2026-03-12T23:04:18.0529780Z  11450K .......... .......... .......... .......... .......... 25% 54.5M 0s
2026-03-12T23:04:18.0535499Z  11500K .......... .......... .......... .......... .......... 25% 77.3M 0s
2026-03-12T23:04:18.0540557Z  11550K .......... .......... .......... .......... .......... 25% 98.1M 0s
2026-03-12T23:04:18.0549348Z  11600K .......... .......... .......... .......... .......... 25% 55.2M 0s
2026-03-12T23:04:18.0555894Z  11650K .......... .......... .......... .......... .......... 26% 81.3M 0s
2026-03-12T23:04:18.0558428Z  11700K .......... .......... .......... .......... .......... 26%  163M 0s
2026-03-12T23:04:18.0566145Z  11750K .......... .......... .......... .......... .......... 26% 60.5M 0s
2026-03-12T23:04:18.0575052Z  11800K .......... .......... .......... .......... .......... 26% 57.2M 0s
2026-03-12T23:04:18.0580805Z  11850K .......... .......... .......... .......... .......... 26% 98.6M 0s
2026-03-12T23:04:18.0589206Z  11900K .......... .......... .......... .......... .......... 26% 55.9M 0s
2026-03-12T23:04:18.0594715Z  11950K .......... .......... .......... .......... .......... 26%  123M 0s
2026-03-12T23:04:18.0597327Z  12000K .......... .......... .......... .......... .......... 26%  103M 0s
2026-03-12T23:04:18.0620153Z  12050K .......... .......... .......... .......... .......... 26% 22.7M 0s
2026-03-12T23:04:18.0622864Z  12100K .......... .......... .......... .......... .......... 27%  167M 0s
2026-03-12T23:04:18.0624740Z  12150K .......... .......... .......... .......... .......... 27%  177M 0s
2026-03-12T23:04:18.0626925Z  12200K .......... .......... .......... .......... .......... 27%  207M 0s
2026-03-12T23:04:18.0634562Z  12250K .......... .......... .......... .......... .......... 27% 83.0M 0s
2026-03-12T23:04:18.0637454Z  12300K .......... .......... .......... .......... .......... 27%  107M 0s
2026-03-12T23:04:18.0644207Z  12350K .......... .......... .......... .......... .......... 27% 73.7M 0s
2026-03-12T23:04:18.0649373Z  12400K .......... .......... .......... .......... .......... 27%  160M 0s
2026-03-12T23:04:18.0650798Z  12450K .......... .......... .......... .......... .......... 27%  178M 0s
2026-03-12T23:04:18.0662702Z  12500K .......... .......... .......... .......... .......... 27% 37.6M 0s
2026-03-12T23:04:18.0665946Z  12550K .......... .......... .......... .......... .......... 28%  186M 0s
2026-03-12T23:04:18.0668148Z  12600K .......... .......... .......... .......... .......... 28%  199M 0s
2026-03-12T23:04:18.0676671Z  12650K .......... .......... .......... .......... .......... 28% 60.9M 0s
2026-03-12T23:04:18.0687418Z  12700K .......... .......... .......... .......... .......... 28% 45.4M 0s
2026-03-12T23:04:18.0690920Z  12750K .......... .......... .......... .......... .......... 28%  116M 0s
2026-03-12T23:04:18.0695030Z  12800K .......... .......... .......... .......... .......... 28%  143M 0s
2026-03-12T23:04:18.0697115Z  12850K .......... .......... .......... .......... .......... 28%  187M 0s
2026-03-12T23:04:18.0703772Z  12900K .......... .......... .......... .......... .......... 28% 71.5M 0s
2026-03-12T23:04:18.0711721Z  12950K .......... .......... .......... .......... .......... 28% 63.4M 0s
2026-03-12T23:04:18.0722846Z  13000K .......... .......... .......... .......... .......... 29% 41.9M 0s
2026-03-12T23:04:18.0731463Z  13050K .......... .......... .......... .......... .......... 29%  158M 0s
2026-03-12T23:04:18.0735513Z  13100K .......... .......... .......... .......... .......... 29% 55.9M 0s
2026-03-12T23:04:18.0738303Z  13150K .......... .......... .......... .......... .......... 29%  195M 0s
2026-03-12T23:04:18.0741837Z  13200K .......... .......... .......... .......... .......... 29%  121M 0s
2026-03-12T23:04:18.0747995Z  13250K .......... .......... .......... .......... .......... 29% 81.6M 0s
2026-03-12T23:04:18.0750522Z  13300K .......... .......... .......... .......... .......... 29%  180M 0s
2026-03-12T23:04:18.0760659Z  13350K .......... .......... .......... .......... .......... 29% 45.7M 0s
2026-03-12T23:04:18.0765935Z  13400K .......... .......... .......... .......... .......... 29%  108M 0s
2026-03-12T23:04:18.0777231Z  13450K .......... .......... .......... .......... .......... 30% 51.1M 0s
2026-03-12T23:04:18.0778637Z  13500K .......... .......... .......... .......... .......... 30%  145M 0s
2026-03-12T23:04:18.0786685Z  13550K .......... .......... .......... .......... .......... 30% 63.2M 0s
2026-03-12T23:04:18.0789411Z  13600K .......... .......... .......... .......... .......... 30%  159M 0s
2026-03-12T23:04:18.0797070Z  13650K .......... .......... .......... .......... .......... 30% 66.4M 0s
2026-03-12T23:04:18.0804578Z  13700K .......... .......... .......... .......... .......... 30% 65.1M 0s
2026-03-12T23:04:18.0811849Z  13750K .......... .......... .......... .......... .......... 30% 68.2M 0s
2026-03-12T23:04:18.0815483Z  13800K .......... .......... .......... .......... .......... 30%  125M 0s
2026-03-12T23:04:18.0818709Z  13850K .......... .......... .......... .......... .......... 30%  149M 0s
2026-03-12T23:04:18.0827715Z  13900K .......... .......... .......... .......... .......... 31% 54.5M 0s
2026-03-12T23:04:18.0833760Z  13950K .......... .......... .......... .......... .......... 31% 80.8M 0s
2026-03-12T23:04:18.0840942Z  14000K .......... .......... .......... .......... .......... 31% 76.9M 0s
2026-03-12T23:04:18.0844080Z  14050K .......... .......... .......... .......... .......... 31%  161M 0s
2026-03-12T23:04:18.0848618Z  14100K .......... .......... .......... .......... .......... 31% 80.1M 0s
2026-03-12T23:04:18.0859229Z  14150K .......... .......... .......... .......... .......... 31% 47.3M 0s
2026-03-12T23:04:18.0867650Z  14200K .......... .......... .......... .......... .......... 31% 58.7M 0s
2026-03-12T23:04:18.0872370Z  14250K .......... .......... .......... .......... .......... 31%  140M 0s
2026-03-12T23:04:18.0876233Z  14300K .......... .......... .......... .......... .......... 31% 93.1M 0s
2026-03-12T23:04:18.0879207Z  14350K .......... .......... .......... .......... .......... 32%  160M 0s
2026-03-12T23:04:18.0886138Z  14400K .......... .......... .......... .......... .......... 32% 75.2M 0s
2026-03-12T23:04:18.0895989Z  14450K .......... .......... .......... .......... .......... 32% 55.4M 0s
2026-03-12T23:04:18.0897675Z  14500K .......... .......... .......... .......... .......... 32%  158M 0s
2026-03-12T23:04:18.0909178Z  14550K .......... .......... .......... .......... .......... 32% 43.4M 0s
2026-03-12T23:04:18.0911714Z  14600K .......... .......... .......... .......... .......... 32%  162M 0s
2026-03-12T23:04:18.0918963Z  14650K .......... .......... .......... .......... .......... 32% 76.9M 0s
2026-03-12T23:04:18.0928066Z  14700K .......... .......... .......... .......... .......... 32% 54.1M 0s
2026-03-12T23:04:18.0929737Z  14750K .......... .......... .......... .......... .......... 32%  173M 0s
2026-03-12T23:04:18.0935908Z  14800K .......... .......... .......... .......... .......... 33% 88.3M 0s
2026-03-12T23:04:18.0939436Z  14850K .......... .......... .......... .......... .......... 33%  129M 0s
2026-03-12T23:04:18.0946817Z  14900K .......... .......... .......... .......... .......... 33% 68.2M 0s
2026-03-12T23:04:18.0954454Z  14950K .......... .......... .......... .......... .......... 33% 60.4M 0s
2026-03-12T23:04:18.0959514Z  15000K .......... .......... .......... .......... .......... 33% 92.9M 0s
2026-03-12T23:04:18.0968936Z  15050K .......... .......... .......... .......... .......... 33% 60.4M 0s
2026-03-12T23:04:18.0977927Z  15100K .......... .......... .......... .......... .......... 33% 51.7M 0s
2026-03-12T23:04:18.0980948Z  15150K .......... .......... .......... .......... .......... 33%  182M 0s
2026-03-12T23:04:18.0986377Z  15200K .......... .......... .......... .......... .......... 33% 91.5M 0s
2026-03-12T23:04:18.0988494Z  15250K .......... .......... .......... .......... .......... 34%  189M 0s
2026-03-12T23:04:18.0998772Z  15300K .......... .......... .......... .......... .......... 34% 44.0M 0s
2026-03-12T23:04:18.1003424Z  15350K .......... .......... .......... .......... .......... 34%  127M 0s
2026-03-12T23:04:18.1009016Z  15400K .......... .......... .......... .......... .......... 34% 86.8M 0s
2026-03-12T23:04:18.1013773Z  15450K .......... .......... .......... .......... .......... 34%  181M 0s
2026-03-12T23:04:18.1018332Z  15500K .......... .......... .......... .......... .......... 34% 81.4M 0s
2026-03-12T23:04:18.1024224Z  15550K .......... .......... .......... .......... .......... 34% 77.5M 0s
2026-03-12T23:04:18.1030854Z  15600K .......... .......... .......... .......... .......... 34% 71.4M 0s
2026-03-12T23:04:18.1040105Z  15650K .......... .......... .......... .......... .......... 34% 57.8M 0s
2026-03-12T23:04:18.1045643Z  15700K .......... .......... .......... .......... .......... 35% 72.6M 0s
2026-03-12T23:04:18.1051118Z  15750K .......... .......... .......... .......... .......... 35% 97.4M 0s
2026-03-12T23:04:18.1056942Z  15800K .......... .......... .......... .......... .......... 35% 82.7M 0s
2026-03-12T23:04:18.1062126Z  15850K .......... .......... .......... .......... .......... 35%  183M 0s
2026-03-12T23:04:18.1066685Z  15900K .......... .......... .......... .......... .......... 35% 67.3M 0s
2026-03-12T23:04:18.1073007Z  15950K .......... .......... .......... .......... .......... 35% 72.6M 0s
2026-03-12T23:04:18.1080833Z  16000K .......... .......... .......... .......... .......... 35% 69.9M 0s
2026-03-12T23:04:18.1089667Z  16050K .......... .......... .......... .......... .......... 35% 60.1M 0s
2026-03-12T23:04:18.1092921Z  16100K .......... .......... .......... .......... .......... 35%  136M 0s
2026-03-12T23:04:18.1094856Z  16150K .......... .......... .......... .......... .......... 36%  147M 0s
2026-03-12T23:04:18.1099672Z  16200K .......... .......... .......... .......... .......... 36%  109M 0s
2026-03-12T23:04:18.1111718Z  16250K .......... .......... .......... .......... .......... 36% 45.5M 0s
2026-03-12T23:04:18.1115261Z  16300K .......... .......... .......... .......... .......... 36% 98.9M 0s
2026-03-12T23:04:18.1124743Z  16350K .......... .......... .......... .......... .......... 36% 56.6M 0s
2026-03-12T23:04:18.1127625Z  16400K .......... .......... .......... .......... .......... 36%  184M 0s
2026-03-12T23:04:18.1132457Z  16450K .......... .......... .......... .......... .......... 36%  103M 0s
2026-03-12T23:04:18.1144888Z  16500K .......... .......... .......... .......... .......... 36% 41.0M 0s
2026-03-12T23:04:18.1148534Z  16550K .......... .......... .......... .......... .......... 36%  106M 0s
2026-03-12T23:04:18.1153110Z  16600K .......... .......... .......... .......... .......... 37% 99.9M 0s
2026-03-12T23:04:18.1161725Z  16650K .......... .......... .......... .......... .......... 37%  134M 0s
2026-03-12T23:04:18.1165336Z  16700K .......... .......... .......... .......... .......... 37% 65.5M 0s
2026-03-12T23:04:18.1169205Z  16750K .......... .......... .......... .......... .......... 37% 95.6M 0s
2026-03-12T23:04:18.1175065Z  16800K .......... .......... .......... .......... .......... 37% 86.5M 0s
2026-03-12T23:04:18.1183185Z  16850K .......... .......... .......... .......... .......... 37% 62.3M 0s
2026-03-12T23:04:18.1186723Z  16900K .......... .......... .......... .......... .......... 37%  129M 0s
2026-03-12T23:04:18.1193842Z  16950K .......... .......... .......... .......... .......... 37% 70.7M 0s
2026-03-12T23:04:18.1199636Z  17000K .......... .......... .......... .......... .......... 37% 96.5M 0s
2026-03-12T23:04:18.1210188Z  17050K .......... .......... .......... .......... .......... 38% 45.0M 0s
2026-03-12T23:04:18.1214671Z  17100K .......... .......... .......... .......... .......... 38% 94.1M 0s
2026-03-12T23:04:18.1217022Z  17150K .......... .......... .......... .......... .......... 38%  180M 0s
2026-03-12T23:04:18.1225147Z  17200K .......... .......... .......... .......... .......... 38% 65.2M 0s
2026-03-12T23:04:18.1227906Z  17250K .......... .......... .......... .......... .......... 38%  139M 0s
2026-03-12T23:04:18.1240532Z  17300K .......... .......... .......... .......... .......... 38% 39.7M 0s
2026-03-12T23:04:18.1245604Z  17350K .......... .......... .......... .......... .......... 38%  102M 0s
2026-03-12T23:04:18.1248684Z  17400K .......... .......... .......... .......... .......... 38%  180M 0s
2026-03-12T23:04:18.1255932Z  17450K .......... .......... .......... .......... .......... 38% 68.3M 0s
2026-03-12T23:04:18.1265260Z  17500K .......... .......... .......... .......... .......... 39% 49.0M 0s
2026-03-12T23:04:18.1269427Z  17550K .......... .......... .......... .......... .......... 39%  144M 0s
2026-03-12T23:04:18.1272930Z  17600K .......... .......... .......... .......... .......... 39%  169M 0s
2026-03-12T23:04:18.1276370Z  17650K .......... .......... .......... .......... .......... 39%  109M 0s
2026-03-12T23:04:18.1284275Z  17700K .......... .......... .......... .......... .......... 39% 61.4M 0s
2026-03-12T23:04:18.1293573Z  17750K .......... .......... .......... .......... .......... 39% 50.1M 0s
2026-03-12T23:04:18.1297145Z  17800K .......... .......... .......... .......... .......... 39%  161M 0s
2026-03-12T23:04:18.1302142Z  17850K .......... .......... .......... .......... .......... 39% 97.3M 0s
2026-03-12T23:04:18.1317030Z  17900K .......... .......... .......... .......... .......... 39% 33.1M 0s
2026-03-12T23:04:18.1320368Z  17950K .......... .......... .......... .......... .......... 40%  146M 0s
2026-03-12T23:04:18.1323853Z  18000K .......... .......... .......... .......... .......... 40%  154M 0s
2026-03-12T23:04:18.1328402Z  18050K .......... .......... .......... .......... .......... 40% 94.1M 0s
2026-03-12T23:04:18.1330703Z  18100K .......... .......... .......... .......... .......... 40%  164M 0s
2026-03-12T23:04:18.1338955Z  18150K .......... .......... .......... .......... .......... 40% 58.7M 0s
2026-03-12T23:04:18.1345200Z  18200K .......... .......... .......... .......... .......... 40% 80.6M 0s
2026-03-12T23:04:18.1353858Z  18250K .......... .......... .......... .......... .......... 40% 86.5M 0s
2026-03-12T23:04:18.1360386Z  18300K .......... .......... .......... .......... .......... 40% 56.5M 0s
2026-03-12T23:04:18.1362992Z  18350K .......... .......... .......... .......... .......... 40%  160M 0s
2026-03-12T23:04:18.1377541Z  18400K .......... .......... .......... .......... .......... 41% 39.8M 0s
2026-03-12T23:04:18.1378458Z  18450K .......... .......... .......... .......... .......... 41%  205M 0s
2026-03-12T23:04:18.1382686Z  18500K .......... .......... .......... .......... .......... 41% 93.1M 0s
2026-03-12T23:04:18.1387452Z  18550K .......... .......... .......... .......... .......... 41%  109M 0s
2026-03-12T23:04:18.1392934Z  18600K .......... .......... .......... .......... .......... 41% 77.4M 0s
2026-03-12T23:04:18.1401748Z  18650K .......... .......... .......... .......... .......... 41% 75.1M 0s
2026-03-12T23:04:18.1403842Z  18700K .......... .......... .......... .......... .......... 41%  125M 0s
2026-03-12T23:04:18.1419425Z  18750K .......... .......... .......... .......... .......... 41% 33.3M 0s
2026-03-12T23:04:18.1424679Z  18800K .......... .......... .......... .......... .......... 41%  136M 0s
2026-03-12T23:04:18.1427755Z  18850K .......... .......... .......... .......... .......... 42%  158M 0s
2026-03-12T23:04:18.1428736Z  18900K .......... .......... .......... .......... .......... 42%  147M 0s
2026-03-12T23:04:18.1433899Z  18950K .......... .......... .......... .......... .......... 42% 86.9M 0s
2026-03-12T23:04:18.1436668Z  19000K .......... .......... .......... .......... .......... 42%  189M 0s
2026-03-12T23:04:18.1446734Z  19050K .......... .......... .......... .......... .......... 42% 50.1M 0s
2026-03-12T23:04:18.1496397Z  19100K .......... .......... .......... .......... .......... 42% 10.1M 0s
2026-03-12T23:04:18.1501049Z  19150K .......... .......... .......... .......... .......... 42%  125M 0s
2026-03-12T23:04:18.1502766Z  19200K .......... .......... .......... .......... .......... 42%  146M 0s
2026-03-12T23:04:18.1506708Z  19250K .......... .......... .......... .......... .......... 42%  147M 0s
2026-03-12T23:04:18.1509389Z  19300K .......... .......... .......... .......... .......... 43%  134M 0s
2026-03-12T23:04:18.1512316Z  19350K .......... .......... .......... .......... .......... 43%  184M 0s
2026-03-12T23:04:18.1519248Z  19400K .......... .......... .......... .......... .......... 43%  128M 0s
2026-03-12T23:04:18.1520770Z  19450K .......... .......... .......... .......... .......... 43%  181M 0s
2026-03-12T23:04:18.1524676Z  19500K .......... .......... .......... .......... .......... 43%  127M 0s
2026-03-12T23:04:18.1526400Z  19550K .......... .......... .......... .......... .......... 43%  196M 0s
2026-03-12T23:04:18.1527560Z  19600K .......... .......... .......... .......... .......... 43%  179M 0s
2026-03-12T23:04:18.1530337Z  19650K .......... .......... .......... .......... .......... 43%  176M 0s
2026-03-12T23:04:18.1532721Z  19700K .......... .......... .......... .......... .......... 43%  176M 0s
2026-03-12T23:04:18.1536300Z  19750K .......... .......... .......... .......... .......... 44%  219M 0s
2026-03-12T23:04:18.1541306Z  19800K .......... .......... .......... .......... .......... 44% 90.7M 0s
2026-03-12T23:04:18.1546340Z  19850K .......... .......... .......... .......... .......... 44%  127M 0s
2026-03-12T23:04:18.1549384Z  19900K .......... .......... .......... .......... .......... 44%  101M 0s
2026-03-12T23:04:18.1558557Z  19950K .......... .......... .......... .......... .......... 44% 53.8M 0s
2026-03-12T23:04:18.1560912Z  20000K .......... .......... .......... .......... .......... 44%  163M 0s
2026-03-12T23:04:18.1567856Z  20050K .......... .......... .......... .......... .......... 44% 76.5M 0s
2026-03-12T23:04:18.1575601Z  20100K .......... .......... .......... .......... .......... 44% 59.5M 0s
2026-03-12T23:04:18.1581738Z  20150K .......... .......... .......... .......... .......... 44% 90.8M 0s
2026-03-12T23:04:18.1585650Z  20200K .......... .......... .......... .......... .......... 45%  134M 0s
2026-03-12T23:04:18.1595452Z  20250K .......... .......... .......... .......... .......... 45% 48.7M 0s
2026-03-12T23:04:18.1602494Z  20300K .......... .......... .......... .......... .......... 45% 81.4M 0s
2026-03-12T23:04:18.1605849Z  20350K .......... .......... .......... .......... .......... 45%  121M 0s
2026-03-12T23:04:18.1610255Z  20400K .......... .......... .......... .......... .......... 45% 95.7M 0s
2026-03-12T23:04:18.2279200Z  20450K .......... .......... .......... .......... .......... 45%  749K 0s
2026-03-12T23:04:18.2286439Z  20500K .......... .......... .......... .......... .......... 45%  131M 0s
2026-03-12T23:04:18.2288298Z  20550K .......... .......... .......... .......... .......... 45% 99.0M 0s
2026-03-12T23:04:18.2289799Z  20600K .......... .......... .......... .......... .......... 45%  165M 0s
2026-03-12T23:04:18.2291817Z  20650K .......... .......... .......... .......... .......... 46%  181M 0s
2026-03-12T23:04:18.2295455Z  20700K .......... .......... .......... .......... .......... 46%  132M 0s
2026-03-12T23:04:18.2299534Z  20750K .......... .......... .......... .......... .......... 46%  150M 0s
2026-03-12T23:04:18.2301840Z  20800K .......... .......... .......... .......... .......... 46%  174M 0s
2026-03-12T23:04:18.2304412Z  20850K .......... .......... .......... .......... .......... 46%  169M 0s
2026-03-12T23:04:18.2306718Z  20900K .......... .......... .......... .......... .......... 46%  164M 0s
2026-03-12T23:04:18.2310232Z  20950K .......... .......... .......... .......... .......... 46%  190M 0s
2026-03-12T23:04:18.2312051Z  21000K .......... .......... .......... .......... .......... 46%  207M 0s
2026-03-12T23:04:18.2315329Z  21050K .......... .......... .......... .......... .......... 46%  189M 0s
2026-03-12T23:04:18.2319015Z  21100K .......... .......... .......... .......... .......... 47%  157M 0s
2026-03-12T23:04:18.2320406Z  21150K .......... .......... .......... .......... .......... 47%  167M 0s
2026-03-12T23:04:18.2322903Z  21200K .......... .......... .......... .......... .......... 47%  178M 0s
2026-03-12T23:04:18.2325358Z  21250K .......... .......... .......... .......... .......... 47%  207M 0s
2026-03-12T23:04:18.2329363Z  21300K .......... .......... .......... .......... .......... 47%  166M 0s
2026-03-12T23:04:18.2331241Z  21350K .......... .......... .......... .......... .......... 47%  174M 0s
2026-03-12T23:04:18.2335180Z  21400K .......... .......... .......... .......... .......... 47%  178M 0s
2026-03-12T23:04:18.2338073Z  21450K .......... .......... .......... .......... .......... 47%  186M 0s
2026-03-12T23:04:18.2340393Z  21500K .......... .......... .......... .......... .......... 47%  183M 0s
2026-03-12T23:04:18.2343119Z  21550K .......... .......... .......... .......... .......... 48%  163M 0s
2026-03-12T23:04:18.2344636Z  21600K .......... .......... .......... .......... .......... 48%  191M 0s
2026-03-12T23:04:18.2346802Z  21650K .......... .......... .......... .......... .......... 48%  205M 0s
2026-03-12T23:04:18.2349159Z  21700K .......... .......... .......... .......... .......... 48%  204M 0s
2026-03-12T23:04:18.2357482Z  21750K .......... .......... .......... .......... .......... 48%  159M 0s
2026-03-12T23:04:18.2360749Z  21800K .......... .......... .......... .......... .......... 48%  170M 0s
2026-03-12T23:04:18.2362178Z  21850K .......... .......... .......... .......... .......... 48%  207M 0s
2026-03-12T23:04:18.2363758Z  21900K .......... .......... .......... .......... .......... 48%  163M 0s
2026-03-12T23:04:18.2364422Z  21950K .......... .......... .......... .......... .......... 48%  179M 0s
2026-03-12T23:04:18.2365951Z  22000K .......... .......... .......... .......... .......... 49%  208M 0s
2026-03-12T23:04:18.2368493Z  22050K .......... .......... .......... .......... .......... 49%  217M 0s
2026-03-12T23:04:18.2371157Z  22100K .......... .......... .......... .......... .......... 49%  154M 0s
2026-03-12T23:04:18.2373788Z  22150K .......... .......... .......... .......... .......... 49%  169M 0s
2026-03-12T23:04:18.2376417Z  22200K .......... .......... .......... .......... .......... 49%  200M 0s
2026-03-12T23:04:18.2379069Z  22250K .......... .......... .......... .......... .......... 49%  225M 0s
2026-03-12T23:04:18.2383073Z  22300K .......... .......... .......... .......... .......... 49%  154M 0s
2026-03-12T23:04:18.2386231Z  22350K .......... .......... .......... .......... .......... 49%  171M 0s
2026-03-12T23:04:18.2387690Z  22400K .......... .......... .......... .......... .......... 49%  213M 0s
2026-03-12T23:04:18.2390759Z  22450K .......... .......... .......... .......... .......... 50%  180M 0s
2026-03-12T23:04:18.2392992Z  22500K .......... .......... .......... .......... .......... 50%  161M 0s
2026-03-12T23:04:18.2396859Z  22550K .......... .......... .......... .......... .......... 50%  179M 0s
2026-03-12T23:04:18.2398369Z  22600K .......... .......... .......... .......... .......... 50%  201M 0s
2026-03-12T23:04:18.2401220Z  22650K .......... .......... .......... .......... .......... 50%  217M 0s
2026-03-12T23:04:18.2403070Z  22700K .......... .......... .......... .......... .......... 50%  158M 0s
2026-03-12T23:04:18.2406916Z  22750K .......... .......... .......... .......... .......... 50%  177M 0s
2026-03-12T23:04:18.2408510Z  22800K .......... .......... .......... .......... .......... 50%  216M 0s
2026-03-12T23:04:18.2412086Z  22850K .......... .......... .......... .......... .......... 50%  181M 0s
2026-03-12T23:04:18.2415348Z  22900K .......... .......... .......... .......... .......... 51%  166M 0s
2026-03-12T23:04:18.2417398Z  22950K .......... .......... .......... .......... .......... 51%  168M 0s
2026-03-12T23:04:18.2420170Z  23000K .......... .......... .......... .......... .......... 51%  182M 0s
2026-03-12T23:04:18.2422929Z  23050K .......... .......... .......... .......... .......... 51%  179M 0s
2026-03-12T23:04:18.2425070Z  23100K .......... .......... .......... .......... .......... 51%  174M 0s
2026-03-12T23:04:18.2430750Z  23150K .......... .......... .......... .......... .......... 51%  207M 0s
2026-03-12T23:04:18.2434671Z  23200K .......... .......... .......... .......... .......... 51%  218M 0s
2026-03-12T23:04:18.2435616Z  23250K .......... .......... .......... .......... .......... 51%  177M 0s
2026-03-12T23:04:18.2436422Z  23300K .......... .......... .......... .......... .......... 51%  173M 0s
2026-03-12T23:04:18.2440558Z  23350K .......... .......... .......... .......... .......... 52%  196M 0s
2026-03-12T23:04:18.2441488Z  23400K .......... .......... .......... .......... .......... 52%  228M 0s
2026-03-12T23:04:18.2444034Z  23450K .......... .......... .......... .......... .......... 52%  209M 0s
2026-03-12T23:04:18.2445651Z  23500K .......... .......... .......... .......... .......... 52%  135M 0s
2026-03-12T23:04:18.2451726Z  23550K .......... .......... .......... .......... .......... 52%  216M 0s
2026-03-12T23:04:18.2453641Z  23600K .......... .......... .......... .......... .......... 52%  179M 0s
2026-03-12T23:04:18.2455567Z  23650K .......... .......... .......... .......... .......... 52%  150M 0s
2026-03-12T23:04:18.2459087Z  23700K .......... .......... .......... .......... .......... 52%  158M 0s
2026-03-12T23:04:18.2461913Z  23750K .......... .......... .......... .......... .......... 52%  164M 0s
2026-03-12T23:04:18.2464538Z  23800K .......... .......... .......... .......... .......... 53%  159M 0s
2026-03-12T23:04:18.2466468Z  23850K .......... .......... .......... .......... .......... 53%  209M 0s
2026-03-12T23:04:18.2468748Z  23900K .......... .......... .......... .......... .......... 53%  175M 0s
2026-03-12T23:04:18.2471969Z  23950K .......... .......... .......... .......... .......... 53%  173M 0s
2026-03-12T23:04:18.2474618Z  24000K .......... .......... .......... .......... .......... 53%  165M 0s
2026-03-12T23:04:18.2477333Z  24050K .......... .......... .......... .......... .......... 53%  214M 0s
2026-03-12T23:04:18.2479309Z  24100K .......... .......... .......... .......... .......... 53%  169M 0s
2026-03-12T23:04:18.2482301Z  24150K .......... .......... .......... .......... .......... 53%  154M 0s
2026-03-12T23:04:18.2485018Z  24200K .......... .......... .......... .......... .......... 53%  208M 0s
2026-03-12T23:04:18.2491034Z  24250K .......... .......... .......... .......... .......... 54%  212M 0s
2026-03-12T23:04:18.2492156Z  24300K .......... .......... .......... .......... .......... 54%  179M 0s
2026-03-12T23:04:18.2493932Z  24350K .......... .......... .......... .......... .......... 54%  141M 0s
2026-03-12T23:04:18.2499064Z  24400K .......... .......... .......... .......... .......... 54%  196M 0s
2026-03-12T23:04:18.2501368Z  24450K .......... .......... .......... .......... .......... 54%  218M 0s
2026-03-12T23:04:18.2502720Z  24500K .......... .......... .......... .......... .......... 54%  177M 0s
2026-03-12T23:04:18.2507390Z  24550K .......... .......... .......... .......... .......... 54%  146M 0s
2026-03-12T23:04:18.2508747Z  24600K .......... .......... .......... .......... .......... 54%  195M 0s
2026-03-12T23:04:18.2510150Z  24650K .......... .......... .......... .......... .......... 54%  178M 0s
2026-03-12T23:04:18.2513322Z  24700K .......... .......... .......... .......... .......... 55%  143M 0s
2026-03-12T23:04:18.2515182Z  24750K .......... .......... .......... .......... .......... 55%  219M 0s
2026-03-12T23:04:18.2519542Z  24800K .......... .......... .......... .......... .......... 55%  216M 0s
2026-03-12T23:04:18.2522280Z  24850K .......... .......... .......... .......... .......... 55%  153M 0s
2026-03-12T23:04:18.2524319Z  24900K .......... .......... .......... .......... .......... 55%  153M 0s
2026-03-12T23:04:18.2525949Z  24950K .......... .......... .......... .......... .......... 55%  177M 0s
2026-03-12T23:04:18.2542409Z  25000K .......... .......... .......... .......... .......... 55%  210M 0s
2026-03-12T23:04:18.2543174Z  25050K .......... .......... .......... .......... .......... 55%  202M 0s
2026-03-12T23:04:18.2544275Z  25100K .......... .......... .......... .......... .......... 55%  135M 0s
2026-03-12T23:04:18.2544948Z  25150K .......... .......... .......... .......... .......... 56%  185M 0s
2026-03-12T23:04:18.2545614Z  25200K .......... .......... .......... .......... .......... 56%  188M 0s
2026-03-12T23:04:18.2546274Z  25250K .......... .......... .......... .......... .......... 56%  188M 0s
2026-03-12T23:04:18.2546908Z  25300K .......... .......... .......... .......... .......... 56%  167M 0s
2026-03-12T23:04:18.2548972Z  25350K .......... .......... .......... .......... .......... 56%  163M 0s
2026-03-12T23:04:18.2551183Z  25400K .......... .......... .......... .......... .......... 56%  188M 0s
2026-03-12T23:04:18.2554335Z  25450K .......... .......... .......... .......... .......... 56%  201M 0s
2026-03-12T23:04:18.2556326Z  25500K .......... .......... .......... .......... .......... 56%  178M 0s
2026-03-12T23:04:18.2559338Z  25550K .......... .......... .......... .......... .......... 56%  219M 0s
2026-03-12T23:04:18.2561906Z  25600K .......... .......... .......... .......... .......... 57%  165M 0s
2026-03-12T23:04:18.2565206Z  25650K .......... .......... .......... .......... .......... 57%  167M 0s
2026-03-12T23:04:18.2568688Z  25700K .......... .......... .......... .......... .......... 57%  195M 0s
2026-03-12T23:04:18.2570920Z  25750K .......... .......... .......... .......... .......... 57%  218M 0s
2026-03-12T23:04:18.2571853Z  25800K .......... .......... .......... .......... .......... 57%  177M 0s
2026-03-12T23:04:18.2575304Z  25850K .......... .......... .......... .......... .......... 57%  186M 0s
2026-03-12T23:04:18.2578792Z  25900K .......... .......... .......... .......... .......... 57%  150M 0s
2026-03-12T23:04:18.2581462Z  25950K .......... .......... .......... .......... .......... 57%  182M 0s
2026-03-12T23:04:18.2585139Z  26000K .......... .......... .......... .......... .......... 57%  178M 0s
2026-03-12T23:04:18.2586163Z  26050K .......... .......... .......... .......... .......... 58%  220M 0s
2026-03-12T23:04:18.2588305Z  26100K .......... .......... .......... .......... .......... 58%  195M 0s
2026-03-12T23:04:18.2590523Z  26150K .......... .......... .......... .......... .......... 58%  214M 0s
2026-03-12T23:04:18.2593771Z  26200K .......... .......... .......... .......... .......... 58%  205M 0s
2026-03-12T23:04:18.2595509Z  26250K .......... .......... .......... .......... .......... 58%  198M 0s
2026-03-12T23:04:18.2597507Z  26300K .......... .......... .......... .......... .......... 58%  193M 0s
2026-03-12T23:04:18.2600260Z  26350K .......... .......... .......... .......... .......... 58%  207M 0s
2026-03-12T23:04:18.2605577Z  26400K .......... .......... .......... .......... .......... 58%  170M 0s
2026-03-12T23:04:18.2606245Z  26450K .......... .......... .......... .......... .......... 58%  196M 0s
2026-03-12T23:04:18.2609233Z  26500K .......... .......... .......... .......... .......... 59%  168M 0s
2026-03-12T23:04:18.2611138Z  26550K .......... .......... .......... .......... .......... 59%  219M 0s
2026-03-12T23:04:18.2614509Z  26600K .......... .......... .......... .......... .......... 59%  160M 0s
2026-03-12T23:04:18.2616400Z  26650K .......... .......... .......... .......... .......... 59%  191M 0s
2026-03-12T23:04:18.2620632Z  26700K .......... .......... .......... .......... .......... 59%  170M 0s
2026-03-12T23:04:18.2624167Z  26750K .......... .......... .......... .......... .......... 59%  171M 0s
2026-03-12T23:04:18.2625290Z  26800K .......... .......... .......... .......... .......... 59%  217M 0s
2026-03-12T23:04:18.2629363Z  26850K .......... .......... .......... .......... .......... 59%  156M 0s
2026-03-12T23:04:18.2630753Z  26900K .......... .......... .......... .......... .......... 59%  153M 0s
2026-03-12T23:04:18.2633616Z  26950K .......... .......... .......... .......... .......... 60%  167M 0s
2026-03-12T23:04:18.2636234Z  27000K .......... .......... .......... .......... .......... 60%  193M 0s
2026-03-12T23:04:18.2639364Z  27050K .......... .......... .......... .......... .......... 60%  207M 0s
2026-03-12T23:04:18.2641471Z  27100K .......... .......... .......... .......... .......... 60%  146M 0s
2026-03-12T23:04:18.2643805Z  27150K .......... .......... .......... .......... .......... 60%  213M 0s
2026-03-12T23:04:18.2649094Z  27200K .......... .......... .......... .......... .......... 60%  202M 0s
2026-03-12T23:04:18.2650777Z  27250K .......... .......... .......... .......... .......... 60%  187M 0s
2026-03-12T23:04:18.2652467Z  27300K .......... .......... .......... .......... .......... 60%  156M 0s
2026-03-12T23:04:18.2654896Z  27350K .......... .......... .......... .......... .......... 60%  185M 0s
2026-03-12T23:04:18.2657547Z  27400K .......... .......... .......... .......... .......... 61%  193M 0s
2026-03-12T23:04:18.2661965Z  27450K .......... .......... .......... .......... .......... 61%  171M 0s
2026-03-12T23:04:18.2664507Z  27500K .......... .......... .......... .......... .......... 61%  139M 0s
2026-03-12T23:04:18.2667615Z  27550K .......... .......... .......... .......... .......... 61%  204M 0s
2026-03-12T23:04:18.2668844Z  27600K .......... .......... .......... .......... .......... 61%  187M 0s
2026-03-12T23:04:18.2672016Z  27650K .......... .......... .......... .......... .......... 61%  157M 0s
2026-03-12T23:04:18.2676253Z  27700K .......... .......... .......... .......... .......... 61%  151M 0s
2026-03-12T23:04:18.2679355Z  27750K .......... .......... .......... .......... .......... 61%  150M 0s
2026-03-12T23:04:18.2681577Z  27800K .......... .......... .......... .......... .......... 61%  198M 0s
2026-03-12T23:04:18.2684247Z  27850K .......... .......... .......... .......... .......... 62%  166M 0s
2026-03-12T23:04:18.2687613Z  27900K .......... .......... .......... .......... .......... 62%  137M 0s
2026-03-12T23:04:18.2689654Z  27950K .......... .......... .......... .......... .......... 62%  203M 0s
2026-03-12T23:04:18.2694339Z  28000K .......... .......... .......... .......... .......... 62%  152M 0s
2026-03-12T23:04:18.2696598Z  28050K .......... .......... .......... .......... .......... 62%  162M 0s
2026-03-12T23:04:18.2699452Z  28100K .......... .......... .......... .......... .......... 62%  166M 0s
2026-03-12T23:04:18.2702580Z  28150K .......... .......... .......... .......... .......... 62%  220M 0s
2026-03-12T23:04:18.2704424Z  28200K .......... .......... .......... .......... .......... 62%  152M 0s
2026-03-12T23:04:18.2707700Z  28250K .......... .......... .......... .......... .......... 62%  198M 0s
2026-03-12T23:04:18.2711671Z  28300K .......... .......... .......... .......... .......... 63%  158M 0s
2026-03-12T23:04:18.2713563Z  28350K .......... .......... .......... .......... .......... 63%  141M 0s
2026-03-12T23:04:18.2716689Z  28400K .......... .......... .......... .......... .......... 63%  201M 0s
2026-03-12T23:04:18.2719790Z  28450K .......... .......... .......... .......... .......... 63%  205M 0s
2026-03-12T23:04:18.2721657Z  28500K .......... .......... .......... .......... .......... 63%  137M 0s
2026-03-12T23:04:18.2726768Z  28550K .......... .......... .......... .......... .......... 63%  200M 0s
2026-03-12T23:04:18.2728493Z  28600K .......... .......... .......... .......... .......... 63%  195M 0s
2026-03-12T23:04:18.2730423Z  28650K .......... .......... .......... .......... .......... 63%  151M 0s
2026-03-12T23:04:18.2734900Z  28700K .......... .......... .......... .......... .......... 63%  119M 0s
2026-03-12T23:04:18.2739035Z  28750K .......... .......... .......... .......... .......... 64%  199M 0s
2026-03-12T23:04:18.2740754Z  28800K .......... .......... .......... .......... .......... 64%  141M 0s
2026-03-12T23:04:18.2742845Z  28850K .......... .......... .......... .......... .......... 64%  174M 0s
2026-03-12T23:04:18.2745669Z  28900K .......... .......... .......... .......... .......... 64%  189M 0s
2026-03-12T23:04:18.2747838Z  28950K .......... .......... .......... .......... .......... 64%  214M 0s
2026-03-12T23:04:18.2750787Z  29000K .......... .......... .......... .......... .......... 64%  159M 0s
2026-03-12T23:04:18.2754778Z  29050K .......... .......... .......... .......... .......... 64%  171M 0s
2026-03-12T23:04:18.2758262Z  29100K .......... .......... .......... .......... .......... 64%  167M 0s
2026-03-12T23:04:18.2760661Z  29150K .......... .......... .......... .......... .......... 64%  172M 0s
2026-03-12T23:04:18.2763005Z  29200K .......... .......... .......... .......... .......... 65%  169M 0s
2026-03-12T23:04:18.2765633Z  29250K .......... .......... .......... .......... .......... 65%  204M 0s
2026-03-12T23:04:18.2768896Z  29300K .......... .......... .......... .......... .......... 65%  152M 0s
2026-03-12T23:04:18.2771255Z  29350K .......... .......... .......... .......... .......... 65%  198M 0s
2026-03-12T23:04:18.2774637Z  29400K .......... .......... .......... .......... .......... 65%  132M 0s
2026-03-12T23:04:18.2777794Z  29450K .......... .......... .......... .......... .......... 65%  169M 0s
2026-03-12T23:04:18.2781261Z  29500K .......... .......... .......... .......... .......... 65%  153M 0s
2026-03-12T23:04:18.2785066Z  29550K .......... .......... .......... .......... .......... 65%  180M 0s
2026-03-12T23:04:18.2785924Z  29600K .......... .......... .......... .......... .......... 65%  233M 0s
2026-03-12T23:04:18.2789831Z  29650K .......... .......... .......... .......... .......... 66%  170M 0s
2026-03-12T23:04:18.2791675Z  29700K .......... .......... .......... .......... .......... 66%  155M 0s
2026-03-12T23:04:18.2796658Z  29750K .......... .......... .......... .......... .......... 66%  177M 0s
2026-03-12T23:04:18.2798649Z  29800K .......... .......... .......... .......... .......... 66%  159M 0s
2026-03-12T23:04:18.2801009Z  29850K .......... .......... .......... .......... .......... 66%  171M 0s
2026-03-12T23:04:18.2803585Z  29900K .......... .......... .......... .......... .......... 66%  113M 0s
2026-03-12T23:04:18.2806684Z  29950K .......... .......... .......... .......... .......... 66%  161M 0s
2026-03-12T23:04:18.2811501Z  30000K .......... .......... .......... .......... .......... 66%  139M 0s
2026-03-12T23:04:18.2814911Z  30050K .......... .......... .......... .......... .......... 66%  176M 0s
2026-03-12T23:04:18.2817948Z  30100K .......... .......... .......... .......... .......... 67%  177M 0s
2026-03-12T23:04:18.2819497Z  30150K .......... .......... .......... .......... .......... 67%  168M 0s
2026-03-12T23:04:18.2821518Z  30200K .......... .......... .......... .......... .......... 67%  184M 0s
2026-03-12T23:04:18.2823905Z  30250K .......... .......... .......... .......... .......... 67%  184M 0s
2026-03-12T23:04:18.2828790Z  30300K .......... .......... .......... .......... .......... 67%  166M 0s
2026-03-12T23:04:18.2831732Z  30350K .......... .......... .......... .......... .......... 67%  211M 0s
2026-03-12T23:04:18.2832587Z  30400K .......... .......... .......... .......... .......... 67%  162M 0s
2026-03-12T23:04:18.2836487Z  30450K .......... .......... .......... .......... .......... 67%  193M 0s
2026-03-12T23:04:18.2838815Z  30500K .......... .......... .......... .......... .......... 67%  161M 0s
2026-03-12T23:04:18.2840490Z  30550K .......... .......... .......... .......... .......... 68%  207M 0s
2026-03-12T23:04:18.2843466Z  30600K .......... .......... .......... .......... .......... 68%  179M 0s
2026-03-12T23:04:18.2845688Z  30650K .......... .......... .......... .......... .......... 68%  203M 0s
2026-03-12T23:04:18.3376943Z  30700K .......... .......... .......... .......... .......... 68%  945K 0s
2026-03-12T23:04:18.3383978Z  30750K .......... .......... .......... .......... .......... 68%  101M 0s
2026-03-12T23:04:18.3384850Z  30800K .......... .......... .......... .......... .......... 68%  156M 0s
2026-03-12T23:04:18.3387417Z  30850K .......... .......... .......... .......... .......... 68%  177M 0s
2026-03-12T23:04:18.3388848Z  30900K .......... .......... .......... .......... .......... 68%  163M 0s
2026-03-12T23:04:18.3391564Z  30950K .......... .......... .......... .......... .......... 68%  155M 0s
2026-03-12T23:04:18.3395546Z  31000K .......... .......... .......... .......... .......... 69%  180M 0s
2026-03-12T23:04:18.3398038Z  31050K .......... .......... .......... .......... .......... 69%  215M 0s
2026-03-12T23:04:18.3400984Z  31100K .......... .......... .......... .......... .......... 69%  137M 0s
2026-03-12T23:04:18.3403746Z  31150K .......... .......... .......... .......... .......... 69%  146M 0s
2026-03-12T23:04:18.3406281Z  31200K .......... .......... .......... .......... .......... 69%  178M 0s
2026-03-12T23:04:18.3410433Z  31250K .......... .......... .......... .......... .......... 69%  205M 0s
2026-03-12T23:04:18.3413293Z  31300K .......... .......... .......... .......... .......... 69%  154M 0s
2026-03-12T23:04:18.3415636Z  31350K .......... .......... .......... .......... .......... 69%  173M 0s
2026-03-12T23:04:18.3417327Z  31400K .......... .......... .......... .......... .......... 69%  168M 0s
2026-03-12T23:04:18.3421094Z  31450K .......... .......... .......... .......... .......... 70%  175M 0s
2026-03-12T23:04:18.3424188Z  31500K .......... .......... .......... .......... .......... 70%  145M 0s
2026-03-12T23:04:18.3427267Z  31550K .......... .......... .......... .......... .......... 70%  181M 0s
2026-03-12T23:04:18.3428905Z  31600K .......... .......... .......... .......... .......... 70%  159M 0s
2026-03-12T23:04:18.3432737Z  31650K .......... .......... .......... .......... .......... 70%  185M 0s
2026-03-12T23:04:18.3435767Z  31700K .......... .......... .......... .......... .......... 70%  149M 0s
2026-03-12T23:04:18.3438693Z  31750K .......... .......... .......... .......... .......... 70%  207M 0s
2026-03-12T23:04:18.3440185Z  31800K .......... .......... .......... .......... .......... 70%  190M 0s
2026-03-12T23:04:18.3444599Z  31850K .......... .......... .......... .......... .......... 70%  159M 0s
2026-03-12T23:04:18.3446916Z  31900K .......... .......... .......... .......... .......... 71%  152M 0s
2026-03-12T23:04:18.3449346Z  31950K .......... .......... .......... .......... .......... 71%  189M 0s
2026-03-12T23:04:18.3452177Z  32000K .......... .......... .......... .......... .......... 71%  159M 0s
2026-03-12T23:04:18.3455302Z  32050K .......... .......... .......... .......... .......... 71%  190M 0s
2026-03-12T23:04:18.3458185Z  32100K .......... .......... .......... .......... .......... 71%  166M 0s
2026-03-12T23:04:18.3462248Z  32150K .......... .......... .......... .......... .......... 71%  203M 0s
2026-03-12T23:04:18.3464009Z  32200K .......... .......... .......... .......... .......... 71%  170M 0s
2026-03-12T23:04:18.3466963Z  32250K .......... .......... .......... .......... .......... 71%  207M 0s
2026-03-12T23:04:18.3469538Z  32300K .......... .......... .......... .......... .......... 71%  168M 0s
2026-03-12T23:04:18.3471130Z  32350K .......... .......... .......... .......... .......... 72%  201M 0s
2026-03-12T23:04:18.3474450Z  32400K .......... .......... .......... .......... .......... 72%  189M 0s
2026-03-12T23:04:18.3477461Z  32450K .......... .......... .......... .......... .......... 72%  137M 0s
2026-03-12T23:04:18.3480609Z  32500K .......... .......... .......... .......... .......... 72%  162M 0s
2026-03-12T23:04:18.3484052Z  32550K .......... .......... .......... .......... .......... 72%  148M 0s
2026-03-12T23:04:18.3487067Z  32600K .......... .......... .......... .......... .......... 72%  178M 0s
2026-03-12T23:04:18.3490081Z  32650K .......... .......... .......... .......... .......... 72%  200M 0s
2026-03-12T23:04:18.3491053Z  32700K .......... .......... .......... .......... .......... 72%  165M 0s
2026-03-12T23:04:18.3502187Z  32750K .......... .......... .......... .......... .......... 72% 49.2M 0s
2026-03-12T23:04:18.3516050Z  32800K .......... .......... .......... .......... .......... 73% 34.4M 0s
2026-03-12T23:04:18.3522737Z  32850K .......... .......... .......... .......... .......... 73% 78.8M 0s
2026-03-12T23:04:18.3524847Z  32900K .......... .......... .......... .......... .......... 73%  131M 0s
2026-03-12T23:04:18.3530576Z  32950K .......... .......... .......... .......... .......... 73% 91.7M 0s
2026-03-12T23:04:18.3533985Z  33000K .......... .......... .......... .......... .......... 73%  185M 0s
2026-03-12T23:04:18.3535957Z  33050K .......... .......... .......... .......... .......... 73%  171M 0s
2026-03-12T23:04:18.3543934Z  33100K .......... .......... .......... .......... .......... 73% 65.3M 0s
2026-03-12T23:04:18.3547984Z  33150K .......... .......... .......... .......... .......... 73%  146M 0s
2026-03-12T23:04:18.3551207Z  33200K .......... .......... .......... .......... .......... 73%  157M 0s
2026-03-12T23:04:18.3555273Z  33250K .......... .......... .......... .......... .......... 74%  135M 0s
2026-03-12T23:04:18.3557202Z  33300K .......... .......... .......... .......... .......... 74%  121M 0s
2026-03-12T23:04:18.3561884Z  33350K .......... .......... .......... .......... .......... 74%  149M 0s
2026-03-12T23:04:18.3564777Z  33400K .......... .......... .......... .......... .......... 74%  156M 0s
2026-03-12T23:04:18.3567983Z  33450K .......... .......... .......... .......... .......... 74%  149M 0s
2026-03-12T23:04:18.3571481Z  33500K .......... .......... .......... .......... .......... 74%  139M 0s
2026-03-12T23:04:18.3573899Z  33550K .......... .......... .......... .......... .......... 74%  172M 0s
2026-03-12T23:04:18.3577780Z  33600K .......... .......... .......... .......... .......... 74%  169M 0s
2026-03-12T23:04:18.3579253Z  33650K .......... .......... .......... .......... .......... 74%  164M 0s
2026-03-12T23:04:18.3585286Z  33700K .......... .......... .......... .......... .......... 75%  130M 0s
2026-03-12T23:04:18.3586539Z  33750K .......... .......... .......... .......... .......... 75%  154M 0s
2026-03-12T23:04:18.3591725Z  33800K .......... .......... .......... .......... .......... 75%  127M 0s
2026-03-12T23:04:18.3595741Z  33850K .......... .......... .......... .......... .......... 75%  108M 0s
2026-03-12T23:04:18.3598721Z  33900K .......... .......... .......... .......... .......... 75%  129M 0s
2026-03-12T23:04:18.3603688Z  33950K .......... .......... .......... .......... .......... 75%  167M 0s
2026-03-12T23:04:18.3606145Z  34000K .......... .......... .......... .......... .......... 75%  121M 0s
2026-03-12T23:04:18.3611274Z  34050K .......... .......... .......... .......... .......... 75%  178M 0s
2026-03-12T23:04:18.3612924Z  34100K .......... .......... .......... .......... .......... 75%  125M 0s
2026-03-12T23:04:18.3615031Z  34150K .......... .......... .......... .......... .......... 76%  160M 0s
2026-03-12T23:04:18.3618810Z  34200K .......... .......... .......... .......... .......... 76%  150M 0s
2026-03-12T23:04:18.3623545Z  34250K .......... .......... .......... .......... .......... 76%  133M 0s
2026-03-12T23:04:18.3626090Z  34300K .......... .......... .......... .......... .......... 76%  142M 0s
2026-03-12T23:04:18.3630288Z  34350K .......... .......... .......... .......... .......... 76%  147M 0s
2026-03-12T23:04:18.3632399Z  34400K .......... .......... .......... .......... .......... 76%  184M 0s
2026-03-12T23:04:18.3635490Z  34450K .......... .......... .......... .......... .......... 76%  169M 0s
2026-03-12T23:04:18.3638024Z  34500K .......... .......... .......... .......... .......... 76%  143M 0s
2026-03-12T23:04:18.3643071Z  34550K .......... .......... .......... .......... .......... 76%  213M 0s
2026-03-12T23:04:18.3643870Z  34600K .......... .......... .......... .......... .......... 77%  163M 0s
2026-03-12T23:04:18.3646071Z  34650K .......... .......... .......... .......... .......... 77%  185M 0s
2026-03-12T23:04:18.3648535Z  34700K .......... .......... .......... .......... .......... 77%  176M 0s
2026-03-12T23:04:18.3652384Z  34750K .......... .......... .......... .......... .......... 77%  211M 0s
2026-03-12T23:04:18.3657507Z  34800K .......... .......... .......... .......... .......... 77%  174M 0s
2026-03-12T23:04:18.3662114Z  34850K .......... .......... .......... .......... .......... 77%  145M 0s
2026-03-12T23:04:18.3662823Z  34900K .......... .......... .......... .......... .......... 77%  140M 0s
2026-03-12T23:04:18.3664554Z  34950K .......... .......... .......... .......... .......... 77%  148M 0s
2026-03-12T23:04:18.3667321Z  35000K .......... .......... .......... .......... .......... 77%  185M 0s
2026-03-12T23:04:18.3670708Z  35050K .......... .......... .......... .......... .......... 78%  167M 0s
2026-03-12T23:04:18.3674146Z  35100K .......... .......... .......... .......... .......... 78%  151M 0s
2026-03-12T23:04:18.3675933Z  35150K .......... .......... .......... .......... .......... 78%  171M 0s
2026-03-12T23:04:18.3678269Z  35200K .......... .......... .......... .......... .......... 78%  177M 0s
2026-03-12T23:04:18.3681183Z  35250K .......... .......... .......... .......... .......... 78%  220M 0s
2026-03-12T23:04:18.3684554Z  35300K .......... .......... .......... .......... .......... 78%  124M 0s
2026-03-12T23:04:18.3687311Z  35350K .......... .......... .......... .......... .......... 78%  184M 0s
2026-03-12T23:04:18.3690783Z  35400K .......... .......... .......... .......... .......... 78%  217M 0s
2026-03-12T23:04:18.3692784Z  35450K .......... .......... .......... .......... .......... 78%  185M 0s
2026-03-12T23:04:18.3694963Z  35500K .......... .......... .......... .......... .......... 79%  161M 0s
2026-03-12T23:04:18.3698290Z  35550K .......... .......... .......... .......... .......... 79%  191M 0s
2026-03-12T23:04:18.3700843Z  35600K .......... .......... .......... .......... .......... 79%  227M 0s
2026-03-12T23:04:18.3702555Z  35650K .......... .......... .......... .......... .......... 79%  193M 0s
2026-03-12T23:04:18.3706187Z  35700K .......... .......... .......... .......... .......... 79%  189M 0s
2026-03-12T23:04:18.3707822Z  35750K .......... .......... .......... .......... .......... 79%  171M 0s
2026-03-12T23:04:18.3712180Z  35800K .......... .......... .......... .......... .......... 79%  205M 0s
2026-03-12T23:04:18.3713273Z  35850K .......... .......... .......... .......... .......... 79%  169M 0s
2026-03-12T23:04:18.3715554Z  35900K .......... .......... .......... .......... .......... 79%  174M 0s
2026-03-12T23:04:18.3719381Z  35950K .......... .......... .......... .......... .......... 80%  207M 0s
2026-03-12T23:04:18.3723288Z  36000K .......... .......... .......... .......... .......... 80%  211M 0s
2026-03-12T23:04:18.3723959Z  36050K .......... .......... .......... .......... .......... 80%  182M 0s
2026-03-12T23:04:18.3727089Z  36100K .......... .......... .......... .......... .......... 80%  180M 0s
2026-03-12T23:04:18.3730153Z  36150K .......... .......... .......... .......... .......... 80%  184M 0s
2026-03-12T23:04:18.3735997Z  36200K .......... .......... .......... .......... .......... 80% 73.1M 0s
2026-03-12T23:04:18.3740297Z  36250K .......... .......... .......... .......... .......... 80%  127M 0s
2026-03-12T23:04:18.3742679Z  36300K .......... .......... .......... .......... .......... 80%  129M 0s
2026-03-12T23:04:18.3746099Z  36350K .......... .......... .......... .......... .......... 80%  168M 0s
2026-03-12T23:04:18.3749084Z  36400K .......... .......... .......... .......... .......... 81%  159M 0s
2026-03-12T23:04:18.3752325Z  36450K .......... .......... .......... .......... .......... 81%  131M 0s
2026-03-12T23:04:18.3756257Z  36500K .......... .......... .......... .......... .......... 81%  167M 0s
2026-03-12T23:04:18.3758832Z  36550K .......... .......... .......... .......... .......... 81%  163M 0s
2026-03-12T23:04:18.3763531Z  36600K .......... .......... .......... .......... .......... 81%  169M 0s
2026-03-12T23:04:18.3766082Z  36650K .......... .......... .......... .......... .......... 81%  169M 0s
2026-03-12T23:04:18.3773440Z  36700K .......... .......... .......... .......... .......... 81%  119M 0s
2026-03-12T23:04:18.3775141Z  36750K .......... .......... .......... .......... .......... 81%  182M 0s
2026-03-12T23:04:18.3775915Z  36800K .......... .......... .......... .......... .......... 81%  145M 0s
2026-03-12T23:04:18.3779528Z  36850K .......... .......... .......... .......... .......... 82%  150M 0s
2026-03-12T23:04:18.3782506Z  36900K .......... .......... .......... .......... .......... 82%  140M 0s
2026-03-12T23:04:18.3785743Z  36950K .......... .......... .......... .......... .......... 82%  161M 0s
2026-03-12T23:04:18.3786931Z  37000K .......... .......... .......... .......... .......... 82%  183M 0s
2026-03-12T23:04:18.3792196Z  37050K .......... .......... .......... .......... .......... 82%  206M 0s
2026-03-12T23:04:18.3792909Z  37100K .......... .......... .......... .......... .......... 82%  165M 0s
2026-03-12T23:04:18.3795929Z  37150K .......... .......... .......... .......... .......... 82%  130M 0s
2026-03-12T23:04:18.3799579Z  37200K .......... .......... .......... .......... .......... 82%  177M 0s
2026-03-12T23:04:18.3803640Z  37250K .......... .......... .......... .......... .......... 82%  137M 0s
2026-03-12T23:04:18.3806112Z  37300K .......... .......... .......... .......... .......... 83%  170M 0s
2026-03-12T23:04:18.3809797Z  37350K .......... .......... .......... .......... .......... 83%  178M 0s
2026-03-12T23:04:18.3811571Z  37400K .......... .......... .......... .......... .......... 83%  162M 0s
2026-03-12T23:04:18.3815409Z  37450K .......... .......... .......... .......... .......... 83%  155M 0s
2026-03-12T23:04:18.3818508Z  37500K .......... .......... .......... .......... .......... 83%  143M 0s
2026-03-12T23:04:18.3821194Z  37550K .......... .......... .......... .......... .......... 83%  201M 0s
2026-03-12T23:04:18.3823229Z  37600K .......... .......... .......... .......... .......... 83%  164M 0s
2026-03-12T23:04:18.3826486Z  37650K .......... .......... .......... .......... .......... 83%  149M 0s
2026-03-12T23:04:18.3830885Z  37700K .......... .......... .......... .......... .......... 83%  155M 0s
2026-03-12T23:04:18.3832735Z  37750K .......... .......... .......... .......... .......... 84%  179M 0s
2026-03-12T23:04:18.3837232Z  37800K .......... .......... .......... .......... .......... 84%  157M 0s
2026-03-12T23:04:18.3838973Z  37850K .......... .......... .......... .......... .......... 84%  159M 0s
2026-03-12T23:04:18.3844738Z  37900K .......... .......... .......... .......... .......... 84%  119M 0s
2026-03-12T23:04:18.3846959Z  37950K .......... .......... .......... .......... .......... 84%  164M 0s
2026-03-12T23:04:18.3849324Z  38000K .......... .......... .......... .......... .......... 84%  153M 0s
2026-03-12T23:04:18.3852556Z  38050K .......... .......... .......... .......... .......... 84%  170M 0s
2026-03-12T23:04:18.3855328Z  38100K .......... .......... .......... .......... .......... 84%  165M 0s
2026-03-12T23:04:18.3858117Z  38150K .......... .......... .......... .......... .......... 84%  157M 0s
2026-03-12T23:04:18.3862328Z  38200K .......... .......... .......... .......... .......... 85%  161M 0s
2026-03-12T23:04:18.3863175Z  38250K .......... .......... .......... .......... .......... 85%  165M 0s
2026-03-12T23:04:18.3868061Z  38300K .......... .......... .......... .......... .......... 85%  155M 0s
2026-03-12T23:04:18.3870432Z  38350K .......... .......... .......... .......... .......... 85%  157M 0s
2026-03-12T23:04:18.3871935Z  38400K .......... .......... .......... .......... .......... 85%  186M 0s
2026-03-12T23:04:18.3877009Z  38450K .......... .......... .......... .......... .......... 85%  171M 0s
2026-03-12T23:04:18.3877887Z  38500K .......... .......... .......... .......... .......... 85%  153M 0s
2026-03-12T23:04:18.3882800Z  38550K .......... .......... .......... .......... .......... 85%  200M 0s
2026-03-12T23:04:18.3884561Z  38600K .......... .......... .......... .......... .......... 85%  153M 0s
2026-03-12T23:04:18.3887872Z  38650K .......... .......... .......... .......... .......... 86%  150M 0s
2026-03-12T23:04:18.3891380Z  38700K .......... .......... .......... .......... .......... 86%  152M 0s
2026-03-12T23:04:18.3893077Z  38750K .......... .......... .......... .......... .......... 86%  176M 0s
2026-03-12T23:04:18.3896148Z  38800K .......... .......... .......... .......... .......... 86%  180M 0s
2026-03-12T23:04:18.3900331Z  38850K .......... .......... .......... .......... .......... 86%  174M 0s
2026-03-12T23:04:18.3903144Z  38900K .......... .......... .......... .......... .......... 86%  160M 0s
2026-03-12T23:04:18.3905936Z  38950K .......... .......... .......... .......... .......... 86%  189M 0s
2026-03-12T23:04:18.3907060Z  39000K .......... .......... .......... .......... .......... 86%  178M 0s
2026-03-12T23:04:18.3911551Z  39050K .......... .......... .......... .......... .......... 86%  199M 0s
2026-03-12T23:04:18.3913785Z  39100K .......... .......... .......... .......... .......... 87%  143M 0s
2026-03-12T23:04:18.3917676Z  39150K .......... .......... .......... .......... .......... 87%  164M 0s
2026-03-12T23:04:18.3920625Z  39200K .......... .......... .......... .......... .......... 87%  149M 0s
2026-03-12T23:04:18.3923412Z  39250K .......... .......... .......... .......... .......... 87%  198M 0s
2026-03-12T23:04:18.3924822Z  39300K .......... .......... .......... .......... .......... 87%  150M 0s
2026-03-12T23:04:18.3928956Z  39350K .......... .......... .......... .......... .......... 87%  185M 0s
2026-03-12T23:04:18.3932862Z  39400K .......... .......... .......... .......... .......... 87%  189M 0s
2026-03-12T23:04:18.3933916Z  39450K .......... .......... .......... .......... .......... 87%  190M 0s
2026-03-12T23:04:18.3935949Z  39500K .......... .......... .......... .......... .......... 87%  137M 0s
2026-03-12T23:04:18.3939776Z  39550K .......... .......... .......... .......... .......... 88%  201M 0s
2026-03-12T23:04:18.3941817Z  39600K .......... .......... .......... .......... .......... 88%  198M 0s
2026-03-12T23:04:18.3944443Z  39650K .......... .......... .......... .......... .......... 88%  181M 0s
2026-03-12T23:04:18.3946798Z  39700K .......... .......... .......... .......... .......... 88%  149M 0s
2026-03-12T23:04:18.3948975Z  39750K .......... .......... .......... .......... .......... 88%  213M 0s
2026-03-12T23:04:18.3951301Z  39800K .......... .......... .......... .......... .......... 88%  224M 0s
2026-03-12T23:04:18.3954748Z  39850K .......... .......... .......... .......... .......... 88%  179M 0s
2026-03-12T23:04:18.3958700Z  39900K .......... .......... .......... .......... .......... 88%  138M 0s
2026-03-12T23:04:18.3960628Z  39950K .......... .......... .......... .......... .......... 88%  214M 0s
2026-03-12T23:04:18.3962391Z  40000K .......... .......... .......... .......... .......... 89%  173M 0s
2026-03-12T23:04:18.3965918Z  40050K .......... .......... .......... .......... .......... 89%  169M 0s
2026-03-12T23:04:18.3969122Z  40100K .......... .......... .......... .......... .......... 89%  170M 0s
2026-03-12T23:04:18.3971575Z  40150K .......... .......... .......... .......... .......... 89%  193M 0s
2026-03-12T23:04:18.3975786Z  40200K .......... .......... .......... .......... .......... 89%  195M 0s
2026-03-12T23:04:18.3977836Z  40250K .......... .......... .......... .......... .......... 89%  214M 0s
2026-03-12T23:04:18.3979519Z  40300K .......... .......... .......... .......... .......... 89%  132M 0s
2026-03-12T23:04:18.3981808Z  40350K .......... .......... .......... .......... .......... 89%  199M 0s
2026-03-12T23:04:18.3984668Z  40400K .......... .......... .......... .......... .......... 89%  201M 0s
2026-03-12T23:04:18.3987552Z  40450K .......... .......... .......... .......... .......... 90%  227M 0s
2026-03-12T23:04:18.3989074Z  40500K .......... .......... .......... .......... .......... 90%  197M 0s
2026-03-12T23:04:18.3991458Z  40550K .......... .......... .......... .......... .......... 90%  211M 0s
2026-03-12T23:04:18.3994723Z  40600K .......... .......... .......... .......... .......... 90%  201M 0s
2026-03-12T23:04:18.3997045Z  40650K .......... .......... .......... .......... .......... 90%  192M 0s
2026-03-12T23:04:18.3998712Z  40700K .......... .......... .......... .......... .......... 90%  186M 0s
2026-03-12T23:04:18.4002055Z  40750K .......... .......... .......... .......... .......... 90%  211M 0s
2026-03-12T23:04:18.4004607Z  40800K .......... .......... .......... .......... .......... 90%  196M 0s
2026-03-12T23:04:18.4006771Z  40850K .......... .......... .......... .......... .......... 90%  215M 0s
2026-03-12T23:04:18.4008477Z  40900K .......... .......... .......... .......... .......... 91%  191M 0s
2026-03-12T23:04:18.4621147Z  40950K .......... .......... .......... .......... .......... 91%  821K 0s
2026-03-12T23:04:18.4626518Z  41000K .......... .......... .......... .......... .......... 91% 98.2M 0s
2026-03-12T23:04:18.4628146Z  41050K .......... .......... .......... .......... .......... 91%  142M 0s
2026-03-12T23:04:18.4631438Z  41100K .......... .......... .......... .......... .......... 91%  135M 0s
2026-03-12T23:04:18.4635409Z  41150K .......... .......... .......... .......... .......... 91%  130M 0s
2026-03-12T23:04:18.4636410Z  41200K .......... .......... .......... .......... .......... 91%  204M 0s
2026-03-12T23:04:18.4640210Z  41250K .......... .......... .......... .......... .......... 91%  177M 0s
2026-03-12T23:04:18.4643144Z  41300K .......... .......... .......... .......... .......... 91%  155M 0s
2026-03-12T23:04:18.4645147Z  41350K .......... .......... .......... .......... .......... 92%  182M 0s
2026-03-12T23:04:18.4647194Z  41400K .......... .......... .......... .......... .......... 92%  184M 0s
2026-03-12T23:04:18.4650569Z  41450K .......... .......... .......... .......... .......... 92%  207M 0s
2026-03-12T23:04:18.4654250Z  41500K .......... .......... .......... .......... .......... 92%  138M 0s
2026-03-12T23:04:18.4658447Z  41550K .......... .......... .......... .......... .......... 92%  140M 0s
2026-03-12T23:04:18.4659638Z  41600K .......... .......... .......... .......... .......... 92%  193M 0s
2026-03-12T23:04:18.4662748Z  41650K .......... .......... .......... .......... .......... 92%  173M 0s
2026-03-12T23:04:18.4666300Z  41700K .......... .......... .......... .......... .......... 92%  164M 0s
2026-03-12T23:04:18.4670900Z  41750K .......... .......... .......... .......... .......... 92%  176M 0s
2026-03-12T23:04:18.4671820Z  41800K .......... .......... .......... .......... .......... 93%  177M 0s
2026-03-12T23:04:18.4677953Z  41850K .......... .......... .......... .......... .......... 93% 91.8M 0s
2026-03-12T23:04:18.4680927Z  41900K .......... .......... .......... .......... .......... 93%  173M 0s
2026-03-12T23:04:18.4682877Z  41950K .......... .......... .......... .......... .......... 93%  121M 0s
2026-03-12T23:04:18.4685625Z  42000K .......... .......... .......... .......... .......... 93%  190M 0s
2026-03-12T23:04:18.4687690Z  42050K .......... .......... .......... .......... .......... 93%  198M 0s
2026-03-12T23:04:18.4691422Z  42100K .......... .......... .......... .......... .......... 93%  147M 0s
2026-03-12T23:04:18.4696267Z  42150K .......... .......... .......... .......... .......... 93%  159M 0s
2026-03-12T23:04:18.4699658Z  42200K .......... .......... .......... .......... .......... 94%  197M 0s
2026-03-12T23:04:18.4704247Z  42250K .......... .......... .......... .......... .......... 94%  196M 0s
2026-03-12T23:04:18.4707910Z  42300K .......... .......... .......... .......... .......... 94%  143M 0s
2026-03-12T23:04:18.4708646Z  42350K .......... .......... .......... .......... .......... 94%  195M 0s
2026-03-12T23:04:18.4715235Z  42400K .......... .......... .......... .......... .......... 94%  184M 0s
2026-03-12T23:04:18.4719444Z  42450K .......... .......... .......... .......... .......... 94%  138M 0s
2026-03-12T23:04:18.4723436Z  42500K .......... .......... .......... .......... .......... 94%  163M 0s
2026-03-12T23:04:18.4724798Z  42550K .......... .......... .......... .......... .......... 94%  190M 0s
2026-03-12T23:04:18.4725473Z  42600K .......... .......... .......... .......... .......... 94%  133M 0s
2026-03-12T23:04:18.4726121Z  42650K .......... .......... .......... .......... .......... 95%  154M 0s
2026-03-12T23:04:18.4728186Z  42700K .......... .......... .......... .......... .......... 95%  154M 0s
2026-03-12T23:04:18.4732028Z  42750K .......... .......... .......... .......... .......... 95%  119M 0s
2026-03-12T23:04:18.4733792Z  42800K .......... .......... .......... .......... .......... 95%  187M 0s
2026-03-12T23:04:18.4736380Z  42850K .......... .......... .......... .......... .......... 95%  175M 0s
2026-03-12T23:04:18.4740462Z  42900K .......... .......... .......... .......... .......... 95%  181M 0s
2026-03-12T23:04:18.4742611Z  42950K .......... .......... .......... .......... .......... 95%  165M 0s
2026-03-12T23:04:18.4745813Z  43000K .......... .......... .......... .......... .......... 95%  184M 0s
2026-03-12T23:04:18.4749478Z  43050K .......... .......... .......... .......... .......... 95%  175M 0s
2026-03-12T23:04:18.4754431Z  43100K .......... .......... .......... .......... .......... 96%  179M 0s
2026-03-12T23:04:18.4756916Z  43150K .......... .......... .......... .......... .......... 96%  157M 0s
2026-03-12T23:04:18.4759093Z  43200K .......... .......... .......... .......... .......... 96%  181M 0s
2026-03-12T23:04:18.4761007Z  43250K .......... .......... .......... .......... .......... 96%  206M 0s
2026-03-12T23:04:18.4763451Z  43300K .......... .......... .......... .......... .......... 96%  187M 0s
2026-03-12T23:04:18.4764501Z  43350K .......... .......... .......... .......... .......... 96%  141M 0s
2026-03-12T23:04:18.4768997Z  43400K .......... .......... .......... .......... .......... 96%  169M 0s
2026-03-12T23:04:18.4771064Z  43450K .......... .......... .......... .......... .......... 96%  167M 0s
2026-03-12T23:04:18.4774099Z  43500K .......... .......... .......... .......... .......... 96%  174M 0s
2026-03-12T23:04:18.4776095Z  43550K .......... .......... .......... .......... .......... 97%  141M 0s
2026-03-12T23:04:18.4781328Z  43600K .......... .......... .......... .......... .......... 97%  178M 0s
2026-03-12T23:04:18.4782518Z  43650K .......... .......... .......... .......... .......... 97%  201M 0s
2026-03-12T23:04:18.4785001Z  43700K .......... .......... .......... .......... .......... 97%  183M 0s
2026-03-12T23:04:18.4787384Z  43750K .......... .......... .......... .......... .......... 97%  169M 0s
2026-03-12T23:04:18.4794041Z  43800K .......... .......... .......... .......... .......... 97%  212M 0s
2026-03-12T23:04:18.4794864Z  43850K .......... .......... .......... .......... .......... 97%  204M 0s
2026-03-12T23:04:18.4796696Z  43900K .......... .......... .......... .......... .......... 97%  154M 0s
2026-03-12T23:04:18.4800259Z  43950K .......... .......... .......... .......... .......... 97%  153M 0s
2026-03-12T23:04:18.4802615Z  44000K .......... .......... .......... .......... .......... 98%  168M 0s
2026-03-12T23:04:18.4805909Z  44050K .......... .......... .......... .......... .......... 98%  145M 0s
2026-03-12T23:04:18.4808270Z  44100K .......... .......... .......... .......... .......... 98%  207M 0s
2026-03-12T23:04:18.4810397Z  44150K .......... .......... .......... .......... .......... 98%  163M 0s
2026-03-12T23:04:18.4812658Z  44200K .......... .......... .......... .......... .......... 98%  173M 0s
2026-03-12T23:04:18.4815774Z  44250K .......... .......... .......... .......... .......... 98%  200M 0s
2026-03-12T23:04:18.4818532Z  44300K .......... .......... .......... .......... .......... 98%  177M 0s
2026-03-12T23:04:18.4821197Z  44350K .......... .......... .......... .......... .......... 98%  185M 0s
2026-03-12T23:04:18.4822895Z  44400K .......... .......... .......... .......... .......... 98%  199M 0s
2026-03-12T23:04:18.4825441Z  44450K .......... .......... .......... .......... .......... 99%  221M 0s
2026-03-12T23:04:18.4828642Z  44500K .......... .......... .......... .......... .......... 99%  199M 0s
2026-03-12T23:04:18.4831000Z  44550K .......... .......... .......... .......... .......... 99%  188M 0s
2026-03-12T23:04:18.4832237Z  44600K .......... .......... .......... .......... .......... 99%  208M 0s
2026-03-12T23:04:18.4835216Z  44650K .......... .......... .......... .......... .......... 99%  210M 0s
2026-03-12T23:04:18.4836975Z  44700K .......... .......... .......... .......... .......... 99%  224M 0s
2026-03-12T23:04:18.4840223Z  44750K .......... .......... .......... .......... .......... 99%  188M 0s
2026-03-12T23:04:18.4841985Z  44800K .......... .......... .......... .......... .......... 99%  199M 0s
2026-03-12T23:04:18.4844347Z  44850K .......... .......... .......... .......... .......... 99%  225M 0s
2026-03-12T23:04:18.4846282Z  44900K .......... .......... .......... .......... ......    100%  208M=0.6s
2026-03-12T23:04:18.4846698Z
2026-03-12T23:04:18.4848010Z 2026-03-12 23:04:18 (76.7 MB/s) - '/__w/iot-hub-device-update/iot-hub-device-update/.workspace/cmake-3.23.2-linux-x86_64.sh' saved [46025081/46025081]
2026-03-12T23:04:18.4849491Z
2026-03-12T23:04:18.5135463Z CMake Installer Version: 3.23.2, Copyright (c) Kitware
2026-03-12T23:04:18.5136061Z This is a self-extracting archive.
2026-03-12T23:04:18.5137676Z The archive will be extracted to: /__w/iot-hub-device-update/iot-hub-device-update/.workspace
2026-03-12T23:04:18.5148054Z
2026-03-12T23:04:18.5148825Z Using target directory: /__w/iot-hub-device-update/iot-hub-device-update/.workspace/cmake-3.23.2-linux-x86_64
2026-03-12T23:04:18.5149870Z Extracting, please wait...
2026-03-12T23:04:18.5150322Z
2026-03-12T23:04:19.5709299Z Unpacking finished successfully
2026-03-12T23:04:19.5855689Z Build environment written to /__w/iot-hub-device-update/iot-hub-device-update/.workspace/.build-env
2026-03-12T23:04:19.5856804Z Installing shellcheck 0.8.0 from pre-built binaries...
2026-03-12T23:04:19.5878237Z --2026-03-12 23:04:19--  https://github.com/koalaman/shellcheck/releases/download/v0.8.0/shellcheck-v0.8.0.linux.x86_64.tar.xz
2026-03-12T23:04:19.5930717Z Resolving github.com (github.com)... 140.82.116.4
2026-03-12T23:04:19.6119610Z Connecting to github.com (github.com)|140.82.116.4|:443... connected.
2026-03-12T23:04:19.8094186Z HTTP request sent, awaiting response... 302 Found
2026-03-12T23:04:19.8103579Z Location: https://release-assets.githubusercontent.com/github-production-release-asset/6731432/61d9bf57-1e76-44dd-aac3-da2dc71ce6c4?sp=r&sv=2018-11-09&sr=b&spr=https&se=2026-03-12T23%3A54%3A03Z&rscd=attachment%3B+filename%3Dshellcheck-v0.8.0.linux.x86_64.tar.xz&rsct=application%2Foctet-stream&skoid=96c2d410-5711-43a1-aedd-ab1947aa7ab0&sktid=398a6654-997b-47e9-b12b-9515b896b4de&skt=2026-03-12T22%3A53%3A42Z&ske=2026-03-12T23%3A54%3A03Z&sks=b&skv=2018-11-09&sig=gmXw2RlP2eDtXFjz533OGuqHe3OhviHxUi86Kq5SsKo%3D&jwt=*** [following]
2026-03-12T23:04:19.8110362Z --2026-03-12 23:04:19--  https://release-assets.githubusercontent.com/github-production-release-asset/6731432/61d9bf57-1e76-44dd-aac3-da2dc71ce6c4?sp=r&sv=2018-11-09&sr=b&spr=https&se=2026-03-12T23%3A54%3A03Z&rscd=attachment%3B+filename%3Dshellcheck-v0.8.0.linux.x86_64.tar.xz&rsct=application%2Foctet-stream&skoid=96c2d410-5711-43a1-aedd-ab1947aa7ab0&sktid=398a6654-997b-47e9-b12b-9515b896b4de&skt=2026-03-12T22%3A53%3A42Z&ske=2026-03-12T23%3A54%3A03Z&sks=b&skv=2018-11-09&sig=gmXw2RlP2eDtXFjz533OGuqHe3OhviHxUi86Kq5SsKo%3D&jwt=***
2026-03-12T23:04:19.8117944Z Resolving release-assets.githubusercontent.com (release-assets.githubusercontent.com)... 185.199.109.133, 185.199.108.133, 185.199.111.133, ...
2026-03-12T23:04:19.8130343Z Connecting to release-assets.githubusercontent.com (release-assets.githubusercontent.com)|185.199.109.133|:443... connected.
2026-03-12T23:04:19.8839866Z HTTP request sent, awaiting response... 200 OK
2026-03-12T23:04:19.8841772Z Length: 1403852 (1.3M) [application/octet-stream]
2026-03-12T23:04:19.8844022Z Saving to: '/__w/iot-hub-device-update/iot-hub-device-update/.workspace/shellcheck-v0.8.0.linux.x86_64.tar.xz'
2026-03-12T23:04:19.8845230Z
2026-03-12T23:04:19.8855000Z      0K .......... .......... .......... .......... ..........  3% 45.2M 0s
2026-03-12T23:04:19.8859647Z     50K .......... .......... .......... .......... ..........  7% 91.7M 0s
2026-03-12T23:04:19.8867908Z    100K .......... .......... .......... .......... .......... 10% 52.3M 0s
2026-03-12T23:04:19.8878052Z    150K .......... .......... .......... .......... .......... 14% 58.3M 0s
2026-03-12T23:04:19.8880238Z    200K .......... .......... .......... .......... .......... 18%  142M 0s
2026-03-12T23:04:19.8884089Z    250K .......... .......... .......... .......... .......... 21%  108M 0s
2026-03-12T23:04:19.8889161Z    300K .......... .......... .......... .......... .......... 25%  109M 0s
2026-03-12T23:04:19.8895265Z    350K .......... .......... .......... .......... .......... 29% 79.9M 0s
2026-03-12T23:04:19.8898577Z    400K .......... .......... .......... .......... .......... 32%  161M 0s
2026-03-12T23:04:19.8901993Z    450K .......... .......... .......... .......... .......... 36%  134M 0s
2026-03-12T23:04:19.8905363Z    500K .......... .......... .......... .......... .......... 40%  143M 0s
2026-03-12T23:04:19.8908063Z    550K .......... .......... .......... .......... .......... 43%  198M 0s
2026-03-12T23:04:19.8909669Z    600K .......... .......... .......... .......... .......... 47%  195M 0s
2026-03-12T23:04:19.8914047Z    650K .......... .......... .......... .......... .......... 51%  174M 0s
2026-03-12T23:04:19.8915702Z    700K .......... .......... .......... .......... .......... 54%  167M 0s
2026-03-12T23:04:19.8917810Z    750K .......... .......... .......... .......... .......... 58%  192M 0s
2026-03-12T23:04:19.8920398Z    800K .......... .......... .......... .......... .......... 62%  212M 0s
2026-03-12T23:04:19.8924113Z    850K .......... .......... .......... .......... .......... 65%  190M 0s
2026-03-12T23:04:19.8926622Z    900K .......... .......... .......... .......... .......... 69%  182M 0s
2026-03-12T23:04:19.8927548Z    950K .......... .......... .......... .......... .......... 72%  210M 0s
2026-03-12T23:04:19.8931852Z   1000K .......... .......... .......... .......... .......... 76%  195M 0s
2026-03-12T23:04:19.8933075Z   1050K .......... .......... .......... .......... .......... 80%  182M 0s
2026-03-12T23:04:19.8936426Z   1100K .......... .......... .......... .......... .......... 83%  168M 0s
2026-03-12T23:04:19.8938720Z   1150K .......... .......... .......... .......... .......... 87%  184M 0s
2026-03-12T23:04:19.8942196Z   1200K .......... .......... .......... .......... .......... 91%  207M 0s
2026-03-12T23:04:19.8944990Z   1250K .......... .......... .......... .......... .......... 94%  183M 0s
2026-03-12T23:04:19.8948109Z   1300K .......... .......... .......... .......... .......... 98%  178M 0s
2026-03-12T23:04:19.8948805Z   1350K .......... ..........                                 100%  229M=0.01s
2026-03-12T23:04:19.8949224Z
2026-03-12T23:04:19.8949822Z 2026-03-12 23:04:19 (128 MB/s) - '/__w/iot-hub-device-update/iot-hub-device-update/.workspace/shellcheck-v0.8.0.linux.x86_64.tar.xz' saved [1403852/1403852]
2026-03-12T23:04:19.8950702Z
2026-03-12T23:04:19.9973480Z Installing Valgrind from apt...
2026-03-12T23:04:20.9326631Z Reading package lists...
2026-03-12T23:04:21.1388432Z Building dependency tree...
2026-03-12T23:04:21.1390589Z Reading state information...
2026-03-12T23:04:21.2846623Z The following additional packages will be installed:
2026-03-12T23:04:21.2847677Z   gdb libbabeltrace1 libboost-regex1.74.0 libc6-dbg libdebuginfod-common
2026-03-12T23:04:21.2848578Z   libdebuginfod1 libdw1 libelf1 libipt2 libpython3.10
2026-03-12T23:04:21.2853192Z   libsource-highlight-common libsource-highlight4v5
2026-03-12T23:04:21.2859530Z Suggested packages:
2026-03-12T23:04:21.2860298Z   gdb-doc gdbserver valgrind-dbg valgrind-mpi kcachegrind alleyoop valkyrie
2026-03-12T23:04:21.3192600Z The following NEW packages will be installed:
2026-03-12T23:04:21.3193409Z   gdb libbabeltrace1 libboost-regex1.74.0 libc6-dbg libdebuginfod-common
2026-03-12T23:04:21.3194585Z   libdebuginfod1 libdw1 libelf1 libipt2 libpython3.10
2026-03-12T23:04:21.3199243Z   libsource-highlight-common libsource-highlight4v5 valgrind
2026-03-12T23:04:21.6198933Z 0 upgraded, 13 newly installed, 0 to remove and 7 not upgraded.
2026-03-12T23:04:21.6199639Z Need to get 35.1 MB of archives.
2026-03-12T23:04:21.6200529Z After this operation, 121 MB of additional disk space will be used.
2026-03-12T23:04:21.6201847Z Get:1 http://archive.ubuntu.com/ubuntu jammy-updates/main amd64 libdebuginfod-common all 0.186-1ubuntu0.1 [7996 B]
2026-03-12T23:04:21.6905786Z Get:2 http://archive.ubuntu.com/ubuntu jammy-updates/main amd64 libelf1 amd64 0.186-1ubuntu0.1 [51.1 kB]
2026-03-12T23:04:21.8053956Z Get:3 http://archive.ubuntu.com/ubuntu jammy-updates/main amd64 libdw1 amd64 0.186-1ubuntu0.1 [251 kB]
2026-03-12T23:04:21.9734030Z Get:4 http://archive.ubuntu.com/ubuntu jammy/main amd64 libbabeltrace1 amd64 1.5.8-2build1 [160 kB]
2026-03-12T23:04:22.0170226Z Get:5 http://archive.ubuntu.com/ubuntu jammy-updates/main amd64 libdebuginfod1 amd64 0.186-1ubuntu0.1 [12.8 kB]
2026-03-12T23:04:22.0194047Z Get:6 http://archive.ubuntu.com/ubuntu jammy/main amd64 libipt2 amd64 2.0.5-1 [46.4 kB]
2026-03-12T23:04:22.0286389Z Get:7 http://archive.ubuntu.com/ubuntu jammy-updates/main amd64 libpython3.10 amd64 3.10.12-1~22.04.15 [1949 kB]
2026-03-12T23:04:22.1826502Z Get:8 http://archive.ubuntu.com/ubuntu jammy/main amd64 libsource-highlight-common all 3.1.9-4.1build2 [64.5 kB]
2026-03-12T23:04:22.1845709Z Get:9 http://archive.ubuntu.com/ubuntu jammy/main amd64 libboost-regex1.74.0 amd64 1.74.0-14ubuntu3 [511 kB]
2026-03-12T23:04:22.2026442Z Get:10 http://archive.ubuntu.com/ubuntu jammy/main amd64 libsource-highlight4v5 amd64 3.1.9-4.1build2 [207 kB]
2026-03-12T23:04:22.2095031Z Get:11 http://archive.ubuntu.com/ubuntu jammy-updates/main amd64 gdb amd64 12.1-0ubuntu1~22.04.2 [3920 kB]
2026-03-12T23:04:22.2894731Z Get:12 http://archive.ubuntu.com/ubuntu jammy-updates/main amd64 libc6-dbg amd64 2.35-0ubuntu3.13 [13.8 MB]
2026-03-12T23:04:22.5098623Z Get:13 http://archive.ubuntu.com/ubuntu jammy/main amd64 valgrind amd64 1:3.18.1-1ubuntu2 [14.1 MB]
2026-03-12T23:04:22.8424546Z debconf: delaying package configuration, since apt-utils is not installed
2026-03-12T23:04:22.8676471Z Fetched 35.1 MB in 1s (24.9 MB/s)
2026-03-12T23:04:22.8865944Z Selecting previously unselected package libdebuginfod-common.
2026-03-12T23:04:22.8894435Z (Reading database ...
2026-03-12T23:04:22.8894870Z (Reading database ... 5%
2026-03-12T23:04:22.8895597Z (Reading database ... 10%
2026-03-12T23:04:22.8896006Z (Reading database ... 15%
2026-03-12T23:04:22.8896394Z (Reading database ... 20%
2026-03-12T23:04:22.8896778Z (Reading database ... 25%
2026-03-12T23:04:22.8897155Z (Reading database ... 30%
2026-03-12T23:04:22.8897549Z (Reading database ... 35%
2026-03-12T23:04:22.8897933Z (Reading database ... 40%
2026-03-12T23:04:22.8898322Z (Reading database ... 45%
2026-03-12T23:04:22.8898603Z (Reading database ... 50%
2026-03-12T23:04:22.8898983Z (Reading database ... 55%
2026-03-12T23:04:22.8899242Z (Reading database ... 60%
2026-03-12T23:04:22.8929834Z (Reading database ... 65%
2026-03-12T23:04:22.8942410Z (Reading database ... 70%
2026-03-12T23:04:22.8954830Z (Reading database ... 75%
2026-03-12T23:04:22.8964363Z (Reading database ... 80%
2026-03-12T23:04:22.8978809Z (Reading database ... 85%
2026-03-12T23:04:22.9010521Z (Reading database ... 90%
2026-03-12T23:04:22.9018371Z (Reading database ... 95%
2026-03-12T23:04:22.9018830Z (Reading database ... 100%
2026-03-12T23:04:22.9019471Z (Reading database ... 27261 files and directories currently installed.)
2026-03-12T23:04:22.9030479Z Preparing to unpack .../00-libdebuginfod-common_0.186-1ubuntu0.1_all.deb ...
2026-03-12T23:04:22.9040380Z Unpacking libdebuginfod-common (0.186-1ubuntu0.1) ...
2026-03-12T23:04:22.9202044Z Selecting previously unselected package libelf1:amd64.
2026-03-12T23:04:22.9229354Z Preparing to unpack .../01-libelf1_0.186-1ubuntu0.1_amd64.deb ...
2026-03-12T23:04:22.9248528Z Unpacking libelf1:amd64 (0.186-1ubuntu0.1) ...
2026-03-12T23:04:22.9412626Z Selecting previously unselected package libdw1:amd64.
2026-03-12T23:04:22.9443292Z Preparing to unpack .../02-libdw1_0.186-1ubuntu0.1_amd64.deb ...
2026-03-12T23:04:22.9454837Z Unpacking libdw1:amd64 (0.186-1ubuntu0.1) ...
2026-03-12T23:04:22.9652398Z Selecting previously unselected package libbabeltrace1:amd64.
2026-03-12T23:04:22.9678818Z Preparing to unpack .../03-libbabeltrace1_1.5.8-2build1_amd64.deb ...
2026-03-12T23:04:22.9692170Z Unpacking libbabeltrace1:amd64 (1.5.8-2build1) ...
2026-03-12T23:04:22.9913821Z Selecting previously unselected package libdebuginfod1:amd64.
2026-03-12T23:04:22.9939592Z Preparing to unpack .../04-libdebuginfod1_0.186-1ubuntu0.1_amd64.deb ...
2026-03-12T23:04:22.9951776Z Unpacking libdebuginfod1:amd64 (0.186-1ubuntu0.1) ...
2026-03-12T23:04:23.0131062Z Selecting previously unselected package libipt2.
2026-03-12T23:04:23.0157923Z Preparing to unpack .../05-libipt2_2.0.5-1_amd64.deb ...
2026-03-12T23:04:23.0170173Z Unpacking libipt2 (2.0.5-1) ...
2026-03-12T23:04:23.0344879Z Selecting previously unselected package libpython3.10:amd64.
2026-03-12T23:04:23.0371562Z Preparing to unpack .../06-libpython3.10_3.10.12-1~22.04.15_amd64.deb ...
2026-03-12T23:04:23.0382821Z Unpacking libpython3.10:amd64 (3.10.12-1~22.04.15) ...
2026-03-12T23:04:23.0740536Z Selecting previously unselected package libsource-highlight-common.
2026-03-12T23:04:23.0767129Z Preparing to unpack .../07-libsource-highlight-common_3.1.9-4.1build2_all.deb ...
2026-03-12T23:04:23.0777734Z Unpacking libsource-highlight-common (3.1.9-4.1build2) ...
2026-03-12T23:04:23.1254364Z Selecting previously unselected package libboost-regex1.74.0:amd64.
2026-03-12T23:04:23.1281201Z Preparing to unpack .../08-libboost-regex1.74.0_1.74.0-14ubuntu3_amd64.deb ...
2026-03-12T23:04:23.1293339Z Unpacking libboost-regex1.74.0:amd64 (1.74.0-14ubuntu3) ...
2026-03-12T23:04:23.1553076Z Selecting previously unselected package libsource-highlight4v5.
2026-03-12T23:04:23.1581146Z Preparing to unpack .../09-libsource-highlight4v5_3.1.9-4.1build2_amd64.deb ...
2026-03-12T23:04:23.1595886Z Unpacking libsource-highlight4v5 (3.1.9-4.1build2) ...
2026-03-12T23:04:23.1803907Z Selecting previously unselected package gdb.
2026-03-12T23:04:23.1831824Z Preparing to unpack .../10-gdb_12.1-0ubuntu1~22.04.2_amd64.deb ...
2026-03-12T23:04:23.1841832Z Unpacking gdb (12.1-0ubuntu1~22.04.2) ...
2026-03-12T23:04:23.2457453Z Selecting previously unselected package libc6-dbg:amd64.
2026-03-12T23:04:23.2484827Z Preparing to unpack .../11-libc6-dbg_2.35-0ubuntu3.13_amd64.deb ...
2026-03-12T23:04:23.2494611Z Unpacking libc6-dbg:amd64 (2.35-0ubuntu3.13) ...
2026-03-12T23:04:23.3853548Z Selecting previously unselected package valgrind.
2026-03-12T23:04:23.3881033Z Preparing to unpack .../12-valgrind_1%3a3.18.1-1ubuntu2_amd64.deb ...
2026-03-12T23:04:23.3927031Z Unpacking valgrind (1:3.18.1-1ubuntu2) ...
2026-03-12T23:04:23.6778915Z Setting up libpython3.10:amd64 (3.10.12-1~22.04.15) ...
2026-03-12T23:04:23.6813507Z Setting up libdebuginfod-common (0.186-1ubuntu0.1) ...
2026-03-12T23:04:23.7532994Z debconf: unable to initialize frontend: Dialog
2026-03-12T23:04:23.7533454Z debconf: (TERM is not set, so the dialog frontend is not usable.)
2026-03-12T23:04:23.7533818Z debconf: falling back to frontend: Readline
2026-03-12T23:04:23.8048013Z
2026-03-12T23:04:23.8048721Z Creating config file /etc/profile.d/debuginfod.sh with new version
2026-03-12T23:04:23.8670211Z
2026-03-12T23:04:23.8670936Z Creating config file /etc/profile.d/debuginfod.csh with new version
2026-03-12T23:04:23.9052592Z Setting up libsource-highlight-common (3.1.9-4.1build2) ...
2026-03-12T23:04:23.9079120Z Setting up libc6-dbg:amd64 (2.35-0ubuntu3.13) ...
2026-03-12T23:04:23.9109688Z Setting up libboost-regex1.74.0:amd64 (1.74.0-14ubuntu3) ...
2026-03-12T23:04:23.9136180Z Setting up libipt2 (2.0.5-1) ...
2026-03-12T23:04:23.9163482Z Setting up valgrind (1:3.18.1-1ubuntu2) ...
2026-03-12T23:04:23.9224813Z Setting up libelf1:amd64 (0.186-1ubuntu0.1) ...
2026-03-12T23:04:23.9253878Z Setting up libsource-highlight4v5 (3.1.9-4.1build2) ...
2026-03-12T23:04:23.9283711Z Setting up libdw1:amd64 (0.186-1ubuntu0.1) ...
2026-03-12T23:04:23.9311785Z Setting up libdebuginfod1:amd64 (0.186-1ubuntu0.1) ...
2026-03-12T23:04:23.9345173Z Setting up libbabeltrace1:amd64 (1.5.8-2build1) ...
2026-03-12T23:04:23.9372150Z Setting up gdb (12.1-0ubuntu1~22.04.2) ...
2026-03-12T23:04:23.9410843Z Processing triggers for libc-bin (2.35-0ubuntu3.13) ...
2026-03-12T23:04:23.9739062Z Valgrind installed from apt successfully.
2026-03-12T23:04:23.9740635Z Installing Azure IoT C SDK ...
2026-03-12T23:04:23.9741229Z Building azure-iot-sdk-c ...
2026-03-12T23:04:23.9741611Z 	Branch: LTS_08_2023
2026-03-12T23:04:23.9742169Z 	Folder: /__w/iot-hub-device-update/iot-hub-device-update/.workspace/azure-iot-sdk-c
2026-03-12T23:04:23.9767400Z Cloning into '.'...
2026-03-12T23:04:28.0932073Z Note: switching to '97fef570416467598100b782ef27ceadad9ca796'.
2026-03-12T23:04:28.0932552Z
2026-03-12T23:04:28.0933150Z You are in 'detached HEAD' state. You can look around, make experimental
2026-03-12T23:04:28.0933647Z changes and commit them, and you can discard any commits you make in this
2026-03-12T23:04:28.0934119Z state without impacting any branches by switching back to a branch.
2026-03-12T23:04:28.0934405Z
2026-03-12T23:04:28.0934595Z If you want to create a new branch to retain commits you create, you may
2026-03-12T23:04:28.0935050Z do so (now or later) by using -c with the switch command. Example:
2026-03-12T23:04:28.0935305Z
2026-03-12T23:04:28.0935428Z   git switch -c <new-branch-name>
2026-03-12T23:04:28.0935605Z
2026-03-12T23:04:28.0935691Z Or undo this operation with:
2026-03-12T23:04:28.0935850Z
2026-03-12T23:04:28.0935920Z   git switch -
2026-03-12T23:04:28.0936029Z
2026-03-12T23:04:28.0936232Z Turn off this advice by setting config variable advice.detachedHead to false
2026-03-12T23:04:28.0936548Z
2026-03-12T23:04:28.2295327Z Submodule 'azure-c-shared-utility' (https://github.com/Azure/azure-c-shared-utility.git) registered for path 'c-utility'
2026-03-12T23:04:28.2298295Z Submodule 'deps/azure-c-testrunnerswitcher' (https://github.com/Azure/azure-c-testrunnerswitcher.git) registered for path 'deps/azure-c-testrunnerswitcher'
2026-03-12T23:04:28.2304624Z Submodule 'deps/azure-ctest' (https://github.com/Azure/azure-ctest.git) registered for path 'deps/azure-ctest'
2026-03-12T23:04:28.2309326Z Submodule 'deps/azure-macro-utils-c' (https://github.com/Azure/azure-macro-utils-c.git) registered for path 'deps/azure-macro-utils-c'
2026-03-12T23:04:28.2314578Z Submodule 'deps/parson' (https://github.com/kgabis/parson.git) registered for path 'deps/parson'
2026-03-12T23:04:28.2319550Z Submodule 'deps/uhttp' (https://github.com/Azure/azure-uhttp-c.git) registered for path 'deps/uhttp'
2026-03-12T23:04:28.2324179Z Submodule 'deps/umock-c' (https://github.com/Azure/umock-c.git) registered for path 'deps/umock-c'
2026-03-12T23:04:28.2329528Z Submodule 'provisioning_client/deps/RIoT' (https://github.com/Microsoft/RIoT.git) registered for path 'provisioning_client/deps/RIoT'
2026-03-12T23:04:28.2334930Z Submodule 'provisioning_client/deps/utpm' (https://github.com/Azure/azure-utpm-c.git) registered for path 'provisioning_client/deps/utpm'
2026-03-12T23:04:28.2339847Z Submodule 'azure-uamqp-c' (https://github.com/Azure/azure-uamqp-c.git) registered for path 'uamqp'
2026-03-12T23:04:28.2346703Z Submodule 'azure-umqtt-c' (https://github.com/Azure/azure-umqtt-c.git) registered for path 'umqtt'
2026-03-12T23:04:28.2392324Z Cloning into '/__w/iot-hub-device-update/iot-hub-device-update/.workspace/azure-iot-sdk-c/c-utility'...
2026-03-12T23:04:29.4931727Z Cloning into '/__w/iot-hub-device-update/iot-hub-device-update/.workspace/azure-iot-sdk-c/deps/azure-c-testrunnerswitcher'...
2026-03-12T23:04:30.0713095Z Cloning into '/__w/iot-hub-device-update/iot-hub-device-update/.workspace/azure-iot-sdk-c/deps/azure-ctest'...
2026-03-12T23:04:30.7291690Z Cloning into '/__w/iot-hub-device-update/iot-hub-device-update/.workspace/azure-iot-sdk-c/deps/azure-macro-utils-c'...
2026-03-12T23:04:31.4404801Z Cloning into '/__w/iot-hub-device-update/iot-hub-device-update/.workspace/azure-iot-sdk-c/deps/parson'...
2026-03-12T23:04:31.9527129Z Cloning into '/__w/iot-hub-device-update/iot-hub-device-update/.workspace/azure-iot-sdk-c/deps/uhttp'...
2026-03-12T23:04:32.4531742Z Cloning into '/__w/iot-hub-device-update/iot-hub-device-update/.workspace/azure-iot-sdk-c/deps/umock-c'...
2026-03-12T23:04:33.1405414Z Cloning into '/__w/iot-hub-device-update/iot-hub-device-update/.workspace/azure-iot-sdk-c/provisioning_client/deps/RIoT'...
2026-03-12T23:04:33.8923474Z Cloning into '/__w/iot-hub-device-update/iot-hub-device-update/.workspace/azure-iot-sdk-c/provisioning_client/deps/utpm'...
2026-03-12T23:04:34.4192043Z Cloning into '/__w/iot-hub-device-update/iot-hub-device-update/.workspace/azure-iot-sdk-c/uamqp'...
2026-03-12T23:04:35.3776905Z Cloning into '/__w/iot-hub-device-update/iot-hub-device-update/.workspace/azure-iot-sdk-c/umqtt'...
2026-03-12T23:04:36.0371180Z Submodule path 'c-utility': checked out '8ee0e5d88d1771d33e36d38d392ec9d9ae13ea55'
2026-03-12T23:04:36.0548953Z Submodule path 'deps/azure-c-testrunnerswitcher': checked out '8734bd6c53c88dd6c0cea8e87d70b9964726484a'
2026-03-12T23:04:36.0777441Z Submodule path 'deps/azure-ctest': checked out '4aa84c45236ecda21983fb682f542f17d0b21e19'
2026-03-12T23:04:36.0979138Z Submodule path 'deps/azure-macro-utils-c': checked out '5926caf4e42e98e730e6d03395788205649a3ada'
2026-03-12T23:04:36.1107442Z Submodule path 'deps/parson': checked out '60c37844d7a1c97547812cac3423d458c73e60f9'
2026-03-12T23:04:36.1258624Z Submodule path 'deps/uhttp': checked out 'ff321c8158b53b18557b0224dfd32a4bf0ebb77a'
2026-03-12T23:04:36.1577579Z Submodule path 'deps/umock-c': checked out '504193e65d1c2f6eb50c15357167600a296df7ff'
2026-03-12T23:04:36.2033134Z Submodule path 'provisioning_client/deps/RIoT': checked out 'f6bebff2f5a68f5bc18d23ed164800db33b7d2a4'
2026-03-12T23:04:36.2285415Z Submodule path 'provisioning_client/deps/utpm': checked out 'be3015c3a464de3e5f34c5a88000d6897d622d44'
2026-03-12T23:04:36.2722054Z Submodule path 'uamqp': checked out 'efd1b1b8b1e85d471ebd3aa1be062fb1cc6a10a1'
2026-03-12T23:04:36.2909755Z Submodule path 'umqtt': checked out '457e5af5e08ce72cee4c3c32d13ef274ab23c0d3'
2026-03-12T23:04:36.3450873Z -- The C compiler identification is GNU 11.4.0
2026-03-12T23:04:36.3982420Z -- The CXX compiler identification is GNU 11.4.0
2026-03-12T23:04:36.4058513Z -- Detecting C compiler ABI info
2026-03-12T23:04:36.4717507Z -- Detecting C compiler ABI info - done
2026-03-12T23:04:36.4788709Z -- Check for working C compiler: /usr/bin/gcc - skipped
2026-03-12T23:04:36.4792558Z -- Detecting C compile features
2026-03-12T23:04:36.4797149Z -- Detecting C compile features - done
2026-03-12T23:04:36.4830547Z -- Detecting CXX compiler ABI info
2026-03-12T23:04:36.5588855Z -- Detecting CXX compiler ABI info - done
2026-03-12T23:04:36.5661930Z -- Check for working CXX compiler: /usr/bin/g++ - skipped
2026-03-12T23:04:36.5666292Z -- Detecting CXX compile features
2026-03-12T23:04:36.5672150Z -- Detecting CXX compile features - done
2026-03-12T23:04:36.5719434Z -- IoT Client SDK Version = 1.11.0
2026-03-12T23:04:36.5731718Z CMake Deprecation Warning at deps/azure-macro-utils-c/CMakeLists.txt:4 (cmake_minimum_required):
2026-03-12T23:04:36.5732871Z   Compatibility with CMake < 2.8.12 will be removed from a future version of
2026-03-12T23:04:36.5733362Z   CMake.
2026-03-12T23:04:36.5733483Z
2026-03-12T23:04:36.5733735Z   Update the VERSION argument <min> value or use a ...<max> suffix to tell
2026-03-12T23:04:36.5734338Z   CMake that the project does not need compatibility with older versions.
2026-03-12T23:04:36.5734712Z
2026-03-12T23:04:36.5734716Z
2026-03-12T23:04:36.5778502Z CMake Deprecation Warning at deps/umock-c/CMakeLists.txt:4 (cmake_minimum_required):
2026-03-12T23:04:36.5779240Z   Compatibility with CMake < 2.8.12 will be removed from a future version of
2026-03-12T23:04:36.5779701Z   CMake.
2026-03-12T23:04:36.5779818Z
2026-03-12T23:04:36.5780395Z   Update the VERSION argument <min> value or use a ...<max> suffix to tell
2026-03-12T23:04:36.5781017Z   CMake that the project does not need compatibility with older versions.
2026-03-12T23:04:36.5781383Z
2026-03-12T23:04:36.5781387Z
2026-03-12T23:04:36.5805156Z -- Looking for include file stdint.h
2026-03-12T23:04:36.6461209Z -- Looking for include file stdint.h - found
2026-03-12T23:04:36.6467098Z -- Looking for include file stdbool.h
2026-03-12T23:04:36.7102718Z -- Looking for include file stdbool.h - found
2026-03-12T23:04:36.7821773Z -- target architecture: x86_64
2026-03-12T23:04:36.7834862Z -- Performing Test CXX_FLAG_CXX11
2026-03-12T23:04:36.8581008Z -- Performing Test CXX_FLAG_CXX11 - Success
2026-03-12T23:04:36.9048359Z -- Found OpenSSL: /usr/lib/x86_64-linux-gnu/libcrypto.so (found version "3.0.2")
2026-03-12T23:04:36.9638359Z -- Found CURL: /usr/lib/x86_64-linux-gnu/libcurl.so (found version "7.81.0")
2026-03-12T23:04:36.9640162Z -- Found CURL: /usr/lib/x86_64-linux-gnu/libcurl.so
2026-03-12T23:04:36.9750246Z -- IoT Hub Architecture: x86_64
2026-03-12T23:04:36.9751055Z -- iothub_service_client build is disabled (AMQP and HTTP support are required)
2026-03-12T23:04:36.9789485Z -- Configuring done
2026-03-12T23:04:37.0463995Z -- Generating done
2026-03-12T23:04:37.0509577Z CMake Warning:
2026-03-12T23:04:37.0510437Z   Manually-specified variables were not used by the project:
2026-03-12T23:04:37.0510952Z
2026-03-12T23:04:37.0511117Z     build_provisioning_service_client
2026-03-12T23:04:37.0511373Z
2026-03-12T23:04:37.0511378Z
2026-03-12T23:04:37.0517042Z -- Build files have been written to: /__w/iot-hub-device-update/iot-hub-device-update/.workspace/azure-iot-sdk-c/cmake
2026-03-12T23:04:37.1043353Z [  0%] Building C object deps/umock-c/CMakeFiles/umock_c.dir/src/umock_c.c.o
2026-03-12T23:04:37.1561671Z [  1%] Building C object deps/umock-c/CMakeFiles/umock_c.dir/src/umock_c_negative_tests.c.o
2026-03-12T23:04:37.2062428Z [  2%] Building C object deps/umock-c/CMakeFiles/umock_c.dir/src/umockalloc.c.o
2026-03-12T23:04:37.2358670Z [  3%] Building C object deps/umock-c/CMakeFiles/umock_c.dir/src/umockcall.c.o
2026-03-12T23:04:37.2688104Z [  3%] Building C object deps/umock-c/CMakeFiles/umock_c.dir/src/umockcallrecorder.c.o
2026-03-12T23:04:37.3294301Z [  4%] Building C object deps/umock-c/CMakeFiles/umock_c.dir/src/umocktypename.c.o
2026-03-12T23:04:37.3547797Z [  5%] Building C object deps/umock-c/CMakeFiles/umock_c.dir/src/umocktypes.c.o
2026-03-12T23:04:37.4120656Z [  6%] Building C object deps/umock-c/CMakeFiles/umock_c.dir/src/umocktypes_bool.c.o
2026-03-12T23:04:37.4619271Z [  6%] Building C object deps/umock-c/CMakeFiles/umock_c.dir/src/umocktypes_c.c.o
2026-03-12T23:04:37.5391663Z [  7%] Building C object deps/umock-c/CMakeFiles/umock_c.dir/src/umocktypes_stdint.c.o
2026-03-12T23:04:37.6041347Z [  8%] Building C object deps/umock-c/CMakeFiles/umock_c.dir/src/umocktypes_charptr.c.o
2026-03-12T23:04:37.6577082Z [  9%] Building C object deps/umock-c/CMakeFiles/umock_c.dir/src/umocktypes_wcharptr.c.o
2026-03-12T23:04:37.7139320Z [  9%] Building C object deps/umock-c/CMakeFiles/umock_c.dir/src/umockcallpairs.c.o
2026-03-12T23:04:37.7657719Z [ 10%] Building C object deps/umock-c/CMakeFiles/umock_c.dir/src/umockstring.c.o
2026-03-12T23:04:37.7895250Z [ 11%] Building C object deps/umock-c/CMakeFiles/umock_c.dir/src/umockautoignoreargs.c.o
2026-03-12T23:04:37.8324513Z [ 12%] Building C object deps/umock-c/CMakeFiles/umock_c.dir/src/umock_log.c.o
2026-03-12T23:04:37.8800211Z [ 12%] Linking C static library libumock_c.a
2026-03-12T23:04:37.9474498Z [ 12%] Built target umock_c
2026-03-12T23:04:37.9651092Z [ 13%] Building C object deps/parson/CMakeFiles/parson.dir/parson.c.o
2026-03-12T23:04:38.1047573Z [ 14%] Linking C static library libparson.a
2026-03-12T23:04:38.1629252Z [ 14%] Built target parson
2026-03-12T23:04:38.1827926Z [ 14%] Building C object c-utility/CMakeFiles/aziotsharedutil.dir/src/azure_base32.c.o
2026-03-12T23:04:38.2495850Z [ 15%] Building C object c-utility/CMakeFiles/aziotsharedutil.dir/src/azure_base64.c.o
2026-03-12T23:04:38.3165755Z [ 16%] Building C object c-utility/CMakeFiles/aziotsharedutil.dir/src/buffer.c.o
2026-03-12T23:04:38.3821918Z [ 17%] Building C object c-utility/CMakeFiles/aziotsharedutil.dir/src/constbuffer_array.c.o
2026-03-12T23:04:38.4560729Z [ 17%] Building C object c-utility/CMakeFiles/aziotsharedutil.dir/src/constbuffer_array_batcher.c.o
2026-03-12T23:04:38.5243467Z [ 18%] Building C object c-utility/CMakeFiles/aziotsharedutil.dir/src/connection_string_parser.c.o
2026-03-12T23:04:38.5851180Z [ 19%] Building C object c-utility/CMakeFiles/aziotsharedutil.dir/src/constbuffer.c.o
2026-03-12T23:04:38.6473560Z [ 20%] Building C object c-utility/CMakeFiles/aziotsharedutil.dir/src/consolelogger.c.o
2026-03-12T23:04:38.6918116Z [ 20%] Building C object c-utility/CMakeFiles/aziotsharedutil.dir/src/crt_abstractions.c.o
2026-03-12T23:04:38.7618504Z [ 21%] Building C object c-utility/CMakeFiles/aziotsharedutil.dir/src/constmap.c.o
2026-03-12T23:04:38.8293376Z [ 22%] Building C object c-utility/CMakeFiles/aziotsharedutil.dir/src/doublylinkedlist.c.o
2026-03-12T23:04:38.8727387Z [ 23%] Building C object c-utility/CMakeFiles/aziotsharedutil.dir/src/gballoc.c.o
2026-03-12T23:04:38.9281545Z [ 23%] Building C object c-utility/CMakeFiles/aziotsharedutil.dir/src/gbnetwork.c.o
2026-03-12T23:04:38.9821140Z [ 24%] Building C object c-utility/CMakeFiles/aziotsharedutil.dir/src/gb_stdio.c.o
2026-03-12T23:04:38.9997253Z [ 25%] Building C object c-utility/CMakeFiles/aziotsharedutil.dir/src/gb_time.c.o
2026-03-12T23:04:39.0172526Z [ 26%] Building C object c-utility/CMakeFiles/aziotsharedutil.dir/src/gb_rand.c.o
2026-03-12T23:04:39.0566801Z [ 26%] Building C object c-utility/CMakeFiles/aziotsharedutil.dir/src/hmac.c.o
2026-03-12T23:04:39.0837461Z [ 27%] Building C object c-utility/CMakeFiles/aziotsharedutil.dir/src/hmacsha256.c.o
2026-03-12T23:04:39.1289689Z [ 28%] Building C object c-utility/CMakeFiles/aziotsharedutil.dir/src/xio.c.o
2026-03-12T23:04:39.1846609Z [ 29%] Building C object c-utility/CMakeFiles/aziotsharedutil.dir/src/singlylinkedlist.c.o
2026-03-12T23:04:39.2408682Z [ 29%] Building C object c-utility/CMakeFiles/aziotsharedutil.dir/src/map.c.o
2026-03-12T23:04:39.3175355Z [ 30%] Building C object c-utility/CMakeFiles/aziotsharedutil.dir/src/sastoken.c.o
2026-03-12T23:04:39.3846450Z [ 31%] Building C object c-utility/CMakeFiles/aziotsharedutil.dir/src/sha1.c.o
2026-03-12T23:04:39.4345510Z [ 32%] Building C object c-utility/CMakeFiles/aziotsharedutil.dir/src/sha224.c.o
2026-03-12T23:04:39.4696117Z [ 32%] Building C object c-utility/CMakeFiles/aziotsharedutil.dir/src/sha384-512.c.o
2026-03-12T23:04:39.5237451Z [ 33%] Building C object c-utility/CMakeFiles/aziotsharedutil.dir/src/strings.c.o
2026-03-12T23:04:39.5982415Z [ 34%] Building C object c-utility/CMakeFiles/aziotsharedutil.dir/src/string_token.c.o
2026-03-12T23:04:39.6588372Z [ 35%] Building C object c-utility/CMakeFiles/aziotsharedutil.dir/src/string_tokenizer.c.o
2026-03-12T23:04:39.7151732Z [ 35%] Building C object c-utility/CMakeFiles/aziotsharedutil.dir/src/uuid.c.o
2026-03-12T23:04:39.7680978Z [ 36%] Building C object c-utility/CMakeFiles/aziotsharedutil.dir/src/urlencode.c.o
2026-03-12T23:04:39.8310272Z [ 37%] Building C object c-utility/CMakeFiles/aziotsharedutil.dir/src/usha.c.o
2026-03-12T23:04:39.8586689Z [ 38%] Building C object c-utility/CMakeFiles/aziotsharedutil.dir/src/vector.c.o
2026-03-12T23:04:39.9218286Z [ 38%] Building C object c-utility/CMakeFiles/aziotsharedutil.dir/src/xlogging.c.o
2026-03-12T23:04:39.9689780Z [ 39%] Building C object c-utility/CMakeFiles/aziotsharedutil.dir/src/optionhandler.c.o
2026-03-12T23:04:40.0279337Z [ 40%] Building C object c-utility/CMakeFiles/aziotsharedutil.dir/src/memory_data.c.o
2026-03-12T23:04:40.0839883Z [ 41%] Building C object c-utility/CMakeFiles/aziotsharedutil.dir/adapters/agenttime.c.o
2026-03-12T23:04:40.1268700Z [ 41%] Building C object c-utility/CMakeFiles/aziotsharedutil.dir/adapters/condition_pthreads.c.o
2026-03-12T23:04:40.1820207Z [ 42%] Building C object c-utility/CMakeFiles/aziotsharedutil.dir/adapters/lock_pthreads.c.o
2026-03-12T23:04:40.2326565Z [ 43%] Building C object c-utility/CMakeFiles/aziotsharedutil.dir/adapters/platform_linux.c.o
2026-03-12T23:04:40.3018635Z [ 44%] Building C object c-utility/CMakeFiles/aziotsharedutil.dir/adapters/socketio_berkeley.c.o
2026-03-12T23:04:40.4071690Z [ 44%] Building C object c-utility/CMakeFiles/aziotsharedutil.dir/adapters/tickcounter_linux.c.o
2026-03-12T23:04:40.4563006Z [ 45%] Building C object c-utility/CMakeFiles/aziotsharedutil.dir/adapters/threadapi_pthreads.c.o
2026-03-12T23:04:40.5155863Z [ 46%] Building C object c-utility/CMakeFiles/aziotsharedutil.dir/adapters/uniqueid_linux.c.o
2026-03-12T23:04:40.5640471Z [ 47%] Building C object c-utility/CMakeFiles/aziotsharedutil.dir/adapters/envvariable.c.o
2026-03-12T23:04:40.6043553Z [ 47%] Building C object c-utility/CMakeFiles/aziotsharedutil.dir/src/dns_resolver_sync.c.o
2026-03-12T23:04:40.6626472Z [ 48%] Building C object c-utility/CMakeFiles/aziotsharedutil.dir/adapters/linux_time.c.o
2026-03-12T23:04:40.7105197Z [ 49%] Building C object c-utility/CMakeFiles/aziotsharedutil.dir/src/httpapiex.c.o
2026-03-12T23:04:40.7922202Z [ 50%] Building C object c-utility/CMakeFiles/aziotsharedutil.dir/src/httpapiexsas.c.o
2026-03-12T23:04:40.8599816Z [ 50%] Building C object c-utility/CMakeFiles/aziotsharedutil.dir/src/httpheaders.c.o
2026-03-12T23:04:40.9275201Z [ 51%] Building C object c-utility/CMakeFiles/aziotsharedutil.dir/adapters/httpapi_curl.c.o
2026-03-12T23:04:41.1254215Z [ 52%] Building C object c-utility/CMakeFiles/aziotsharedutil.dir/src/http_proxy_io.c.o
2026-03-12T23:04:41.2155467Z [ 53%] Building C object c-utility/CMakeFiles/aziotsharedutil.dir/adapters/tlsio_openssl.c.o
2026-03-12T23:04:41.3679698Z [ 53%] Building C object c-utility/CMakeFiles/aziotsharedutil.dir/adapters/x509_openssl.c.o
2026-03-12T23:04:41.4686150Z [ 54%] Building C object c-utility/CMakeFiles/aziotsharedutil.dir/src/wsio.c.o
2026-03-12T23:04:41.5462098Z [ 55%] Building C object c-utility/CMakeFiles/aziotsharedutil.dir/src/uws_client.c.o
2026-03-12T23:04:41.6747201Z [ 56%] Building C object c-utility/CMakeFiles/aziotsharedutil.dir/src/uws_frame_encoder.c.o
2026-03-12T23:04:41.7288086Z [ 56%] Building C object c-utility/CMakeFiles/aziotsharedutil.dir/src/utf8_checker.c.o
2026-03-12T23:04:41.7721034Z [ 57%] Building C object c-utility/CMakeFiles/aziotsharedutil.dir/src/ws_url.c.o
2026-03-12T23:04:41.8317955Z [ 58%] Linking C static library libaziotsharedutil.a
2026-03-12T23:04:41.9280837Z [ 58%] Built target aziotsharedutil
2026-03-12T23:04:41.9459506Z [ 59%] Building C object umqtt/CMakeFiles/umqtt.dir/src/mqtt_client.c.o
2026-03-12T23:04:42.0621404Z [ 60%] Building C object umqtt/CMakeFiles/umqtt.dir/src/mqtt_codec.c.o
2026-03-12T23:04:42.1554591Z [ 61%] Building C object umqtt/CMakeFiles/umqtt.dir/src/mqtt_message.c.o
2026-03-12T23:04:42.2206066Z [ 62%] Linking C static library libumqtt.a
2026-03-12T23:04:42.2802078Z [ 62%] Built target umqtt
2026-03-12T23:04:42.2979693Z [ 63%] Building C object deps/uhttp/CMakeFiles/uhttp.dir/src/uhttp.c.o
2026-03-12T23:04:42.4168780Z [ 64%] Linking C static library libuhttp.a
2026-03-12T23:04:42.4767919Z [ 64%] Built target uhttp
2026-03-12T23:04:42.4952572Z [ 64%] Building C object iothub_client/CMakeFiles/iothub_client_http_transport.dir/src/iothub_client_authorization.c.o
2026-03-12T23:04:42.5767967Z [ 65%] Building C object iothub_client/CMakeFiles/iothub_client_http_transport.dir/src/iothub_client_retry_control.c.o
2026-03-12T23:04:42.7045966Z [ 66%] Building C object iothub_client/CMakeFiles/iothub_client_http_transport.dir/src/iothub_transport_ll_private.c.o
2026-03-12T23:04:42.7854538Z [ 67%] Building C object iothub_client/CMakeFiles/iothub_client_http_transport.dir/src/iothubtransporthttp.c.o
2026-03-12T23:04:42.9803727Z [ 67%] Linking C static library libiothub_client_http_transport.a
2026-03-12T23:04:43.0427829Z [ 67%] Built target iothub_client_http_transport
2026-03-12T23:04:43.0617584Z [ 68%] Building C object iothub_client/CMakeFiles/iothub_client_mqtt_transport.dir/src/iothub_client_authorization.c.o
2026-03-12T23:04:43.1438712Z [ 69%] Building C object iothub_client/CMakeFiles/iothub_client_mqtt_transport.dir/src/iothub_client_retry_control.c.o
2026-03-12T23:04:43.2721414Z [ 70%] Building C object iothub_client/CMakeFiles/iothub_client_mqtt_transport.dir/src/iothub_transport_ll_private.c.o
2026-03-12T23:04:43.3521519Z [ 70%] Building C object iothub_client/CMakeFiles/iothub_client_mqtt_transport.dir/src/iothubtransport_mqtt_common.c.o
2026-03-12T23:04:43.6146849Z [ 71%] Building C object iothub_client/CMakeFiles/iothub_client_mqtt_transport.dir/src/iothubtransportmqtt.c.o
2026-03-12T23:04:43.7064973Z [ 72%] Linking C static library libiothub_client_mqtt_transport.a
2026-03-12T23:04:43.7672934Z [ 72%] Built target iothub_client_mqtt_transport
2026-03-12T23:04:43.7852336Z [ 73%] Building C object iothub_client/CMakeFiles/iothub_client_mqtt_ws_transport.dir/src/iothub_client_authorization.c.o
2026-03-12T23:04:43.8647313Z [ 73%] Building C object iothub_client/CMakeFiles/iothub_client_mqtt_ws_transport.dir/src/iothub_client_retry_control.c.o
2026-03-12T23:04:43.9906801Z [ 74%] Building C object iothub_client/CMakeFiles/iothub_client_mqtt_ws_transport.dir/src/iothub_transport_ll_private.c.o
2026-03-12T23:04:44.0704230Z [ 75%] Building C object iothub_client/CMakeFiles/iothub_client_mqtt_ws_transport.dir/src/iothubtransport_mqtt_common.c.o
2026-03-12T23:04:44.3117174Z [ 76%] Building C object iothub_client/CMakeFiles/iothub_client_mqtt_ws_transport.dir/src/iothubtransportmqtt_websockets.c.o
2026-03-12T23:04:44.4049728Z [ 76%] Linking C static library libiothub_client_mqtt_ws_transport.a
2026-03-12T23:04:44.4668981Z [ 76%] Built target iothub_client_mqtt_ws_transport
2026-03-12T23:04:44.4857656Z [ 77%] Building C object iothub_client/CMakeFiles/iothub_client.dir/src/iothub.c.o
2026-03-12T23:04:44.5419577Z [ 77%] Building C object iothub_client/CMakeFiles/iothub_client.dir/src/iothub_client.c.o
2026-03-12T23:04:44.6355284Z [ 78%] Building C object iothub_client/CMakeFiles/iothub_client.dir/src/iothub_client_core.c.o
2026-03-12T23:04:44.8278711Z [ 79%] Building C object iothub_client/CMakeFiles/iothub_client.dir/src/iothub_client_core_ll.c.o
2026-03-12T23:04:45.0505925Z [ 80%] Building C object iothub_client/CMakeFiles/iothub_client.dir/src/iothub_client_diagnostic.c.o
2026-03-12T23:04:45.1317492Z [ 80%] Building C object iothub_client/CMakeFiles/iothub_client.dir/src/iothub_client_ll.c.o
2026-03-12T23:04:45.2447156Z [ 81%] Building C object iothub_client/CMakeFiles/iothub_client.dir/src/iothub_client_properties.c.o
2026-03-12T23:04:45.3410961Z [ 82%] Building C object iothub_client/CMakeFiles/iothub_client.dir/src/iothub_device_client.c.o
2026-03-12T23:04:45.4418084Z [ 83%] Building C object iothub_client/CMakeFiles/iothub_client.dir/src/iothub_device_client_ll.c.o
2026-03-12T23:04:45.5578524Z [ 83%] Building C object iothub_client/CMakeFiles/iothub_client.dir/src/iothub_message.c.o
2026-03-12T23:04:45.6706785Z [ 84%] Building C object iothub_client/CMakeFiles/iothub_client.dir/src/iothub_module_client.c.o
2026-03-12T23:04:45.7668998Z [ 85%] Building C object iothub_client/CMakeFiles/iothub_client.dir/src/iothub_module_client_ll.c.o
2026-03-12T23:04:45.8849343Z [ 86%] Building C object iothub_client/CMakeFiles/iothub_client.dir/src/iothubtransport.c.o
2026-03-12T23:04:46.0090891Z [ 86%] Building C object iothub_client/CMakeFiles/iothub_client.dir/src/version.c.o
2026-03-12T23:04:46.0494096Z [ 87%] Building C object iothub_client/CMakeFiles/iothub_client.dir/src/iothub_client_ll_uploadtoblob.c.o
2026-03-12T23:04:46.2082001Z [ 88%] Building C object iothub_client/CMakeFiles/iothub_client.dir/src/blob.c.o
2026-03-12T23:04:46.2865355Z [ 89%] Linking C static library libiothub_client.a
2026-03-12T23:04:46.3593910Z [ 89%] Built target iothub_client
2026-03-12T23:04:46.3799127Z [ 90%] Building C object serializer/CMakeFiles/serializer.dir/src/agenttypesystem.c.o
2026-03-12T23:04:46.5694777Z [ 90%] Building C object serializer/CMakeFiles/serializer.dir/src/codefirst.c.o
2026-03-12T23:04:46.7134521Z [ 91%] Building C object serializer/CMakeFiles/serializer.dir/src/commanddecoder.c.o
2026-03-12T23:04:46.8375429Z [ 92%] Building C object serializer/CMakeFiles/serializer.dir/src/datamarshaller.c.o
2026-03-12T23:04:46.9333435Z [ 93%] Building C object serializer/CMakeFiles/serializer.dir/src/datapublisher.c.o
2026-03-12T23:04:47.0397701Z [ 93%] Building C object serializer/CMakeFiles/serializer.dir/src/dataserializer.c.o
2026-03-12T23:04:47.1069340Z [ 94%] Building C object serializer/CMakeFiles/serializer.dir/src/iotdevice.c.o
2026-03-12T23:04:47.2089114Z [ 95%] Building C object serializer/CMakeFiles/serializer.dir/src/jsondecoder.c.o
2026-03-12T23:04:47.2761496Z [ 96%] Building C object serializer/CMakeFiles/serializer.dir/src/jsonencoder.c.o
2026-03-12T23:04:47.3443007Z [ 96%] Building C object serializer/CMakeFiles/serializer.dir/src/multitree.c.o
2026-03-12T23:04:47.4259308Z [ 97%] Building C object serializer/CMakeFiles/serializer.dir/src/schema.c.o
2026-03-12T23:04:47.6011791Z [ 98%] Building C object serializer/CMakeFiles/serializer.dir/src/schemalib.c.o
2026-03-12T23:04:47.6978989Z [ 99%] Building C object serializer/CMakeFiles/serializer.dir/src/schemaserializer.c.o
2026-03-12T23:04:47.7791447Z [ 99%] Building C object serializer/CMakeFiles/serializer.dir/src/methodreturn.c.o
2026-03-12T23:04:47.8370592Z [100%] Linking C static library libserializer.a
2026-03-12T23:04:47.9374804Z [100%] Built target serializer
2026-03-12T23:04:47.9895060Z Consolidate compiler generated dependencies of target umock_c
2026-03-12T23:04:48.0008279Z [ 12%] Built target umock_c
2026-03-12T23:04:48.0110620Z Consolidate compiler generated dependencies of target parson
2026-03-12T23:04:48.0207329Z [ 14%] Built target parson
2026-03-12T23:04:48.0454869Z Consolidate compiler generated dependencies of target aziotsharedutil
2026-03-12T23:04:48.0617903Z [ 58%] Built target aziotsharedutil
2026-03-12T23:04:48.0726749Z Consolidate compiler generated dependencies of target umqtt
2026-03-12T23:04:48.0830494Z [ 62%] Built target umqtt
2026-03-12T23:04:48.0933026Z Consolidate compiler generated dependencies of target uhttp
2026-03-12T23:04:48.1034182Z [ 64%] Built target uhttp
2026-03-12T23:04:48.1150296Z Consolidate compiler generated dependencies of target iothub_client_http_transport
2026-03-12T23:04:48.1263200Z [ 67%] Built target iothub_client_http_transport
2026-03-12T23:04:48.1390130Z Consolidate compiler generated dependencies of target iothub_client_mqtt_transport
2026-03-12T23:04:48.1503840Z [ 72%] Built target iothub_client_mqtt_transport
2026-03-12T23:04:48.1625742Z Consolidate compiler generated dependencies of target iothub_client_mqtt_ws_transport
2026-03-12T23:04:48.1738083Z [ 76%] Built target iothub_client_mqtt_ws_transport
2026-03-12T23:04:48.1902254Z Consolidate compiler generated dependencies of target iothub_client
2026-03-12T23:04:48.2033714Z [ 89%] Built target iothub_client
2026-03-12T23:04:48.2182529Z Consolidate compiler generated dependencies of target serializer
2026-03-12T23:04:48.2303046Z [100%] Built target serializer
2026-03-12T23:04:48.2496061Z Install the project...
2026-03-12T23:04:48.2572127Z -- Install configuration: ""
2026-03-12T23:04:48.2614622Z -- Installing: /usr/local/include/azure_macro_utils/macro_utils.h
2026-03-12T23:04:48.2618068Z -- Installing: /usr/local/include/azure_macro_utils/macro_utils_generated.h
2026-03-12T23:04:48.2636165Z -- Installing: /usr/local/cmake/azure_macro_utils_cTargets.cmake
2026-03-12T23:04:48.2639613Z -- Installing: /usr/local/cmake/azure_macro_utils_cConfig.cmake
2026-03-12T23:04:48.2643416Z -- Installing: /usr/local/cmake/azure_macro_utils_cConfigVersion.cmake
2026-03-12T23:04:48.2649491Z -- Installing: /usr/local/lib/libumock_c.a
2026-03-12T23:04:48.2655978Z -- Installing: /usr/local/include/umock_c/umock_c.h
2026-03-12T23:04:48.2659703Z -- Installing: /usr/local/include/umock_c/umock_c_internal.h
2026-03-12T23:04:48.2664655Z -- Installing: /usr/local/include/umock_c/umock_c_negative_tests.h
2026-03-12T23:04:48.2668203Z -- Installing: /usr/local/include/umock_c/umock_c_prod.h
2026-03-12T23:04:48.2672039Z -- Installing: /usr/local/include/umock_c/umockalloc.h
2026-03-12T23:04:48.2675327Z -- Installing: /usr/local/include/umock_c/umockcall.h
2026-03-12T23:04:48.2678178Z -- Installing: /usr/local/include/umock_c/umockcallrecorder.h
2026-03-12T23:04:48.2681160Z -- Installing: /usr/local/include/umock_c/umocktypename.h
2026-03-12T23:04:48.2684206Z -- Installing: /usr/local/include/umock_c/umocktypes.h
2026-03-12T23:04:48.2686961Z -- Installing: /usr/local/include/umock_c/umocktypes_bool.h
2026-03-12T23:04:48.2690250Z -- Installing: /usr/local/include/umock_c/umocktypes_c.h
2026-03-12T23:04:48.2693361Z -- Installing: /usr/local/include/umock_c/umocktypes_stdint.h
2026-03-12T23:04:48.2696096Z -- Installing: /usr/local/include/umock_c/umocktypes_charptr.h
2026-03-12T23:04:48.2698851Z -- Installing: /usr/local/include/umock_c/umocktypes_struct.h
2026-03-12T23:04:48.2702187Z -- Installing: /usr/local/include/umock_c/umocktypes_wcharptr.h
2026-03-12T23:04:48.2704853Z -- Installing: /usr/local/include/umock_c/umockcallpairs.h
2026-03-12T23:04:48.2707852Z -- Installing: /usr/local/include/umock_c/umockstring.h
2026-03-12T23:04:48.2710902Z -- Installing: /usr/local/include/umock_c/umockautoignoreargs.h
2026-03-12T23:04:48.2713995Z -- Installing: /usr/local/include/umock_c/umock_log.h
2026-03-12T23:04:48.2717111Z -- Installing: /usr/local/cmake/umock_cTargets.cmake
2026-03-12T23:04:48.2720468Z -- Installing: /usr/local/cmake/umock_cTargets-noconfig.cmake
2026-03-12T23:04:48.2723951Z -- Installing: /usr/local/cmake/umock_cFunctions.cmake
2026-03-12T23:04:48.2726788Z -- Installing: /usr/local/cmake/umock_cConfig.cmake
2026-03-12T23:04:48.2729596Z -- Installing: /usr/local/cmake/umock_cConfigVersion.cmake
2026-03-12T23:04:48.2734365Z -- Installing: /usr/local/lib/libparson.a
2026-03-12T23:04:48.2738720Z -- Installing: /usr/local/include/parson.h
2026-03-12T23:04:48.2743460Z -- Installing: /usr/local/lib/cmake/parson/parsonConfig.cmake
2026-03-12T23:04:48.2747073Z -- Installing: /usr/local/lib/cmake/parson/parsonConfig-noconfig.cmake
2026-03-12T23:04:48.2753650Z -- Installing: /usr/local/lib/libaziotsharedutil.a
2026-03-12T23:04:48.2765868Z -- Installing: /usr/local/include/azure_c_shared_utility/agenttime.h
2026-03-12T23:04:48.2768974Z -- Installing: /usr/local/include/azure_c_shared_utility/azure_base32.h
2026-03-12T23:04:48.2772115Z -- Installing: /usr/local/include/azure_c_shared_utility/azure_base64.h
2026-03-12T23:04:48.2775368Z -- Installing: /usr/local/include/azure_c_shared_utility/buffer_.h
2026-03-12T23:04:48.2777729Z -- Installing: /usr/local/include/azure_c_shared_utility/constbuffer_array.h
2026-03-12T23:04:48.2781194Z -- Installing: /usr/local/include/azure_c_shared_utility/constbuffer_array_batcher.h
2026-03-12T23:04:48.2784105Z -- Installing: /usr/local/include/azure_c_shared_utility/connection_string_parser.h
2026-03-12T23:04:48.2787038Z -- Installing: /usr/local/include/azure_c_shared_utility/crt_abstractions.h
2026-03-12T23:04:48.2790160Z -- Installing: /usr/local/include/azure_c_shared_utility/constmap.h
2026-03-12T23:04:48.2793339Z -- Installing: /usr/local/include/azure_c_shared_utility/condition.h
2026-03-12T23:04:48.2796222Z -- Installing: /usr/local/include/azure_c_shared_utility/const_defines.h
2026-03-12T23:04:48.2798811Z -- Installing: /usr/local/include/azure_c_shared_utility/consolelogger.h
2026-03-12T23:04:48.2802168Z -- Installing: /usr/local/include/azure_c_shared_utility/doublylinkedlist.h
2026-03-12T23:04:48.2805243Z -- Installing: /usr/local/include/azure_c_shared_utility/envvariable.h
2026-03-12T23:04:48.2807616Z -- Installing: /usr/local/include/azure_c_shared_utility/gballoc.h
2026-03-12T23:04:48.2811004Z -- Installing: /usr/local/include/azure_c_shared_utility/gbnetwork.h
2026-03-12T23:04:48.2814299Z -- Installing: /usr/local/include/azure_c_shared_utility/gb_stdio.h
2026-03-12T23:04:48.2817093Z -- Installing: /usr/local/include/azure_c_shared_utility/gb_time.h
2026-03-12T23:04:48.2821183Z -- Installing: /usr/local/include/azure_c_shared_utility/gb_rand.h
2026-03-12T23:04:48.2823023Z -- Installing: /usr/local/include/azure_c_shared_utility/hmac.h
2026-03-12T23:04:48.2826163Z -- Installing: /usr/local/include/azure_c_shared_utility/hmacsha256.h
2026-03-12T23:04:48.2828586Z -- Installing: /usr/local/include/azure_c_shared_utility/http_proxy_io.h
2026-03-12T23:04:48.2831555Z -- Installing: /usr/local/include/azure_c_shared_utility/singlylinkedlist.h
2026-03-12T23:04:48.2834229Z -- Installing: /usr/local/include/azure_c_shared_utility/lock.h
2026-03-12T23:04:48.2837235Z -- Installing: /usr/local/include/azure_c_shared_utility/map.h
2026-03-12T23:04:48.2840579Z -- Installing: /usr/local/include/azure_c_shared_utility/optimize_size.h
2026-03-12T23:04:48.2843850Z -- Installing: /usr/local/include/azure_c_shared_utility/platform.h
2026-03-12T23:04:48.2846635Z -- Installing: /usr/local/include/azure_c_shared_utility/refcount.h
2026-03-12T23:04:48.2849607Z -- Installing: /usr/local/include/azure_c_shared_utility/sastoken.h
2026-03-12T23:04:48.2852614Z -- Installing: /usr/local/include/azure_c_shared_utility/sha-private.h
2026-03-12T23:04:48.2855344Z -- Installing: /usr/local/include/azure_c_shared_utility/shared_util_options.h
2026-03-12T23:04:48.2858621Z -- Installing: /usr/local/include/azure_c_shared_utility/sha.h
2026-03-12T23:04:48.2862030Z -- Installing: /usr/local/include/azure_c_shared_utility/socketio.h
2026-03-12T23:04:48.2865243Z -- Installing: /usr/local/include/azure_c_shared_utility/srw_lock.h
2026-03-12T23:04:48.2868418Z -- Installing: /usr/local/include/azure_c_shared_utility/stdint_ce6.h
2026-03-12T23:04:48.2871641Z -- Installing: /usr/local/include/azure_c_shared_utility/strings.h
2026-03-12T23:04:48.2874760Z -- Installing: /usr/local/include/azure_c_shared_utility/strings_types.h
2026-03-12T23:04:48.2877484Z -- Installing: /usr/local/include/azure_c_shared_utility/string_token.h
2026-03-12T23:04:48.2880667Z -- Installing: /usr/local/include/azure_c_shared_utility/string_tokenizer.h
2026-03-12T23:04:48.2883648Z -- Installing: /usr/local/include/azure_c_shared_utility/string_tokenizer_types.h
2026-03-12T23:04:48.2885792Z -- Installing: /usr/local/include/azure_c_shared_utility/string_utils.h
2026-03-12T23:04:48.2889372Z -- Installing: /usr/local/include/azure_c_shared_utility/tlsio_options.h
2026-03-12T23:04:48.2892887Z -- Installing: /usr/local/include/azure_c_shared_utility/tickcounter.h
2026-03-12T23:04:48.2895271Z -- Installing: /usr/local/include/azure_c_shared_utility/threadapi.h
2026-03-12T23:04:48.2899004Z -- Installing: /usr/local/include/azure_c_shared_utility/xio.h
2026-03-12T23:04:48.2902154Z -- Installing: /usr/local/include/azure_c_shared_utility/uniqueid.h
2026-03-12T23:04:48.2905085Z -- Installing: /usr/local/include/azure_c_shared_utility/uuid.h
2026-03-12T23:04:48.2908109Z -- Installing: /usr/local/include/azure_c_shared_utility/urlencode.h
2026-03-12T23:04:48.2911233Z -- Installing: /usr/local/include/azure_c_shared_utility/vector.h
2026-03-12T23:04:48.2914458Z -- Installing: /usr/local/include/azure_c_shared_utility/vector_types.h
2026-03-12T23:04:48.2917194Z -- Installing: /usr/local/include/azure_c_shared_utility/vector_types_internal.h
2026-03-12T23:04:48.2920420Z -- Installing: /usr/local/include/azure_c_shared_utility/xlogging.h
2026-03-12T23:04:48.2923268Z -- Installing: /usr/local/include/azure_c_shared_utility/constbuffer.h
2026-03-12T23:04:48.2926295Z -- Installing: /usr/local/include/azure_c_shared_utility/tlsio.h
2026-03-12T23:04:48.2929458Z -- Installing: /usr/local/include/azure_c_shared_utility/optionhandler.h
2026-03-12T23:04:48.2932395Z -- Installing: /usr/local/include/azure_c_shared_utility/memory_data.h
2026-03-12T23:04:48.2935488Z -- Installing: /usr/local/include/azure_c_shared_utility/safe_math.h
2026-03-12T23:04:48.2938389Z -- Installing: /usr/local/include/azure_c_shared_utility/linux_time.h
2026-03-12T23:04:48.2941581Z -- Installing: /usr/local/include/azure_c_shared_utility/wsio.h
2026-03-12T23:04:48.2944334Z -- Installing: /usr/local/include/azure_c_shared_utility/uws_client.h
2026-03-12T23:04:48.2947432Z -- Installing: /usr/local/include/azure_c_shared_utility/uws_frame_encoder.h
2026-03-12T23:04:48.2950737Z -- Installing: /usr/local/include/azure_c_shared_utility/utf8_checker.h
2026-03-12T23:04:48.2953745Z -- Installing: /usr/local/include/azure_c_shared_utility/ws_url.h
2026-03-12T23:04:48.2956725Z -- Installing: /usr/local/include/azure_c_shared_utility/httpapi.h
2026-03-12T23:04:48.2959874Z -- Installing: /usr/local/include/azure_c_shared_utility/httpapiex.h
2026-03-12T23:04:48.2962864Z -- Installing: /usr/local/include/azure_c_shared_utility/httpapiexsas.h
2026-03-12T23:04:48.2965817Z -- Installing: /usr/local/include/azure_c_shared_utility/httpheaders.h
2026-03-12T23:04:48.2969207Z -- Installing: /usr/local/include/azure_c_shared_utility/tlsio_openssl.h
2026-03-12T23:04:48.2972050Z -- Installing: /usr/local/include/azure_c_shared_utility/x509_openssl.h
2026-03-12T23:04:48.2975176Z -- Installing: /usr/local/include/azure_c_shared_utility/refcount_os.h
2026-03-12T23:04:48.2980712Z -- Installing: /usr/local/lib/cmake/azure_c_shared_utility/azure_c_shared_utilityTargets.cmake
2026-03-12T23:04:48.2984542Z -- Installing: /usr/local/lib/cmake/azure_c_shared_utility/azure_c_shared_utilityTargets-noconfig.cmake
2026-03-12T23:04:48.2987801Z -- Installing: /usr/local/lib/cmake/azure_c_shared_utility/azure_c_shared_utilityConfig.cmake
2026-03-12T23:04:48.2991069Z -- Installing: /usr/local/lib/cmake/azure_c_shared_utility/azure_c_shared_utilityFunctions.cmake
2026-03-12T23:04:48.2994638Z -- Installing: /usr/local/lib/cmake/azure_c_shared_utility/azure_iot_build_rules.cmake
2026-03-12T23:04:48.2998172Z -- Installing: /usr/local/lib/cmake/azure_c_shared_utility/azure_c_shared_utilityConfigVersion.cmake
2026-03-12T23:04:48.3003269Z -- Installing: /usr/local/lib/libumqtt.a
2026-03-12T23:04:48.3008976Z -- Installing: /usr/local/include/azureiot/azure_umqtt_c/mqtt_client.h
2026-03-12T23:04:48.3011933Z -- Installing: /usr/local/include/azureiot/azure_umqtt_c/mqtt_codec.h
2026-03-12T23:04:48.3014792Z -- Installing: /usr/local/include/azureiot/azure_umqtt_c/mqttconst.h
2026-03-12T23:04:48.3017575Z -- Installing: /usr/local/include/azureiot/azure_umqtt_c/mqtt_message.h
2026-03-12T23:04:48.3021888Z -- Installing: /usr/local/lib/cmake/umqtt/umqttTargets.cmake
2026-03-12T23:04:48.3026370Z -- Installing: /usr/local/lib/cmake/umqtt/umqttTargets-noconfig.cmake
2026-03-12T23:04:48.3029446Z -- Installing: /usr/local/lib/cmake/umqtt/umqttConfig.cmake
2026-03-12T23:04:48.3032470Z -- Installing: /usr/local/lib/cmake/umqtt/umqttConfigVersion.cmake
2026-03-12T23:04:48.3037188Z -- Installing: /usr/local/lib/libuhttp.a
2026-03-12T23:04:48.3041778Z -- Installing: /usr/local/include/azureiot/azure_uhttp_c/uhttp.h
2026-03-12T23:04:48.3045968Z -- Installing: /usr/local/lib/cmake/uhttp/uhttpTargets.cmake
2026-03-12T23:04:48.3049563Z -- Installing: /usr/local/lib/cmake/uhttp/uhttpTargets-noconfig.cmake
2026-03-12T23:04:48.3053149Z -- Installing: /usr/local/lib/cmake/uhttp/uhttpConfig.cmake
2026-03-12T23:04:48.3055970Z -- Installing: /usr/local/lib/cmake/uhttp/uhttpConfigVersion.cmake
2026-03-12T23:04:48.3061683Z -- Installing: /usr/local/include/azureiot/iothub.h
2026-03-12T23:04:48.3064874Z -- Installing: /usr/local/include/azureiot/iothub_client_core.h
2026-03-12T23:04:48.3067874Z -- Installing: /usr/local/include/azureiot/iothub_client_core_ll.h
2026-03-12T23:04:48.3070617Z -- Installing: /usr/local/include/azureiot/iothub_client.h
2026-03-12T23:04:48.3074021Z -- Installing: /usr/local/include/azureiot/iothub_client_core_common.h
2026-03-12T23:04:48.3077369Z -- Installing: /usr/local/include/azureiot/iothub_client_ll.h
2026-03-12T23:04:48.3080454Z -- Installing: /usr/local/include/azureiot/iothub_client_diagnostic.h
2026-03-12T23:04:48.3083607Z -- Installing: /usr/local/include/azureiot/iothub_client_properties.h
2026-03-12T23:04:48.3086652Z -- Installing: /usr/local/include/azureiot/iothub_internal_consts.h
2026-03-12T23:04:48.3089320Z -- Installing: /usr/local/include/azureiot/iothub_client_options.h
2026-03-12T23:04:48.3092334Z -- Installing: /usr/local/include/azureiot/iothub_client_private.h
2026-03-12T23:04:48.3095446Z -- Installing: /usr/local/include/azureiot/iothub_client_version.h
2026-03-12T23:04:48.3098480Z -- Installing: /usr/local/include/azureiot/iothub_device_client.h
2026-03-12T23:04:48.3101539Z -- Installing: /usr/local/include/azureiot/iothub_device_client_ll.h
2026-03-12T23:04:48.3104968Z -- Installing: /usr/local/include/azureiot/iothub_module_client.h
2026-03-12T23:04:48.3108414Z -- Installing: /usr/local/include/azureiot/iothub_module_client_ll.h
2026-03-12T23:04:48.3112052Z -- Installing: /usr/local/include/azureiot/iothub_transport_ll.h
2026-03-12T23:04:48.3115061Z -- Installing: /usr/local/include/azureiot/iothub_message.h
2026-03-12T23:04:48.3118114Z -- Installing: /usr/local/include/azureiot/iothub_message_private.h
2026-03-12T23:04:48.3121064Z -- Installing: /usr/local/include/azureiot/iothubtransport.h
2026-03-12T23:04:48.3124307Z -- Installing: /usr/local/include/azureiot/blob.h
2026-03-12T23:04:48.3126738Z -- Installing: /usr/local/include/azureiot/iothub_client_ll_uploadtoblob.h
2026-03-12T23:04:48.3129780Z -- Installing: /usr/local/include/azureiot/iothub_client_authorization.h
2026-03-12T23:04:48.3133299Z -- Installing: /usr/local/include/azureiot/iothub_client_retry_control.h
2026-03-12T23:04:48.3136468Z -- Installing: /usr/local/include/azureiot/iothub_transport_ll_private.h
2026-03-12T23:04:48.3139036Z -- Installing: /usr/local/include/azureiot/iothubtransporthttp.h
2026-03-12T23:04:48.3142271Z -- Up-to-date: /usr/local/include/azureiot/iothub_transport_ll.h
2026-03-12T23:04:48.3144680Z -- Up-to-date: /usr/local/include/azureiot/iothub_client_authorization.h
2026-03-12T23:04:48.3145515Z -- Up-to-date: /usr/local/include/azureiot/iothub_client_retry_control.h
2026-03-12T23:04:48.3146306Z -- Up-to-date: /usr/local/include/azureiot/iothub_transport_ll_private.h
2026-03-12T23:04:48.3147602Z -- Installing: /usr/local/include/azureiot/iothubtransport_mqtt_common.h
2026-03-12T23:04:48.3148429Z -- Installing: /usr/local/include/azureiot/iothubtransportmqtt.h
2026-03-12T23:04:48.3151704Z -- Up-to-date: /usr/local/include/azureiot/iothub_client_authorization.h
2026-03-12T23:04:48.3152528Z -- Up-to-date: /usr/local/include/azureiot/iothub_client_retry_control.h
2026-03-12T23:04:48.3154020Z -- Up-to-date: /usr/local/include/azureiot/iothub_transport_ll_private.h
2026-03-12T23:04:48.3155205Z -- Up-to-date: /usr/local/include/azureiot/iothubtransport_mqtt_common.h
2026-03-12T23:04:48.3156548Z -- Installing: /usr/local/include/azureiot/iothubtransportmqtt_websockets.h
2026-03-12T23:04:48.3157057Z -- Installing: /usr/local/lib/libiothub_client.a
2026-03-12T23:04:48.3164658Z -- Installing: /usr/local/lib/libiothub_client_http_transport.a
2026-03-12T23:04:48.3169465Z -- Installing: /usr/local/lib/libiothub_client_mqtt_transport.a
2026-03-12T23:04:48.3175223Z -- Installing: /usr/local/lib/libiothub_client_mqtt_ws_transport.a
2026-03-12T23:04:48.3184430Z -- Installing: /usr/local/include/azureiot/agenttypesystem.h
2026-03-12T23:04:48.3186916Z -- Installing: /usr/local/include/azureiot/codefirst.h
2026-03-12T23:04:48.3190572Z -- Installing: /usr/local/include/azureiot/commanddecoder.h
2026-03-12T23:04:48.3193613Z -- Installing: /usr/local/include/azureiot/datamarshaller.h
2026-03-12T23:04:48.3196367Z -- Installing: /usr/local/include/azureiot/datapublisher.h
2026-03-12T23:04:48.3199444Z -- Installing: /usr/local/include/azureiot/dataserializer.h
2026-03-12T23:04:48.3202478Z -- Installing: /usr/local/include/azureiot/iotdevice.h
2026-03-12T23:04:48.3205690Z -- Installing: /usr/local/include/azureiot/jsondecoder.h
2026-03-12T23:04:48.3208474Z -- Installing: /usr/local/include/azureiot/jsonencoder.h
2026-03-12T23:04:48.3211719Z -- Installing: /usr/local/include/azureiot/multitree.h
2026-03-12T23:04:48.3215259Z -- Installing: /usr/local/include/azureiot/schema.h
2026-03-12T23:04:48.3217837Z -- Installing: /usr/local/include/azureiot/schemalib.h
2026-03-12T23:04:48.3220708Z -- Installing: /usr/local/include/azureiot/schemaserializer.h
2026-03-12T23:04:48.3223725Z -- Installing: /usr/local/include/azureiot/serializer.h
2026-03-12T23:04:48.3227535Z -- Installing: /usr/local/include/azureiot/serializer_devicetwin.h
2026-03-12T23:04:48.3230639Z -- Installing: /usr/local/include/azureiot/methodreturn.h
2026-03-12T23:04:48.3234427Z -- Installing: /usr/local/lib/libserializer.a
2026-03-12T23:04:48.4712456Z Installing Catch2 ...
2026-03-12T23:04:48.4713056Z Building Catch2 ...
2026-03-12T23:04:48.4713515Z 	Branch: v3.8.0
2026-03-12T23:04:48.4714090Z 	Folder: /__w/iot-hub-device-update/iot-hub-device-update/.workspace/catch2
2026-03-12T23:04:48.4740334Z Cloning into '.'...
2026-03-12T23:04:49.1032339Z Note: switching to '914aeecfe23b1e16af6ea675a4fb5dbd5a5b8d0a'.
2026-03-12T23:04:49.1032850Z
2026-03-12T23:04:49.1033174Z You are in 'detached HEAD' state. You can look around, make experimental
2026-03-12T23:04:49.1033976Z changes and commit them, and you can discard any commits you make in this
2026-03-12T23:04:49.1034759Z state without impacting any branches by switching back to a branch.
2026-03-12T23:04:49.1035623Z
2026-03-12T23:04:49.1035906Z If you want to create a new branch to retain commits you create, you may
2026-03-12T23:04:49.1036342Z do so (now or later) by using -c with the switch command. Example:
2026-03-12T23:04:49.1036585Z
2026-03-12T23:04:49.1036679Z   git switch -c <new-branch-name>
2026-03-12T23:04:49.1036838Z
2026-03-12T23:04:49.1036919Z Or undo this operation with:
2026-03-12T23:04:49.1037071Z
2026-03-12T23:04:49.1037150Z   git switch -
2026-03-12T23:04:49.1037254Z
2026-03-12T23:04:49.1037450Z Turn off this advice by setting config variable advice.detachedHead to false
2026-03-12T23:04:49.1037751Z
2026-03-12T23:04:49.2367916Z -- The CXX compiler identification is GNU 10.5.0
2026-03-12T23:04:49.2450724Z -- Detecting CXX compiler ABI info
2026-03-12T23:04:49.3028624Z -- Detecting CXX compiler ABI info - done
2026-03-12T23:04:49.3113743Z -- Check for working CXX compiler: /usr/bin/g++-10 - skipped
2026-03-12T23:04:49.3117311Z -- Detecting CXX compile features
2026-03-12T23:04:49.3122900Z -- Detecting CXX compile features - done
2026-03-12T23:04:49.3220943Z -- Performing Test HAVE_FLAG__ffile_prefix_map____w_iot_hub_device_update_iot_hub_device_update__workspace_catch2__
2026-03-12T23:04:49.3786322Z -- Performing Test HAVE_FLAG__ffile_prefix_map____w_iot_hub_device_update_iot_hub_device_update__workspace_catch2__ - Success
2026-03-12T23:04:49.3879720Z -- Configuring done
2026-03-12T23:04:49.4120647Z -- Generating done
2026-03-12T23:04:49.4133028Z -- Build files have been written to: /__w/iot-hub-device-update/iot-hub-device-update/.workspace/catch2/cmake
2026-03-12T23:04:49.4347784Z [  0%] Building CXX object src/CMakeFiles/Catch2.dir/catch2/benchmark/catch_chronometer.cpp.o
2026-03-12T23:04:49.4915734Z [  1%] Building CXX object src/CMakeFiles/Catch2.dir/catch2/benchmark/detail/catch_analyse.cpp.o
2026-03-12T23:04:49.7488973Z [  2%] Building CXX object src/CMakeFiles/Catch2.dir/catch2/benchmark/detail/catch_benchmark_function.cpp.o
2026-03-12T23:04:49.8134371Z [  3%] Building CXX object src/CMakeFiles/Catch2.dir/catch2/benchmark/detail/catch_run_for_at_least.cpp.o
2026-03-12T23:04:49.9995701Z [  4%] Building CXX object src/CMakeFiles/Catch2.dir/catch2/benchmark/detail/catch_stats.cpp.o
2026-03-12T23:04:50.3510530Z [  5%] Building CXX object src/CMakeFiles/Catch2.dir/catch2/generators/catch_generator_exception.cpp.o
2026-03-12T23:04:50.3819355Z [  6%] Building CXX object src/CMakeFiles/Catch2.dir/catch2/generators/catch_generators.cpp.o
2026-03-12T23:04:50.6162243Z [  7%] Building CXX object src/CMakeFiles/Catch2.dir/catch2/generators/catch_generators_random.cpp.o
2026-03-12T23:04:50.9404421Z [  8%] Building CXX object src/CMakeFiles/Catch2.dir/catch2/reporters/catch_reporter_automake.cpp.o
2026-03-12T23:04:51.2209124Z [  9%] Building CXX object src/CMakeFiles/Catch2.dir/catch2/reporters/catch_reporter_common_base.cpp.o
2026-03-12T23:04:51.5108528Z [ 10%] Building CXX object src/CMakeFiles/Catch2.dir/catch2/reporters/catch_reporter_compact.cpp.o
2026-03-12T23:04:51.8346161Z [ 11%] Building CXX object src/CMakeFiles/Catch2.dir/catch2/reporters/catch_reporter_console.cpp.o
2026-03-12T23:04:52.2746639Z [ 12%] Building CXX object src/CMakeFiles/Catch2.dir/catch2/reporters/catch_reporter_cumulative_base.cpp.o
2026-03-12T23:04:52.7077280Z [ 12%] Building CXX object src/CMakeFiles/Catch2.dir/catch2/reporters/catch_reporter_event_listener.cpp.o
2026-03-12T23:04:52.9074337Z [ 13%] Building CXX object src/CMakeFiles/Catch2.dir/catch2/reporters/catch_reporter_helpers.cpp.o
2026-03-12T23:04:53.3784517Z [ 14%] Building CXX object src/CMakeFiles/Catch2.dir/catch2/reporters/catch_reporter_json.cpp.o
2026-03-12T23:04:53.8914097Z [ 15%] Building CXX object src/CMakeFiles/Catch2.dir/catch2/reporters/catch_reporter_junit.cpp.o
2026-03-12T23:04:54.3377142Z [ 16%] Building CXX object src/CMakeFiles/Catch2.dir/catch2/reporters/catch_reporter_multi.cpp.o
2026-03-12T23:04:54.6654355Z [ 17%] Building CXX object src/CMakeFiles/Catch2.dir/catch2/reporters/catch_reporter_registrars.cpp.o
2026-03-12T23:04:54.7936882Z [ 18%] Building CXX object src/CMakeFiles/Catch2.dir/catch2/reporters/catch_reporter_sonarqube.cpp.o
2026-03-12T23:04:55.2228429Z [ 19%] Building CXX object src/CMakeFiles/Catch2.dir/catch2/reporters/catch_reporter_streaming_base.cpp.o
2026-03-12T23:04:55.4594913Z [ 20%] Building CXX object src/CMakeFiles/Catch2.dir/catch2/reporters/catch_reporter_tap.cpp.o
2026-03-12T23:04:55.7994090Z [ 21%] Building CXX object src/CMakeFiles/Catch2.dir/catch2/reporters/catch_reporter_teamcity.cpp.o
2026-03-12T23:04:56.1467879Z [ 22%] Building CXX object src/CMakeFiles/Catch2.dir/catch2/reporters/catch_reporter_xml.cpp.o
2026-03-12T23:04:56.5362274Z [ 23%] Building CXX object src/CMakeFiles/Catch2.dir/catch2/interfaces/catch_interfaces_capture.cpp.o
2026-03-12T23:04:56.6806913Z [ 24%] Building CXX object src/CMakeFiles/Catch2.dir/catch2/interfaces/catch_interfaces_config.cpp.o
2026-03-12T23:04:56.8382120Z [ 25%] Building CXX object src/CMakeFiles/Catch2.dir/catch2/interfaces/catch_interfaces_exception.cpp.o
2026-03-12T23:04:56.9704980Z [ 25%] Building CXX object src/CMakeFiles/Catch2.dir/catch2/interfaces/catch_interfaces_generatortracker.cpp.o
2026-03-12T23:04:57.0900493Z [ 26%] Building CXX object src/CMakeFiles/Catch2.dir/catch2/interfaces/catch_interfaces_registry_hub.cpp.o
2026-03-12T23:04:57.2050879Z [ 27%] Building CXX object src/CMakeFiles/Catch2.dir/catch2/interfaces/catch_interfaces_reporter.cpp.o
2026-03-12T23:04:57.5116667Z [ 28%] Building CXX object src/CMakeFiles/Catch2.dir/catch2/interfaces/catch_interfaces_reporter_factory.cpp.o
2026-03-12T23:04:57.6324761Z [ 29%] Building CXX object src/CMakeFiles/Catch2.dir/catch2/interfaces/catch_interfaces_testcase.cpp.o
2026-03-12T23:04:57.6969500Z [ 30%] Building CXX object src/CMakeFiles/Catch2.dir/catch2/catch_approx.cpp.o
2026-03-12T23:04:57.9345560Z [ 31%] Building CXX object src/CMakeFiles/Catch2.dir/catch2/catch_assertion_result.cpp.o
2026-03-12T23:04:58.1097444Z [ 32%] Building CXX object src/CMakeFiles/Catch2.dir/catch2/catch_config.cpp.o
2026-03-12T23:04:58.7246107Z [ 33%] Building CXX object src/CMakeFiles/Catch2.dir/catch2/catch_get_random_seed.cpp.o
2026-03-12T23:04:58.9219856Z [ 34%] Building CXX object src/CMakeFiles/Catch2.dir/catch2/catch_message.cpp.o
2026-03-12T23:04:59.2256777Z [ 35%] Building CXX object src/CMakeFiles/Catch2.dir/catch2/catch_registry_hub.cpp.o
2026-03-12T23:04:59.5347128Z [ 36%] Building CXX object src/CMakeFiles/Catch2.dir/catch2/catch_session.cpp.o
2026-03-12T23:05:00.4242852Z [ 37%] Building CXX object src/CMakeFiles/Catch2.dir/catch2/catch_tag_alias_autoregistrar.cpp.o
2026-03-12T23:05:00.5431626Z [ 37%] Building CXX object src/CMakeFiles/Catch2.dir/catch2/catch_test_case_info.cpp.o
2026-03-12T23:05:00.8488988Z [ 38%] Building CXX object src/CMakeFiles/Catch2.dir/catch2/catch_test_spec.cpp.o
2026-03-12T23:05:01.1886299Z [ 39%] Building CXX object src/CMakeFiles/Catch2.dir/catch2/catch_timer.cpp.o
2026-03-12T23:05:01.2465775Z [ 40%] Building CXX object src/CMakeFiles/Catch2.dir/catch2/catch_tostring.cpp.o
2026-03-12T23:05:01.5775225Z [ 41%] Building CXX object src/CMakeFiles/Catch2.dir/catch2/catch_totals.cpp.o
2026-03-12T23:05:01.6001950Z [ 42%] Building CXX object src/CMakeFiles/Catch2.dir/catch2/catch_translate_exception.cpp.o
2026-03-12T23:05:01.7350580Z [ 43%] Building CXX object src/CMakeFiles/Catch2.dir/catch2/catch_version.cpp.o
2026-03-12T23:05:01.8914619Z [ 44%] Building CXX object src/CMakeFiles/Catch2.dir/catch2/internal/catch_assertion_handler.cpp.o
2026-03-12T23:05:02.1103118Z [ 45%] Building CXX object src/CMakeFiles/Catch2.dir/catch2/internal/catch_case_insensitive_comparisons.cpp.o
2026-03-12T23:05:02.2715311Z [ 46%] Building CXX object src/CMakeFiles/Catch2.dir/catch2/internal/catch_clara.cpp.o
2026-03-12T23:05:03.0879862Z [ 47%] Building CXX object src/CMakeFiles/Catch2.dir/catch2/internal/catch_commandline.cpp.o
2026-03-12T23:05:04.3025272Z [ 48%] Building CXX object src/CMakeFiles/Catch2.dir/catch2/internal/catch_console_colour.cpp.o
2026-03-12T23:05:04.5301106Z [ 49%] Building CXX object src/CMakeFiles/Catch2.dir/catch2/internal/catch_context.cpp.o
2026-03-12T23:05:04.5509342Z [ 50%] Building CXX object src/CMakeFiles/Catch2.dir/catch2/internal/catch_debug_console.cpp.o
2026-03-12T23:05:04.7026203Z [ 50%] Building CXX object src/CMakeFiles/Catch2.dir/catch2/internal/catch_debugger.cpp.o
2026-03-12T23:05:04.8880564Z [ 51%] Building CXX object src/CMakeFiles/Catch2.dir/catch2/internal/catch_decomposer.cpp.o
2026-03-12T23:05:05.0960473Z [ 52%] Building CXX object src/CMakeFiles/Catch2.dir/catch2/internal/catch_enforce.cpp.o
2026-03-12T23:05:05.2520816Z [ 53%] Building CXX object src/CMakeFiles/Catch2.dir/catch2/internal/catch_enum_values_registry.cpp.o
2026-03-12T23:05:05.5132803Z [ 54%] Building CXX object src/CMakeFiles/Catch2.dir/catch2/internal/catch_errno_guard.cpp.o
2026-03-12T23:05:05.5311870Z [ 55%] Building CXX object src/CMakeFiles/Catch2.dir/catch2/internal/catch_exception_translator_registry.cpp.o
2026-03-12T23:05:05.7509617Z [ 56%] Building CXX object src/CMakeFiles/Catch2.dir/catch2/internal/catch_fatal_condition_handler.cpp.o
2026-03-12T23:05:05.9580278Z [ 57%] Building CXX object src/CMakeFiles/Catch2.dir/catch2/internal/catch_floating_point_helpers.cpp.o
2026-03-12T23:05:06.0266034Z [ 58%] Building CXX object src/CMakeFiles/Catch2.dir/catch2/internal/catch_getenv.cpp.o
2026-03-12T23:05:06.0507923Z [ 59%] Building CXX object src/CMakeFiles/Catch2.dir/catch2/internal/catch_istream.cpp.o
2026-03-12T23:05:06.2868978Z [ 60%] Building CXX object src/CMakeFiles/Catch2.dir/catch2/internal/catch_jsonwriter.cpp.o
2026-03-12T23:05:06.4769625Z [ 61%] Building CXX object src/CMakeFiles/Catch2.dir/catch2/internal/catch_lazy_expr.cpp.o
2026-03-12T23:05:06.6840513Z [ 62%] Building CXX object src/CMakeFiles/Catch2.dir/catch2/internal/catch_leak_detector.cpp.o
2026-03-12T23:05:06.8003397Z [ 62%] Building CXX object src/CMakeFiles/Catch2.dir/catch2/internal/catch_list.cpp.o
2026-03-12T23:05:07.2540186Z [ 63%] Building CXX object src/CMakeFiles/Catch2.dir/catch2/internal/catch_message_info.cpp.o
2026-03-12T23:05:07.3757896Z [ 64%] Building CXX object src/CMakeFiles/Catch2.dir/catch2/internal/catch_output_redirect.cpp.o
2026-03-12T23:05:07.5705264Z [ 65%] Building CXX object src/CMakeFiles/Catch2.dir/catch2/internal/catch_parse_numbers.cpp.o
2026-03-12T23:05:07.7227931Z [ 66%] Building CXX object src/CMakeFiles/Catch2.dir/catch2/internal/catch_polyfills.cpp.o
2026-03-12T23:05:07.7730537Z [ 67%] Building CXX object src/CMakeFiles/Catch2.dir/catch2/internal/catch_random_number_generator.cpp.o
2026-03-12T23:05:07.7939645Z [ 68%] Building CXX object src/CMakeFiles/Catch2.dir/catch2/internal/catch_random_seed_generation.cpp.o
2026-03-12T23:05:08.0359007Z [ 69%] Building CXX object src/CMakeFiles/Catch2.dir/catch2/internal/catch_reporter_registry.cpp.o
2026-03-12T23:05:08.5500268Z [ 70%] Building CXX object src/CMakeFiles/Catch2.dir/catch2/internal/catch_reporter_spec_parser.cpp.o
2026-03-12T23:05:08.8677224Z [ 71%] Building CXX object src/CMakeFiles/Catch2.dir/catch2/internal/catch_reusable_string_stream.cpp.o
2026-03-12T23:05:09.1365796Z [ 72%] Building CXX object src/CMakeFiles/Catch2.dir/catch2/internal/catch_run_context.cpp.o
2026-03-12T23:05:09.6943094Z [ 73%] Building CXX object src/CMakeFiles/Catch2.dir/catch2/internal/catch_section.cpp.o
2026-03-12T23:05:09.8496346Z [ 74%] Building CXX object src/CMakeFiles/Catch2.dir/catch2/internal/catch_singletons.cpp.o
2026-03-12T23:05:09.9479520Z [ 75%] Building CXX object src/CMakeFiles/Catch2.dir/catch2/internal/catch_source_line_info.cpp.o
2026-03-12T23:05:10.1063580Z [ 75%] Building CXX object src/CMakeFiles/Catch2.dir/catch2/internal/catch_startup_exception_registry.cpp.o
2026-03-12T23:05:10.2013060Z [ 76%] Building CXX object src/CMakeFiles/Catch2.dir/catch2/internal/catch_stdstreams.cpp.o
2026-03-12T23:05:10.3645668Z [ 77%] Building CXX object src/CMakeFiles/Catch2.dir/catch2/internal/catch_string_manip.cpp.o
2026-03-12T23:05:10.5925509Z [ 78%] Building CXX object src/CMakeFiles/Catch2.dir/catch2/internal/catch_stringref.cpp.o
2026-03-12T23:05:10.7713663Z [ 79%] Building CXX object src/CMakeFiles/Catch2.dir/catch2/internal/catch_tag_alias_registry.cpp.o
2026-03-12T23:05:11.0344258Z [ 80%] Building CXX object src/CMakeFiles/Catch2.dir/catch2/internal/catch_test_case_info_hasher.cpp.o
2026-03-12T23:05:11.1752862Z [ 81%] Building CXX object src/CMakeFiles/Catch2.dir/catch2/internal/catch_test_case_registry_impl.cpp.o
2026-03-12T23:05:11.7427794Z [ 82%] Building CXX object src/CMakeFiles/Catch2.dir/catch2/internal/catch_test_case_tracker.cpp.o
2026-03-12T23:05:12.1016313Z [ 83%] Building CXX object src/CMakeFiles/Catch2.dir/catch2/internal/catch_test_failure_exception.cpp.o
2026-03-12T23:05:12.2585912Z [ 84%] Building CXX object src/CMakeFiles/Catch2.dir/catch2/internal/catch_test_registry.cpp.o
2026-03-12T23:05:12.4584087Z [ 85%] Building CXX object src/CMakeFiles/Catch2.dir/catch2/internal/catch_test_spec_parser.cpp.o
2026-03-12T23:05:12.7908104Z [ 86%] Building CXX object src/CMakeFiles/Catch2.dir/catch2/internal/catch_textflow.cpp.o
2026-03-12T23:05:13.1392739Z [ 87%] Building CXX object src/CMakeFiles/Catch2.dir/catch2/internal/catch_uncaught_exceptions.cpp.o
2026-03-12T23:05:13.1681977Z [ 87%] Building CXX object src/CMakeFiles/Catch2.dir/catch2/internal/catch_wildcard_pattern.cpp.o
2026-03-12T23:05:13.3498241Z [ 88%] Building CXX object src/CMakeFiles/Catch2.dir/catch2/internal/catch_xmlwriter.cpp.o
2026-03-12T23:05:13.6492399Z [ 89%] Building CXX object src/CMakeFiles/Catch2.dir/catch2/matchers/catch_matchers.cpp.o
2026-03-12T23:05:13.8573658Z [ 90%] Building CXX object src/CMakeFiles/Catch2.dir/catch2/matchers/catch_matchers_container_properties.cpp.o
2026-03-12T23:05:14.0835396Z [ 91%] Building CXX object src/CMakeFiles/Catch2.dir/catch2/matchers/catch_matchers_exception.cpp.o
2026-03-12T23:05:14.3351547Z [ 92%] Building CXX object src/CMakeFiles/Catch2.dir/catch2/matchers/catch_matchers_floating_point.cpp.o
2026-03-12T23:05:14.6926017Z [ 93%] Building CXX object src/CMakeFiles/Catch2.dir/catch2/matchers/catch_matchers_predicate.cpp.o
2026-03-12T23:05:14.9036487Z [ 94%] Building CXX object src/CMakeFiles/Catch2.dir/catch2/matchers/catch_matchers_quantifiers.cpp.o
2026-03-12T23:05:15.1330974Z [ 95%] Building CXX object src/CMakeFiles/Catch2.dir/catch2/matchers/catch_matchers_string.cpp.o
2026-03-12T23:05:16.6796586Z [ 96%] Building CXX object src/CMakeFiles/Catch2.dir/catch2/matchers/catch_matchers_templated.cpp.o
2026-03-12T23:05:16.9054773Z [ 97%] Building CXX object src/CMakeFiles/Catch2.dir/catch2/matchers/internal/catch_matchers_impl.cpp.o
2026-03-12T23:05:17.1158516Z [ 98%] Linking CXX static library libCatch2.a
2026-03-12T23:05:17.3418408Z [ 98%] Built target Catch2
2026-03-12T23:05:17.3485224Z [ 99%] Building CXX object src/CMakeFiles/Catch2WithMain.dir/catch2/internal/catch_main.cpp.o
2026-03-12T23:05:17.6732808Z [100%] Linking CXX static library libCatch2Main.a
2026-03-12T23:05:17.7129531Z [100%] Built target Catch2WithMain
2026-03-12T23:05:17.8018519Z Consolidate compiler generated dependencies of target Catch2
2026-03-12T23:05:17.8242429Z [ 98%] Built target Catch2
2026-03-12T23:05:17.8293266Z Consolidate compiler generated dependencies of target Catch2WithMain
2026-03-12T23:05:17.8342003Z [100%] Built target Catch2WithMain
2026-03-12T23:05:17.8409404Z Install the project...
2026-03-12T23:05:17.8428845Z -- Install configuration: ""
2026-03-12T23:05:17.8432203Z -- Installing: /usr/local/lib/libCatch2.a
2026-03-12T23:05:17.8584446Z -- Installing: /usr/local/lib/libCatch2Main.a
2026-03-12T23:05:17.8587719Z -- Installing: /usr/local/lib/cmake/Catch2/Catch2Targets.cmake
2026-03-12T23:05:17.8590639Z -- Installing: /usr/local/lib/cmake/Catch2/Catch2Targets-noconfig.cmake
2026-03-12T23:05:17.8593059Z -- Installing: /usr/local/include/catch2
2026-03-12T23:05:17.8595479Z -- Installing: /usr/local/include/catch2/catch_assertion_result.hpp
2026-03-12T23:05:17.8597709Z -- Installing: /usr/local/include/catch2/catch_tag_alias_autoregistrar.hpp
2026-03-12T23:05:17.8599868Z -- Installing: /usr/local/include/catch2/generators
2026-03-12T23:05:17.8600864Z -- Installing: /usr/local/include/catch2/generators/catch_generators_adapters.hpp
2026-03-12T23:05:17.8603645Z -- Installing: /usr/local/include/catch2/generators/catch_generators_all.hpp
2026-03-12T23:05:17.8605662Z -- Installing: /usr/local/include/catch2/generators/catch_generators_range.hpp
2026-03-12T23:05:17.8608479Z -- Installing: /usr/local/include/catch2/generators/catch_generators.hpp
2026-03-12T23:05:17.8610896Z -- Installing: /usr/local/include/catch2/generators/catch_generators_random.hpp
2026-03-12T23:05:17.8612444Z -- Installing: /usr/local/include/catch2/generators/catch_generator_exception.hpp
2026-03-12T23:05:17.8614646Z -- Installing: /usr/local/include/catch2/catch_test_case_info.hpp
2026-03-12T23:05:17.8616792Z -- Installing: /usr/local/include/catch2/benchmark
2026-03-12T23:05:17.8618084Z -- Installing: /usr/local/include/catch2/benchmark/catch_sample_analysis.hpp
2026-03-12T23:05:17.8620686Z -- Installing: /usr/local/include/catch2/benchmark/catch_execution_plan.hpp
2026-03-12T23:05:17.8623213Z -- Installing: /usr/local/include/catch2/benchmark/catch_environment.hpp
2026-03-12T23:05:17.8625285Z -- Installing: /usr/local/include/catch2/benchmark/catch_optimizer.hpp
2026-03-12T23:05:17.8627427Z -- Installing: /usr/local/include/catch2/benchmark/catch_benchmark_all.hpp
2026-03-12T23:05:17.8629595Z -- Installing: /usr/local/include/catch2/benchmark/catch_clock.hpp
2026-03-12T23:05:17.8631618Z -- Installing: /usr/local/include/catch2/benchmark/catch_estimate.hpp
2026-03-12T23:05:17.8635352Z -- Installing: /usr/local/include/catch2/benchmark/catch_outlier_classification.hpp
2026-03-12T23:05:17.8636311Z -- Installing: /usr/local/include/catch2/benchmark/catch_chronometer.hpp
2026-03-12T23:05:17.8638360Z -- Installing: /usr/local/include/catch2/benchmark/catch_constructor.hpp
2026-03-12T23:05:17.8640673Z -- Installing: /usr/local/include/catch2/benchmark/catch_benchmark.hpp
2026-03-12T23:05:17.8643364Z -- Installing: /usr/local/include/catch2/benchmark/detail
2026-03-12T23:05:17.8645328Z -- Installing: /usr/local/include/catch2/benchmark/detail/catch_analyse.hpp
2026-03-12T23:05:17.8646793Z -- Installing: /usr/local/include/catch2/benchmark/detail/catch_stats.hpp
2026-03-12T23:05:17.8649649Z -- Installing: /usr/local/include/catch2/benchmark/detail/catch_complete_invoke.hpp
2026-03-12T23:05:17.8651704Z -- Installing: /usr/local/include/catch2/benchmark/detail/catch_repeat.hpp
2026-03-12T23:05:17.8654413Z -- Installing: /usr/local/include/catch2/benchmark/detail/catch_measure.hpp
2026-03-12T23:05:17.8656425Z -- Installing: /usr/local/include/catch2/benchmark/detail/catch_benchmark_stats_fwd.hpp
2026-03-12T23:05:17.8658771Z -- Installing: /usr/local/include/catch2/benchmark/detail/catch_benchmark_function.hpp
2026-03-12T23:05:17.8661112Z -- Installing: /usr/local/include/catch2/benchmark/detail/catch_estimate_clock.hpp
2026-03-12T23:05:17.8663176Z -- Installing: /usr/local/include/catch2/benchmark/detail/catch_run_for_at_least.hpp
2026-03-12T23:05:17.8665564Z -- Installing: /usr/local/include/catch2/benchmark/detail/catch_benchmark_stats.hpp
2026-03-12T23:05:17.8668015Z -- Installing: /usr/local/include/catch2/benchmark/detail/catch_timing.hpp
2026-03-12T23:05:17.8670193Z -- Installing: /usr/local/include/catch2/catch_config.hpp
2026-03-12T23:05:17.8672728Z -- Installing: /usr/local/include/catch2/catch_section_info.hpp
2026-03-12T23:05:17.8674610Z -- Installing: /usr/local/include/catch2/catch_tag_alias.hpp
2026-03-12T23:05:17.8676749Z -- Installing: /usr/local/include/catch2/catch_translate_exception.hpp
2026-03-12T23:05:17.8678067Z -- Installing: /usr/local/include/catch2/interfaces
2026-03-12T23:05:17.8680490Z -- Installing: /usr/local/include/catch2/interfaces/catch_interfaces_enum_values_registry.hpp
2026-03-12T23:05:17.8682297Z -- Installing: /usr/local/include/catch2/interfaces/catch_interfaces_config.hpp
2026-03-12T23:05:17.8684842Z -- Installing: /usr/local/include/catch2/interfaces/catch_interfaces_exception.hpp
2026-03-12T23:05:17.8686782Z -- Installing: /usr/local/include/catch2/interfaces/catch_interfaces_generatortracker.hpp
2026-03-12T23:05:17.8688863Z -- Installing: /usr/local/include/catch2/interfaces/catch_interfaces_all.hpp
2026-03-12T23:05:17.8691149Z -- Installing: /usr/local/include/catch2/interfaces/catch_interfaces_registry_hub.hpp
2026-03-12T23:05:17.8693665Z -- Installing: /usr/local/include/catch2/interfaces/catch_interfaces_test_invoker.hpp
2026-03-12T23:05:17.8695167Z -- Installing: /usr/local/include/catch2/interfaces/catch_interfaces_capture.hpp
2026-03-12T23:05:17.8698165Z -- Installing: /usr/local/include/catch2/interfaces/catch_interfaces_tag_alias_registry.hpp
2026-03-12T23:05:17.8699683Z -- Installing: /usr/local/include/catch2/interfaces/catch_interfaces_testcase.hpp
2026-03-12T23:05:17.8702554Z -- Installing: /usr/local/include/catch2/interfaces/catch_interfaces_reporter.hpp
2026-03-12T23:05:17.8704760Z -- Installing: /usr/local/include/catch2/interfaces/catch_interfaces_reporter_factory.hpp
2026-03-12T23:05:17.8707291Z -- Installing: /usr/local/include/catch2/catch_version_macros.hpp
2026-03-12T23:05:17.8708877Z -- Installing: /usr/local/include/catch2/catch_all.hpp
2026-03-12T23:05:17.8711835Z -- Installing: /usr/local/include/catch2/catch_get_random_seed.hpp
2026-03-12T23:05:17.8714449Z -- Installing: /usr/local/include/catch2/internal
2026-03-12T23:05:17.8717212Z -- Installing: /usr/local/include/catch2/internal/catch_singletons.hpp
2026-03-12T23:05:17.8719892Z -- Installing: /usr/local/include/catch2/internal/catch_config_uncaught_exceptions.hpp
2026-03-12T23:05:17.8722184Z -- Installing: /usr/local/include/catch2/internal/catch_config_wchar.hpp
2026-03-12T23:05:17.8724250Z -- Installing: /usr/local/include/catch2/internal/catch_clara.hpp
2026-03-12T23:05:17.8727315Z -- Installing: /usr/local/include/catch2/internal/catch_config_prefix_messages.hpp
2026-03-12T23:05:17.8729136Z -- Installing: /usr/local/include/catch2/internal/catch_optional.hpp
2026-03-12T23:05:17.8731097Z -- Installing: /usr/local/include/catch2/internal/catch_fatal_condition_handler.hpp
2026-03-12T23:05:17.8733695Z -- Installing: /usr/local/include/catch2/internal/catch_string_manip.hpp
2026-03-12T23:05:17.8735619Z -- Installing: /usr/local/include/catch2/internal/catch_source_line_info.hpp
2026-03-12T23:05:17.8738024Z -- Installing: /usr/local/include/catch2/internal/catch_container_nonmembers.hpp
2026-03-12T23:05:17.8739676Z -- Installing: /usr/local/include/catch2/internal/catch_errno_guard.hpp
2026-03-12T23:05:17.8742039Z -- Installing: /usr/local/include/catch2/internal/catch_reusable_string_stream.hpp
2026-03-12T23:05:17.8744084Z -- Installing: /usr/local/include/catch2/internal/catch_stream_end_stop.hpp
2026-03-12T23:05:17.8746103Z -- Installing: /usr/local/include/catch2/internal/catch_enum_values_registry.hpp
2026-03-12T23:05:17.8748325Z -- Installing: /usr/local/include/catch2/internal/catch_compare_traits.hpp
2026-03-12T23:05:17.8750728Z -- Installing: /usr/local/include/catch2/internal/catch_wildcard_pattern.hpp
2026-03-12T23:05:17.8753006Z -- Installing: /usr/local/include/catch2/internal/catch_noncopyable.hpp
2026-03-12T23:05:17.8754932Z -- Installing: /usr/local/include/catch2/internal/catch_message_info.hpp
2026-03-12T23:05:17.8756732Z -- Installing: /usr/local/include/catch2/internal/catch_sharding.hpp
2026-03-12T23:05:17.8759655Z -- Installing: /usr/local/include/catch2/internal/catch_test_macro_impl.hpp
2026-03-12T23:05:17.8762538Z -- Installing: /usr/local/include/catch2/internal/catch_uniform_integer_distribution.hpp
2026-03-12T23:05:17.8764630Z -- Installing: /usr/local/include/catch2/internal/catch_output_redirect.hpp
2026-03-12T23:05:17.8766486Z -- Installing: /usr/local/include/catch2/internal/catch_textflow.hpp
2026-03-12T23:05:17.8768857Z -- Installing: /usr/local/include/catch2/internal/catch_section.hpp
2026-03-12T23:05:17.8771296Z -- Installing: /usr/local/include/catch2/internal/catch_list.hpp
2026-03-12T23:05:17.8773399Z -- Installing: /usr/local/include/catch2/internal/catch_xmlwriter.hpp
2026-03-12T23:05:17.8775909Z -- Installing: /usr/local/include/catch2/internal/catch_leak_detector.hpp
2026-03-12T23:05:17.8777983Z -- Installing: /usr/local/include/catch2/internal/catch_to_string.hpp
2026-03-12T23:05:17.8779728Z -- Installing: /usr/local/include/catch2/internal/catch_test_case_registry_impl.hpp
2026-03-12T23:05:17.8782429Z -- Installing: /usr/local/include/catch2/internal/catch_test_spec_parser.hpp
2026-03-12T23:05:17.8784432Z -- Installing: /usr/local/include/catch2/internal/catch_is_permutation.hpp
2026-03-12T23:05:17.8786651Z -- Installing: /usr/local/include/catch2/internal/catch_test_registry.hpp
2026-03-12T23:05:17.8788915Z -- Installing: /usr/local/include/catch2/internal/catch_run_context.hpp
2026-03-12T23:05:17.8791034Z -- Installing: /usr/local/include/catch2/internal/catch_void_type.hpp
2026-03-12T23:05:17.8793468Z -- Installing: /usr/local/include/catch2/internal/catch_platform.hpp
2026-03-12T23:05:17.8795809Z -- Installing: /usr/local/include/catch2/internal/catch_case_insensitive_comparisons.hpp
2026-03-12T23:05:17.8797636Z -- Installing: /usr/local/include/catch2/internal/catch_parse_numbers.hpp
2026-03-12T23:05:17.8800088Z -- Installing: /usr/local/include/catch2/internal/catch_assertion_handler.hpp
2026-03-12T23:05:17.8802152Z -- Installing: /usr/local/include/catch2/internal/catch_template_test_registry.hpp
2026-03-12T23:05:17.8804874Z -- Installing: /usr/local/include/catch2/internal/catch_logical_traits.hpp
2026-03-12T23:05:17.8806908Z -- Installing: /usr/local/include/catch2/internal/catch_preprocessor.hpp
2026-03-12T23:05:17.8809808Z -- Installing: /usr/local/include/catch2/internal/catch_lazy_expr.hpp
2026-03-12T23:05:17.8812471Z -- Installing: /usr/local/include/catch2/internal/catch_console_width.hpp
2026-03-12T23:05:17.8814091Z -- Installing: /usr/local/include/catch2/internal/catch_compiler_capabilities.hpp
2026-03-12T23:05:17.8817101Z -- Installing: /usr/local/include/catch2/internal/catch_unique_ptr.hpp
2026-03-12T23:05:17.8819252Z -- Installing: /usr/local/include/catch2/internal/catch_preprocessor_internal_stringify.hpp
2026-03-12T23:05:17.8822004Z -- Installing: /usr/local/include/catch2/internal/catch_config_counter.hpp
2026-03-12T23:05:17.8823971Z -- Installing: /usr/local/include/catch2/internal/catch_stdstreams.hpp
2026-03-12T23:05:17.8826711Z -- Installing: /usr/local/include/catch2/internal/catch_enforce.hpp
2026-03-12T23:05:17.8828986Z -- Installing: /usr/local/include/catch2/internal/catch_context.hpp
2026-03-12T23:05:17.8830598Z -- Installing: /usr/local/include/catch2/internal/catch_unique_name.hpp
2026-03-12T23:05:17.8832816Z -- Installing: /usr/local/include/catch2/internal/catch_test_run_info.hpp
2026-03-12T23:05:17.8835000Z -- Installing: /usr/local/include/catch2/internal/catch_uniform_floating_point_distribution.hpp
2026-03-12T23:05:17.8837927Z -- Installing: /usr/local/include/catch2/internal/catch_reporter_spec_parser.hpp
2026-03-12T23:05:17.8840239Z -- Installing: /usr/local/include/catch2/internal/catch_commandline.hpp
2026-03-12T23:05:17.8842072Z -- Installing: /usr/local/include/catch2/internal/catch_debug_console.hpp
2026-03-12T23:05:17.8844285Z -- Installing: /usr/local/include/catch2/internal/catch_test_failure_exception.hpp
2026-03-12T23:05:17.8846561Z -- Installing: /usr/local/include/catch2/internal/catch_floating_point_helpers.hpp
2026-03-12T23:05:17.8848549Z -- Installing: /usr/local/include/catch2/internal/catch_meta.hpp
2026-03-12T23:05:17.8850773Z -- Installing: /usr/local/include/catch2/internal/catch_getenv.hpp
2026-03-12T23:05:17.8853085Z -- Installing: /usr/local/include/catch2/internal/catch_random_seed_generation.hpp
2026-03-12T23:05:17.8855635Z -- Installing: /usr/local/include/catch2/internal/catch_preprocessor_remove_parens.hpp
2026-03-12T23:05:17.8857455Z -- Installing: /usr/local/include/catch2/internal/catch_tag_alias_registry.hpp
2026-03-12T23:05:17.8859873Z -- Installing: /usr/local/include/catch2/internal/catch_console_colour.hpp
2026-03-12T23:05:17.8862754Z -- Installing: /usr/local/include/catch2/internal/catch_debugger.hpp
2026-03-12T23:05:17.8864833Z -- Installing: /usr/local/include/catch2/internal/catch_test_case_info_hasher.hpp
2026-03-12T23:05:17.8866428Z -- Installing: /usr/local/include/catch2/internal/catch_reporter_registry.hpp
2026-03-12T23:05:17.8869328Z -- Installing: /usr/local/include/catch2/internal/catch_result_type.hpp
2026-03-12T23:05:17.8871935Z -- Installing: /usr/local/include/catch2/internal/catch_decomposer.hpp
2026-03-12T23:05:17.8875019Z -- Installing: /usr/local/include/catch2/internal/catch_random_floating_point_helpers.hpp
2026-03-12T23:05:17.8877143Z -- Installing: /usr/local/include/catch2/internal/catch_random_number_generator.hpp
2026-03-12T23:05:17.8878884Z -- Installing: /usr/local/include/catch2/internal/catch_random_integer_helpers.hpp
2026-03-12T23:05:17.8881736Z -- Installing: /usr/local/include/catch2/internal/catch_polyfills.hpp
2026-03-12T23:05:17.8883909Z -- Installing: /usr/local/include/catch2/internal/catch_startup_exception_registry.hpp
2026-03-12T23:05:17.8886571Z -- Installing: /usr/local/include/catch2/internal/catch_uncaught_exceptions.hpp
2026-03-12T23:05:17.8889231Z -- Installing: /usr/local/include/catch2/internal/catch_move_and_forward.hpp
2026-03-12T23:05:17.8891060Z -- Installing: /usr/local/include/catch2/internal/catch_test_case_tracker.hpp
2026-03-12T23:05:17.8893611Z -- Installing: /usr/local/include/catch2/internal/catch_config_static_analysis_support.hpp
2026-03-12T23:05:17.8896633Z -- Installing: /usr/local/include/catch2/internal/catch_windows_h_proxy.hpp
2026-03-12T23:05:17.8898176Z -- Installing: /usr/local/include/catch2/internal/catch_exception_translator_registry.hpp
2026-03-12T23:05:17.8900714Z -- Installing: /usr/local/include/catch2/internal/catch_config_android_logwrite.hpp
2026-03-12T23:05:17.8903150Z -- Installing: /usr/local/include/catch2/internal/catch_istream.hpp
2026-03-12T23:05:17.8905165Z -- Installing: /usr/local/include/catch2/internal/catch_stringref.hpp
2026-03-12T23:05:17.8907051Z -- Installing: /usr/local/include/catch2/internal/catch_jsonwriter.hpp
2026-03-12T23:05:17.8909842Z -- Installing: /usr/local/include/catch2/catch_case_sensitive.hpp
2026-03-12T23:05:17.8911136Z -- Installing: /usr/local/include/catch2/catch_timer.hpp
2026-03-12T23:05:17.8914230Z -- Installing: /usr/local/include/catch2/catch_assertion_info.hpp
2026-03-12T23:05:17.8915900Z -- Installing: /usr/local/include/catch2/catch_totals.hpp
2026-03-12T23:05:17.8917907Z -- Installing: /usr/local/include/catch2/reporters
2026-03-12T23:05:17.8920422Z -- Installing: /usr/local/include/catch2/reporters/catch_reporter_console.hpp
2026-03-12T23:05:17.8923169Z -- Installing: /usr/local/include/catch2/reporters/catch_reporters_all.hpp
2026-03-12T23:05:17.8924899Z -- Installing: /usr/local/include/catch2/reporters/catch_reporter_compact.hpp
2026-03-12T23:05:17.8927427Z -- Installing: /usr/local/include/catch2/reporters/catch_reporter_automake.hpp
2026-03-12T23:05:17.8929000Z -- Installing: /usr/local/include/catch2/reporters/catch_reporter_json.hpp
2026-03-12T23:05:17.8931942Z -- Installing: /usr/local/include/catch2/reporters/catch_reporter_event_listener.hpp
2026-03-12T23:05:17.8933609Z -- Installing: /usr/local/include/catch2/reporters/catch_reporter_sonarqube.hpp
2026-03-12T23:05:17.8936184Z -- Installing: /usr/local/include/catch2/reporters/catch_reporter_registrars.hpp
2026-03-12T23:05:17.8938096Z -- Installing: /usr/local/include/catch2/reporters/catch_reporter_streaming_base.hpp
2026-03-12T23:05:17.8940744Z -- Installing: /usr/local/include/catch2/reporters/catch_reporter_xml.hpp
2026-03-12T23:05:17.8943203Z -- Installing: /usr/local/include/catch2/reporters/catch_reporter_helpers.hpp
2026-03-12T23:05:17.8945324Z -- Installing: /usr/local/include/catch2/reporters/catch_reporter_teamcity.hpp
2026-03-12T23:05:17.8947001Z -- Installing: /usr/local/include/catch2/reporters/catch_reporter_tap.hpp
2026-03-12T23:05:17.8949604Z -- Installing: /usr/local/include/catch2/reporters/catch_reporter_common_base.hpp
2026-03-12T23:05:17.8951478Z -- Installing: /usr/local/include/catch2/reporters/catch_reporter_cumulative_base.hpp
2026-03-12T23:05:17.8954103Z -- Installing: /usr/local/include/catch2/reporters/catch_reporter_multi.hpp
2026-03-12T23:05:17.8956333Z -- Installing: /usr/local/include/catch2/reporters/catch_reporter_junit.hpp
2026-03-12T23:05:17.8958916Z -- Installing: /usr/local/include/catch2/catch_approx.hpp
2026-03-12T23:05:17.8961110Z -- Installing: /usr/local/include/catch2/catch_template_test_macros.hpp
2026-03-12T23:05:17.8963167Z -- Installing: /usr/local/include/catch2/catch_session.hpp
2026-03-12T23:05:17.8965189Z -- Installing: /usr/local/include/catch2/catch_test_spec.hpp
2026-03-12T23:05:17.8967285Z -- Installing: /usr/local/include/catch2/catch_tostring.hpp
2026-03-12T23:05:17.8969769Z -- Installing: /usr/local/include/catch2/catch_version.hpp
2026-03-12T23:05:17.8971887Z -- Installing: /usr/local/include/catch2/catch_message.hpp
2026-03-12T23:05:17.8974277Z -- Installing: /usr/local/include/catch2/matchers
2026-03-12T23:05:17.8975749Z -- Installing: /usr/local/include/catch2/matchers/catch_matchers_vector.hpp
2026-03-12T23:05:17.8978368Z -- Installing: /usr/local/include/catch2/matchers/catch_matchers_templated.hpp
2026-03-12T23:05:17.8980792Z -- Installing: /usr/local/include/catch2/matchers/catch_matchers_contains.hpp
2026-03-12T23:05:17.8983495Z -- Installing: /usr/local/include/catch2/matchers/catch_matchers.hpp
2026-03-12T23:05:17.8985953Z -- Installing: /usr/local/include/catch2/matchers/catch_matchers_exception.hpp
2026-03-12T23:05:17.8988520Z -- Installing: /usr/local/include/catch2/matchers/catch_matchers_string.hpp
2026-03-12T23:05:17.8991056Z -- Installing: /usr/local/include/catch2/matchers/internal
2026-03-12T23:05:17.8992738Z -- Installing: /usr/local/include/catch2/matchers/internal/catch_matchers_impl.hpp
2026-03-12T23:05:17.8995401Z -- Installing: /usr/local/include/catch2/matchers/catch_matchers_predicate.hpp
2026-03-12T23:05:17.8997167Z -- Installing: /usr/local/include/catch2/matchers/catch_matchers_container_properties.hpp
2026-03-12T23:05:17.8998880Z -- Installing: /usr/local/include/catch2/matchers/catch_matchers_all.hpp
2026-03-12T23:05:17.9001814Z -- Installing: /usr/local/include/catch2/matchers/catch_matchers_quantifiers.hpp
2026-03-12T23:05:17.9004608Z -- Installing: /usr/local/include/catch2/matchers/catch_matchers_floating_point.hpp
2026-03-12T23:05:17.9006489Z -- Installing: /usr/local/include/catch2/matchers/catch_matchers_range_equals.hpp
2026-03-12T23:05:17.9008489Z -- Installing: /usr/local/include/catch2/catch_test_macros.hpp
2026-03-12T23:05:17.9011603Z -- Up-to-date: /usr/local/include/catch2
2026-03-12T23:05:17.9012485Z -- Installing: /usr/local/include/catch2/catch_user_config.hpp
2026-03-12T23:05:17.9015848Z -- Installing: /usr/local/lib/cmake/Catch2/Catch2Config.cmake
2026-03-12T23:05:17.9018014Z -- Installing: /usr/local/lib/cmake/Catch2/Catch2ConfigVersion.cmake
2026-03-12T23:05:17.9020516Z -- Installing: /usr/local/share/doc/Catch2
2026-03-12T23:05:17.9022651Z -- Installing: /usr/local/share/doc/Catch2/why-catch.md
2026-03-12T23:05:17.9024851Z -- Installing: /usr/local/share/doc/Catch2/reporter-events.md
2026-03-12T23:05:17.9027001Z -- Installing: /usr/local/share/doc/Catch2/Readme.md
2026-03-12T23:05:17.9028993Z -- Installing: /usr/local/share/doc/Catch2/command-line.md
2026-03-12T23:05:17.9032097Z -- Installing: /usr/local/share/doc/Catch2/commercial-users.md
2026-03-12T23:05:17.9034249Z -- Installing: /usr/local/share/doc/Catch2/faq.md
2026-03-12T23:05:17.9036476Z -- Installing: /usr/local/share/doc/Catch2/own-main.md
2026-03-12T23:05:17.9039193Z -- Installing: /usr/local/share/doc/Catch2/limitations.md
2026-03-12T23:05:17.9040794Z -- Installing: /usr/local/share/doc/Catch2/list-of-examples.md
2026-03-12T23:05:17.9043412Z -- Installing: /usr/local/share/doc/Catch2/ci-and-misc.md
2026-03-12T23:05:17.9044908Z -- Installing: /usr/local/share/doc/Catch2/release-process.md
2026-03-12T23:05:17.9047718Z -- Installing: /usr/local/share/doc/Catch2/cmake-integration.md
2026-03-12T23:05:17.9049450Z -- Installing: /usr/local/share/doc/Catch2/tutorial.md
2026-03-12T23:05:17.9052206Z -- Installing: /usr/local/share/doc/Catch2/logging.md
2026-03-12T23:05:17.9053978Z -- Installing: /usr/local/share/doc/Catch2/release-notes.md
2026-03-12T23:05:17.9058321Z -- Installing: /usr/local/share/doc/Catch2/test-cases-and-sections.md
2026-03-12T23:05:17.9060449Z -- Installing: /usr/local/share/doc/Catch2/deprecations.md
2026-03-12T23:05:17.9062079Z -- Installing: /usr/local/share/doc/Catch2/migrate-v2-to-v3.md
2026-03-12T23:05:17.9063766Z -- Installing: /usr/local/share/doc/Catch2/benchmarks.md
2026-03-12T23:05:17.9066003Z -- Installing: /usr/local/share/doc/Catch2/reporters.md
2026-03-12T23:05:17.9068133Z -- Installing: /usr/local/share/doc/Catch2/skipping-passing-failing.md
2026-03-12T23:05:17.9070328Z -- Installing: /usr/local/share/doc/Catch2/contributing.md
2026-03-12T23:05:17.9072574Z -- Installing: /usr/local/share/doc/Catch2/matchers.md
2026-03-12T23:05:17.9074798Z -- Installing: /usr/local/share/doc/Catch2/opensource-users.md
2026-03-12T23:05:17.9076939Z -- Installing: /usr/local/share/doc/Catch2/event-listeners.md
2026-03-12T23:05:17.9078927Z -- Installing: /usr/local/share/doc/Catch2/generators.md
2026-03-12T23:05:17.9081012Z -- Installing: /usr/local/share/doc/Catch2/other-macros.md
2026-03-12T23:05:17.9083342Z -- Installing: /usr/local/share/doc/Catch2/comparing-floating-point-numbers.md
2026-03-12T23:05:17.9085233Z -- Installing: /usr/local/share/doc/Catch2/assertions.md
2026-03-12T23:05:17.9087366Z -- Installing: /usr/local/share/doc/Catch2/test-fixtures.md
2026-03-12T23:05:17.9089531Z -- Installing: /usr/local/share/doc/Catch2/usage-tips.md
2026-03-12T23:05:17.9091993Z -- Installing: /usr/local/share/doc/Catch2/configuration.md
2026-03-12T23:05:17.9094673Z -- Installing: /usr/local/share/doc/Catch2/tostring.md
2026-03-12T23:05:17.9097491Z -- Installing: /usr/local/lib/cmake/Catch2/ParseAndAddCatchTests.cmake
2026-03-12T23:05:17.9099800Z -- Installing: /usr/local/lib/cmake/Catch2/Catch.cmake
2026-03-12T23:05:17.9102078Z -- Installing: /usr/local/lib/cmake/Catch2/CatchAddTests.cmake
2026-03-12T23:05:17.9104106Z -- Installing: /usr/local/lib/cmake/Catch2/CatchShardTests.cmake
2026-03-12T23:05:17.9106244Z -- Installing: /usr/local/lib/cmake/Catch2/CatchShardTestsImpl.cmake
2026-03-12T23:05:17.9109506Z -- Installing: /usr/local/share/Catch2/gdbinit
2026-03-12T23:05:17.9111385Z -- Installing: /usr/local/share/Catch2/lldbinit
2026-03-12T23:05:17.9114954Z -- Installing: /usr/local/share/pkgconfig/catch2.pc
2026-03-12T23:05:17.9116778Z -- Installing: /usr/local/share/pkgconfig/catch2-with-main.pc
2026-03-12T23:05:17.9403937Z Installing DO ...
2026-03-12T23:05:17.9413758Z Building DO ...
2026-03-12T23:05:17.9414438Z 	Branch: develop
2026-03-12T23:05:17.9414996Z 	Folder: /__w/iot-hub-device-update/iot-hub-device-update/.workspace/do
2026-03-12T23:05:17.9438653Z Cloning into '.'...
2026-03-12T23:05:18.5163044Z Running on a linux-based OS
2026-03-12T23:05:18.5240607Z OS = linux
2026-03-12T23:05:18.5241140Z DISTRO = ubuntu
2026-03-12T23:05:18.5241701Z VER = 22.04
2026-03-12T23:05:18.5241984Z ARCH = amd64
2026-03-12T23:05:18.5242335Z [INFO] Install command to run set to: build
2026-03-12T23:05:18.5242847Z [INFO] Updating package manager
2026-03-12T23:05:18.8714215Z Hit:1 http://archive.ubuntu.com/ubuntu jammy InRelease
2026-03-12T23:05:18.9399257Z Hit:2 http://archive.ubuntu.com/ubuntu jammy-updates InRelease
2026-03-12T23:05:18.9961014Z Hit:3 http://security.ubuntu.com/ubuntu jammy-security InRelease
2026-03-12T23:05:19.0148866Z Hit:4 http://archive.ubuntu.com/ubuntu jammy-backports InRelease
2026-03-12T23:05:20.0316583Z Reading package lists...
2026-03-12T23:05:20.0440635Z [INFO] Running install command: build
2026-03-12T23:05:20.0441200Z [INFO] Installing build dependencies
2026-03-12T23:05:20.9082034Z Reading package lists...
2026-03-12T23:05:21.0934193Z Building dependency tree...
2026-03-12T23:05:21.0935083Z Reading state information...
2026-03-12T23:05:21.2503456Z build-essential is already the newest version (12.9ubuntu3).
2026-03-12T23:05:21.2504132Z g++ is already the newest version (4:11.2.0-1ubuntu1).
2026-03-12T23:05:21.2504463Z g++ set to manually installed.
2026-03-12T23:05:21.2505083Z gcc is already the newest version (4:11.2.0-1ubuntu1).
2026-03-12T23:05:21.2505388Z gcc set to manually installed.
2026-03-12T23:05:21.2505636Z make is already the newest version (4.3-4.1build1).
2026-03-12T23:05:21.2505961Z gdb is already the newest version (12.1-0ubuntu1~22.04.2).
2026-03-12T23:05:21.2515227Z gdb set to manually installed.
2026-03-12T23:05:21.2515748Z git is already the newest version (1:2.34.1-1ubuntu1.17).
2026-03-12T23:05:21.2516363Z wget is already the newest version (1.21.2-2ubuntu1.1).
2026-03-12T23:05:21.2516856Z The following NEW packages will be installed:
2026-03-12T23:05:21.2517135Z   gdbserver
2026-03-12T23:05:21.7258543Z 0 upgraded, 1 newly installed, 0 to remove and 7 not upgraded.
2026-03-12T23:05:21.7259306Z Need to get 267 kB of archives.
2026-03-12T23:05:21.7259838Z After this operation, 757 kB of additional disk space will be used.
2026-03-12T23:05:21.7260973Z Get:1 http://archive.ubuntu.com/ubuntu jammy-updates/universe amd64 gdbserver amd64 12.1-0ubuntu1~22.04.2 [267 kB]
2026-03-12T23:05:22.5644088Z debconf: delaying package configuration, since apt-utils is not installed
2026-03-12T23:05:22.5872003Z Fetched 267 kB in 1s (221 kB/s)
2026-03-12T23:05:22.5986740Z Selecting previously unselected package gdbserver.
2026-03-12T23:05:22.6016140Z (Reading database ...
2026-03-12T23:05:22.6016927Z (Reading database ... 5%
2026-03-12T23:05:22.6017598Z (Reading database ... 10%
2026-03-12T23:05:22.6017986Z (Reading database ... 15%
2026-03-12T23:05:22.6018595Z (Reading database ... 20%
2026-03-12T23:05:22.6018922Z (Reading database ... 25%
2026-03-12T23:05:22.6019453Z (Reading database ... 30%
2026-03-12T23:05:22.6019835Z (Reading database ... 35%
2026-03-12T23:05:22.6020569Z (Reading database ... 40%
2026-03-12T23:05:22.6021731Z (Reading database ... 45%
2026-03-12T23:05:22.6022115Z (Reading database ... 50%
2026-03-12T23:05:22.6022487Z (Reading database ... 55%
2026-03-12T23:05:22.6022958Z (Reading database ... 60%
2026-03-12T23:05:22.6041052Z (Reading database ... 65%
2026-03-12T23:05:22.6052614Z (Reading database ... 70%
2026-03-12T23:05:22.6063637Z (Reading database ... 75%
2026-03-12T23:05:22.6071786Z (Reading database ... 80%
2026-03-12T23:05:22.6084265Z (Reading database ... 85%
2026-03-12T23:05:22.6111051Z (Reading database ... 90%
2026-03-12T23:05:22.6118046Z (Reading database ... 95%
2026-03-12T23:05:22.6118458Z (Reading database ... 100%
2026-03-12T23:05:22.6119050Z (Reading database ... 28454 files and directories currently installed.)
2026-03-12T23:05:22.6124213Z Preparing to unpack .../gdbserver_12.1-0ubuntu1~22.04.2_amd64.deb ...
2026-03-12T23:05:22.6134103Z Unpacking gdbserver (12.1-0ubuntu1~22.04.2) ...
2026-03-12T23:05:22.6350569Z Setting up gdbserver (12.1-0ubuntu1~22.04.2) ...
2026-03-12T23:05:23.5303449Z Reading package lists...
2026-03-12T23:05:23.7293957Z Building dependency tree...
2026-03-12T23:05:23.7294745Z Reading state information...
2026-03-12T23:05:23.8935354Z ninja-build is already the newest version (1.10.1-1).
2026-03-12T23:05:23.8936221Z python3 is already the newest version (3.10.6-1~22.04.1).
2026-03-12T23:05:23.8936690Z python3 set to manually installed.
2026-03-12T23:05:23.8937095Z 0 upgraded, 0 newly installed, 0 to remove and 7 not upgraded.
2026-03-12T23:05:24.8032686Z Reading package lists...
2026-03-12T23:05:25.0181807Z Building dependency tree...
2026-03-12T23:05:25.0182396Z Reading state information...
2026-03-12T23:05:25.1585077Z The following additional packages will be installed:
2026-03-12T23:05:25.1585803Z   libboost-program-options1.74-dev libboost-program-options1.74.0
2026-03-12T23:05:25.1590532Z   libboost1.74-dev
2026-03-12T23:05:25.1596906Z Suggested packages:
2026-03-12T23:05:25.1597428Z   libboost1.74-doc libboost-atomic1.74-dev libboost-chrono1.74-dev
2026-03-12T23:05:25.1598125Z   libboost-container1.74-dev libboost-context1.74-dev
2026-03-12T23:05:25.1598725Z   libboost-contract1.74-dev libboost-coroutine1.74-dev
2026-03-12T23:05:25.1599481Z   libboost-date-time1.74-dev libboost-exception1.74-dev libboost-fiber1.74-dev
2026-03-12T23:05:25.1600856Z   libboost-filesystem1.74-dev libboost-graph1.74-dev
2026-03-12T23:05:25.1601251Z   libboost-graph-parallel1.74-dev libboost-iostreams1.74-dev
2026-03-12T23:05:25.1601682Z   libboost-locale1.74-dev libboost-log1.74-dev libboost-math1.74-dev
2026-03-12T23:05:25.1602138Z   libboost-mpi1.74-dev libboost-mpi-python1.74-dev libboost-numpy1.74-dev
2026-03-12T23:05:25.1602614Z   libboost-python1.74-dev libboost-random1.74-dev libboost-regex1.74-dev
2026-03-12T23:05:25.1603068Z   libboost-serialization1.74-dev libboost-stacktrace1.74-dev
2026-03-12T23:05:25.1603511Z   libboost-system1.74-dev libboost-test1.74-dev libboost-thread1.74-dev
2026-03-12T23:05:25.1603978Z   libboost-timer1.74-dev libboost-type-erasure1.74-dev libboost-wave1.74-dev
2026-03-12T23:05:25.1604456Z   libboost1.74-tools-dev libmpfrc++-dev libntl-dev libboost-nowide1.74-dev
2026-03-12T23:05:25.1804567Z The following NEW packages will be installed:
2026-03-12T23:05:25.1805285Z   libboost-program-options-dev libboost-program-options1.74-dev
2026-03-12T23:05:25.1812295Z   libboost-program-options1.74.0 libboost1.74-dev
2026-03-12T23:05:25.3536008Z 0 upgraded, 4 newly installed, 0 to remove and 7 not upgraded.
2026-03-12T23:05:25.3536434Z Need to get 10.3 MB of archives.
2026-03-12T23:05:25.3536815Z After this operation, 147 MB of additional disk space will be used.
2026-03-12T23:05:25.3537751Z Get:1 http://archive.ubuntu.com/ubuntu jammy/main amd64 libboost1.74-dev amd64 1.74.0-14ubuntu3 [9609 kB]
2026-03-12T23:05:26.4176162Z Get:2 http://archive.ubuntu.com/ubuntu jammy/main amd64 libboost-program-options1.74.0 amd64 1.74.0-14ubuntu3 [311 kB]
2026-03-12T23:05:27.3123791Z Get:3 http://archive.ubuntu.com/ubuntu jammy/main amd64 libboost-program-options1.74-dev amd64 1.74.0-14ubuntu3 [380 kB]
2026-03-12T23:05:27.6373485Z Get:4 http://archive.ubuntu.com/ubuntu jammy/main amd64 libboost-program-options-dev amd64 1.74.0.3ubuntu7 [3266 B]
2026-03-12T23:05:27.7440212Z debconf: delaying package configuration, since apt-utils is not installed
2026-03-12T23:05:27.7702925Z Fetched 10.3 MB in 2s (4203 kB/s)
2026-03-12T23:05:27.7859314Z Selecting previously unselected package libboost1.74-dev:amd64.
2026-03-12T23:05:27.7889071Z (Reading database ...
2026-03-12T23:05:27.7889519Z (Reading database ... 5%
2026-03-12T23:05:27.7889847Z (Reading database ... 10%
2026-03-12T23:05:27.7890296Z (Reading database ... 15%
2026-03-12T23:05:27.7890672Z (Reading database ... 20%
2026-03-12T23:05:27.7890965Z (Reading database ... 25%
2026-03-12T23:05:27.7891259Z (Reading database ... 30%
2026-03-12T23:05:27.7891558Z (Reading database ... 35%
2026-03-12T23:05:27.7891889Z (Reading database ... 40%
2026-03-12T23:05:27.7892195Z (Reading database ... 45%
2026-03-12T23:05:27.7892482Z (Reading database ... 50%
2026-03-12T23:05:27.7892782Z (Reading database ... 55%
2026-03-12T23:05:27.7893084Z (Reading database ... 60%
2026-03-12T23:05:27.7918444Z (Reading database ... 65%
2026-03-12T23:05:27.7931773Z (Reading database ... 70%
2026-03-12T23:05:27.7948405Z (Reading database ... 75%
2026-03-12T23:05:27.7957960Z (Reading database ... 80%
2026-03-12T23:05:27.7971821Z (Reading database ... 85%
2026-03-12T23:05:27.8001856Z (Reading database ... 90%
2026-03-12T23:05:27.8009749Z (Reading database ... 95%
2026-03-12T23:05:27.8010332Z (Reading database ... 100%
2026-03-12T23:05:27.8010818Z (Reading database ... 28462 files and directories currently installed.)
2026-03-12T23:05:27.8019756Z Preparing to unpack .../libboost1.74-dev_1.74.0-14ubuntu3_amd64.deb ...
2026-03-12T23:05:27.8030712Z Unpacking libboost1.74-dev:amd64 (1.74.0-14ubuntu3) ...
2026-03-12T23:05:30.3974875Z Selecting previously unselected package libboost-program-options1.74.0:amd64.
2026-03-12T23:05:30.4043006Z Preparing to unpack .../libboost-program-options1.74.0_1.74.0-14ubuntu3_amd64.deb ...
2026-03-12T23:05:30.4067070Z Unpacking libboost-program-options1.74.0:amd64 (1.74.0-14ubuntu3) ...
2026-03-12T23:05:30.4300162Z Selecting previously unselected package libboost-program-options1.74-dev:amd64.
2026-03-12T23:05:30.4340604Z Preparing to unpack .../libboost-program-options1.74-dev_1.74.0-14ubuntu3_amd64.deb ...
2026-03-12T23:05:30.4351098Z Unpacking libboost-program-options1.74-dev:amd64 (1.74.0-14ubuntu3) ...
2026-03-12T23:05:30.4594109Z Selecting previously unselected package libboost-program-options-dev:amd64.
2026-03-12T23:05:30.4634107Z Preparing to unpack .../libboost-program-options-dev_1.74.0.3ubuntu7_amd64.deb ...
2026-03-12T23:05:30.4645042Z Unpacking libboost-program-options-dev:amd64 (1.74.0.3ubuntu7) ...
2026-03-12T23:05:30.4863660Z Setting up libboost1.74-dev:amd64 (1.74.0-14ubuntu3) ...
2026-03-12T23:05:30.4893464Z Setting up libboost-program-options1.74.0:amd64 (1.74.0-14ubuntu3) ...
2026-03-12T23:05:30.4922334Z Setting up libboost-program-options1.74-dev:amd64 (1.74.0-14ubuntu3) ...
2026-03-12T23:05:30.4952345Z Setting up libboost-program-options-dev:amd64 (1.74.0.3ubuntu7) ...
2026-03-12T23:05:30.4980398Z Processing triggers for libc-bin (2.35-0ubuntu3.13) ...
2026-03-12T23:05:31.4188835Z Reading package lists...
2026-03-12T23:05:31.6275433Z Building dependency tree...
2026-03-12T23:05:31.6276111Z Reading state information...
2026-03-12T23:05:31.7738978Z libcurl4-openssl-dev is already the newest version (7.81.0-1ubuntu1.23).
2026-03-12T23:05:31.7739819Z libssl-dev is already the newest version (3.0.2-0ubuntu1.21).
2026-03-12T23:05:31.7740769Z uuid-dev is already the newest version (2.37.2-4ubuntu3.5).
2026-03-12T23:05:31.7741989Z The following additional packages will be installed:
2026-03-12T23:05:31.7743284Z   libproxy1v5
2026-03-12T23:05:31.7966460Z The following NEW packages will be installed:
2026-03-12T23:05:31.7970213Z   libproxy-dev libproxy1v5
2026-03-12T23:05:32.3889286Z 0 upgraded, 2 newly installed, 0 to remove and 7 not upgraded.
2026-03-12T23:05:32.3889812Z Need to get 56.5 kB of archives.
2026-03-12T23:05:32.3890489Z After this operation, 183 kB of additional disk space will be used.
2026-03-12T23:05:32.3891213Z Get:1 http://archive.ubuntu.com/ubuntu jammy/main amd64 libproxy1v5 amd64 0.4.17-2 [51.9 kB]
2026-03-12T23:05:32.8353089Z Get:2 http://archive.ubuntu.com/ubuntu jammy/main amd64 libproxy-dev amd64 0.4.17-2 [4662 B]
2026-03-12T23:05:32.9420622Z debconf: delaying package configuration, since apt-utils is not installed
2026-03-12T23:05:32.9649500Z Fetched 56.5 kB in 1s (54.5 kB/s)
2026-03-12T23:05:32.9768737Z Selecting previously unselected package libproxy1v5:amd64.
2026-03-12T23:05:32.9800867Z (Reading database ...
2026-03-12T23:05:32.9801290Z (Reading database ... 5%
2026-03-12T23:05:32.9801672Z (Reading database ... 10%
2026-03-12T23:05:32.9802039Z (Reading database ... 15%
2026-03-12T23:05:32.9802402Z (Reading database ... 20%
2026-03-12T23:05:32.9802745Z (Reading database ... 25%
2026-03-12T23:05:32.9803087Z (Reading database ... 30%
2026-03-12T23:05:32.9803432Z (Reading database ... 35%
2026-03-12T23:05:32.9803769Z (Reading database ... 40%
2026-03-12T23:05:32.9804118Z (Reading database ... 45%
2026-03-12T23:05:32.9804458Z (Reading database ... 50%
2026-03-12T23:05:32.9804795Z (Reading database ... 55%
2026-03-12T23:05:32.9805128Z (Reading database ... 60%
2026-03-12T23:05:32.9813597Z (Reading database ... 65%
2026-03-12T23:05:32.9824678Z (Reading database ... 70%
2026-03-12T23:05:32.9841145Z (Reading database ... 75%
2026-03-12T23:05:32.9850235Z (Reading database ... 80%
2026-03-12T23:05:32.9863360Z (Reading database ... 85%
2026-03-12T23:05:32.9890872Z (Reading database ... 90%
2026-03-12T23:05:32.9935957Z (Reading database ... 95%
2026-03-12T23:05:32.9936382Z (Reading database ... 100%
2026-03-12T23:05:32.9936970Z (Reading database ... 43991 files and directories currently installed.)
2026-03-12T23:05:32.9945222Z Preparing to unpack .../libproxy1v5_0.4.17-2_amd64.deb ...
2026-03-12T23:05:32.9963832Z Unpacking libproxy1v5:amd64 (0.4.17-2) ...
2026-03-12T23:05:33.0105713Z Selecting previously unselected package libproxy-dev:amd64.
2026-03-12T23:05:33.0138663Z Preparing to unpack .../libproxy-dev_0.4.17-2_amd64.deb ...
2026-03-12T23:05:33.0147500Z Unpacking libproxy-dev:amd64 (0.4.17-2) ...
2026-03-12T23:05:33.0361277Z Setting up libproxy1v5:amd64 (0.4.17-2) ...
2026-03-12T23:05:33.0382828Z Setting up libproxy-dev:amd64 (0.4.17-2) ...
2026-03-12T23:05:33.0404634Z Processing triggers for libc-bin (2.35-0ubuntu3.13) ...
2026-03-12T23:05:33.9450392Z Reading package lists...
2026-03-12T23:05:34.1584141Z Building dependency tree...
2026-03-12T23:05:34.1584692Z Reading state information...
2026-03-12T23:05:34.3376668Z cmake is already the newest version (3.22.1-1ubuntu1.22.04.2).
2026-03-12T23:05:34.3377525Z The following NEW packages will be installed:
2026-03-12T23:05:34.3382481Z   libmsgsl-dev
2026-03-12T23:05:34.7675761Z 0 upgraded, 1 newly installed, 0 to remove and 7 not upgraded.
2026-03-12T23:05:34.7676198Z Need to get 25.9 kB of archives.
2026-03-12T23:05:34.7676577Z After this operation, 136 kB of additional disk space will be used.
2026-03-12T23:05:34.7677221Z Get:1 http://archive.ubuntu.com/ubuntu jammy/universe amd64 libmsgsl-dev all 4.0.0-2 [25.9 kB]
2026-03-12T23:05:35.0503803Z debconf: delaying package configuration, since apt-utils is not installed
2026-03-12T23:05:35.0768873Z Fetched 25.9 kB in 1s (43.5 kB/s)
2026-03-12T23:05:35.0885567Z Selecting previously unselected package libmsgsl-dev.
2026-03-12T23:05:35.0916094Z (Reading database ...
2026-03-12T23:05:35.0916685Z (Reading database ... 5%
2026-03-12T23:05:35.0917167Z (Reading database ... 10%
2026-03-12T23:05:35.0917668Z (Reading database ... 15%
2026-03-12T23:05:35.0918493Z (Reading database ... 20%
2026-03-12T23:05:35.0919069Z (Reading database ... 25%
2026-03-12T23:05:35.0919613Z (Reading database ... 30%
2026-03-12T23:05:35.0920208Z (Reading database ... 35%
2026-03-12T23:05:35.0920629Z (Reading database ... 40%
2026-03-12T23:05:35.0920917Z (Reading database ... 45%
2026-03-12T23:05:35.0921193Z (Reading database ... 50%
2026-03-12T23:05:35.0921474Z (Reading database ... 55%
2026-03-12T23:05:35.0921749Z (Reading database ... 60%
2026-03-12T23:05:35.0946646Z (Reading database ... 65%
2026-03-12T23:05:35.0958925Z (Reading database ... 70%
2026-03-12T23:05:35.0976402Z (Reading database ... 75%
2026-03-12T23:05:35.0985871Z (Reading database ... 80%
2026-03-12T23:05:35.1000210Z (Reading database ... 85%
2026-03-12T23:05:35.1029568Z (Reading database ... 90%
2026-03-12T23:05:35.1079413Z (Reading database ... 95%
2026-03-12T23:05:35.1079748Z (Reading database ... 100%
2026-03-12T23:05:35.1080494Z (Reading database ... 44008 files and directories currently installed.)
2026-03-12T23:05:35.1091708Z Preparing to unpack .../libmsgsl-dev_4.0.0-2_all.deb ...
2026-03-12T23:05:35.1103168Z Unpacking libmsgsl-dev (4.0.0-2) ...
2026-03-12T23:05:35.1338979Z Setting up libmsgsl-dev (4.0.0-2) ...
2026-03-12T23:05:36.0885853Z Reading package lists...
2026-03-12T23:05:36.3046990Z Building dependency tree...
2026-03-12T23:05:36.3047572Z Reading state information...
2026-03-12T23:05:36.4725938Z file is already the newest version (1:5.41-3ubuntu0.1).
2026-03-12T23:05:36.4726628Z 0 upgraded, 0 newly installed, 0 to remove and 7 not upgraded.
2026-03-12T23:05:36.4759256Z /tmp/gtest /__w/iot-hub-device-update/iot-hub-device-update/.workspace/do
2026-03-12T23:05:36.4772228Z Cloning into '.'...
2026-03-12T23:05:38.4850602Z Note: switching to 'v1.13.0'.
2026-03-12T23:05:38.4850952Z
2026-03-12T23:05:38.4851255Z You are in 'detached HEAD' state. You can look around, make experimental
2026-03-12T23:05:38.4852012Z changes and commit them, and you can discard any commits you make in this
2026-03-12T23:05:38.4852791Z state without impacting any branches by switching back to a branch.
2026-03-12T23:05:38.4853214Z
2026-03-12T23:05:38.4853479Z If you want to create a new branch to retain commits you create, you may
2026-03-12T23:05:38.4854143Z do so (now or later) by using -c with the switch command. Example:
2026-03-12T23:05:38.4854532Z
2026-03-12T23:05:38.4854666Z   git switch -c <new-branch-name>
2026-03-12T23:05:38.4854935Z
2026-03-12T23:05:38.4855069Z Or undo this operation with:
2026-03-12T23:05:38.4855362Z
2026-03-12T23:05:38.4855476Z   git switch -
2026-03-12T23:05:38.4855993Z
2026-03-12T23:05:38.4856324Z Turn off this advice by setting config variable advice.detachedHead to false
2026-03-12T23:05:38.4856831Z
2026-03-12T23:05:38.4857132Z HEAD is now at b796f7d4 Bump version to 1.13.0 in preparation for release
2026-03-12T23:05:38.5383284Z -- The C compiler identification is GNU 11.4.0
2026-03-12T23:05:38.5909706Z -- The CXX compiler identification is GNU 11.4.0
2026-03-12T23:05:38.5981391Z -- Detecting C compiler ABI info
2026-03-12T23:05:38.6628094Z -- Detecting C compiler ABI info - done
2026-03-12T23:05:38.6694747Z -- Check for working C compiler: /usr/bin/gcc - skipped
2026-03-12T23:05:38.6698471Z -- Detecting C compile features
2026-03-12T23:05:38.6704011Z -- Detecting C compile features - done
2026-03-12T23:05:38.6737049Z -- Detecting CXX compiler ABI info
2026-03-12T23:05:38.7483944Z -- Detecting CXX compiler ABI info - done
2026-03-12T23:05:38.7553433Z -- Check for working CXX compiler: /usr/bin/g++ - skipped
2026-03-12T23:05:38.7557181Z -- Detecting CXX compile features
2026-03-12T23:05:38.7562839Z -- Detecting CXX compile features - done
2026-03-12T23:05:38.8801329Z -- Found Python: /usr/bin/python3.10 (found version "3.10.12") found components: Interpreter
2026-03-12T23:05:38.8814956Z -- Looking for pthread.h
2026-03-12T23:05:38.9475154Z -- Looking for pthread.h - found
2026-03-12T23:05:38.9477629Z -- Performing Test CMAKE_HAVE_LIBC_PTHREAD
2026-03-12T23:05:39.0152544Z -- Performing Test CMAKE_HAVE_LIBC_PTHREAD - Success
2026-03-12T23:05:39.0163635Z -- Found Threads: TRUE
2026-03-12T23:05:39.0217732Z -- Configuring done
2026-03-12T23:05:39.0316861Z -- Generating done
2026-03-12T23:05:39.0332758Z -- Build files have been written to: /tmp/gtest/cmake
2026-03-12T23:05:39.0729262Z [ 12%] Building CXX object googletest/CMakeFiles/gtest.dir/src/gtest-all.cc.o
2026-03-12T23:05:42.1726136Z [ 25%] Linking CXX static library ../lib/libgtest.a
2026-03-12T23:05:42.2685367Z [ 25%] Built target gtest
2026-03-12T23:05:42.2870511Z [ 37%] Building CXX object googlemock/CMakeFiles/gmock.dir/src/gmock-all.cc.o
2026-03-12T23:05:43.8578903Z [ 50%] Linking CXX static library ../lib/libgmock.a
2026-03-12T23:05:43.9280296Z [ 50%] Built target gmock
2026-03-12T23:05:43.9462176Z [ 62%] Building CXX object googlemock/CMakeFiles/gmock_main.dir/src/gmock_main.cc.o
2026-03-12T23:05:44.8468734Z [ 75%] Linking CXX static library ../lib/libgmock_main.a
2026-03-12T23:05:44.9051825Z [ 75%] Built target gmock_main
2026-03-12T23:05:44.9236698Z [ 87%] Building CXX object googletest/CMakeFiles/gtest_main.dir/src/gtest_main.cc.o
2026-03-12T23:05:45.6226048Z [100%] Linking CXX static library ../lib/libgtest_main.a
2026-03-12T23:05:45.6821218Z [100%] Built target gtest_main
2026-03-12T23:05:45.7198832Z Consolidate compiler generated dependencies of target gtest
2026-03-12T23:05:45.7318991Z [ 25%] Built target gtest
2026-03-12T23:05:45.7439400Z Consolidate compiler generated dependencies of target gmock
2026-03-12T23:05:45.7554703Z [ 50%] Built target gmock
2026-03-12T23:05:45.7674349Z Consolidate compiler generated dependencies of target gmock_main
2026-03-12T23:05:45.7788477Z [ 75%] Built target gmock_main
2026-03-12T23:05:45.7905442Z Consolidate compiler generated dependencies of target gtest_main
2026-03-12T23:05:45.8021772Z [100%] Built target gtest_main
2026-03-12T23:05:45.8180099Z Install the project...
2026-03-12T23:05:45.8252989Z -- Install configuration: ""
2026-03-12T23:05:45.8256517Z -- Up-to-date: /usr/local/include
2026-03-12T23:05:45.8257533Z -- Installing: /usr/local/include/gmock
2026-03-12T23:05:45.8259020Z -- Installing: /usr/local/include/gmock/gmock-spec-builders.h
2026-03-12T23:05:45.8263700Z -- Installing: /usr/local/include/gmock/gmock-nice-strict.h
2026-03-12T23:05:45.8266478Z -- Installing: /usr/local/include/gmock/gmock.h
2026-03-12T23:05:45.8269460Z -- Installing: /usr/local/include/gmock/gmock-matchers.h
2026-03-12T23:05:45.8275422Z -- Installing: /usr/local/include/gmock/gmock-more-actions.h
2026-03-12T23:05:45.8278789Z -- Installing: /usr/local/include/gmock/internal
2026-03-12T23:05:45.8280513Z -- Installing: /usr/local/include/gmock/internal/gmock-port.h
2026-03-12T23:05:45.8283642Z -- Installing: /usr/local/include/gmock/internal/gmock-pp.h
2026-03-12T23:05:45.8286951Z -- Installing: /usr/local/include/gmock/internal/gmock-internal-utils.h
2026-03-12T23:05:45.8290678Z -- Installing: /usr/local/include/gmock/internal/custom
2026-03-12T23:05:45.8291636Z -- Installing: /usr/local/include/gmock/internal/custom/README.md
2026-03-12T23:05:45.8295070Z -- Installing: /usr/local/include/gmock/internal/custom/gmock-matchers.h
2026-03-12T23:05:45.8298112Z -- Installing: /usr/local/include/gmock/internal/custom/gmock-generated-actions.h
2026-03-12T23:05:45.8301044Z -- Installing: /usr/local/include/gmock/internal/custom/gmock-port.h
2026-03-12T23:05:45.8303901Z -- Installing: /usr/local/include/gmock/gmock-function-mocker.h
2026-03-12T23:05:45.8306848Z -- Installing: /usr/local/include/gmock/gmock-more-matchers.h
2026-03-12T23:05:45.8309567Z -- Installing: /usr/local/include/gmock/gmock-actions.h
2026-03-12T23:05:45.8313443Z -- Installing: /usr/local/include/gmock/gmock-cardinalities.h
2026-03-12T23:05:45.8316458Z -- Installing: /usr/local/lib/libgmock.a
2026-03-12T23:05:45.8331274Z -- Installing: /usr/local/lib/libgmock_main.a
2026-03-12T23:05:45.8335119Z -- Installing: /usr/local/lib/pkgconfig/gmock.pc
2026-03-12T23:05:45.8338488Z -- Installing: /usr/local/lib/pkgconfig/gmock_main.pc
2026-03-12T23:05:45.8344971Z -- Installing: /usr/local/lib/cmake/GTest/GTestTargets.cmake
2026-03-12T23:05:45.8348012Z -- Installing: /usr/local/lib/cmake/GTest/GTestTargets-noconfig.cmake
2026-03-12T23:05:45.8351386Z -- Installing: /usr/local/lib/cmake/GTest/GTestConfigVersion.cmake
2026-03-12T23:05:45.8354250Z -- Installing: /usr/local/lib/cmake/GTest/GTestConfig.cmake
2026-03-12T23:05:45.8357269Z -- Up-to-date: /usr/local/include
2026-03-12T23:05:45.8358439Z -- Installing: /usr/local/include/gtest
2026-03-12T23:05:45.8360523Z -- Installing: /usr/local/include/gtest/gtest-typed-test.h
2026-03-12T23:05:45.8363708Z -- Installing: /usr/local/include/gtest/gtest-param-test.h
2026-03-12T23:05:45.8366901Z -- Installing: /usr/local/include/gtest/gtest.h
2026-03-12T23:05:45.8371242Z -- Installing: /usr/local/include/gtest/gtest-matchers.h
2026-03-12T23:05:45.8375174Z -- Installing: /usr/local/include/gtest/gtest-printers.h
2026-03-12T23:05:45.8378586Z -- Installing: /usr/local/include/gtest/gtest-spi.h
2026-03-12T23:05:45.8381887Z -- Installing: /usr/local/include/gtest/gtest_pred_impl.h
2026-03-12T23:05:45.8384789Z -- Installing: /usr/local/include/gtest/gtest_prod.h
2026-03-12T23:05:45.8387517Z -- Installing: /usr/local/include/gtest/internal
2026-03-12T23:05:45.8389800Z -- Installing: /usr/local/include/gtest/internal/gtest-filepath.h
2026-03-12T23:05:45.8392732Z -- Installing: /usr/local/include/gtest/internal/gtest-internal.h
2026-03-12T23:05:45.8396494Z -- Installing: /usr/local/include/gtest/internal/gtest-param-util.h
2026-03-12T23:05:45.8399866Z -- Installing: /usr/local/include/gtest/internal/gtest-port-arch.h
2026-03-12T23:05:45.8403132Z -- Installing: /usr/local/include/gtest/internal/gtest-death-test-internal.h
2026-03-12T23:05:45.8405929Z -- Installing: /usr/local/include/gtest/internal/gtest-port.h
2026-03-12T23:05:45.8409844Z -- Installing: /usr/local/include/gtest/internal/gtest-type-util.h
2026-03-12T23:05:45.8412921Z -- Installing: /usr/local/include/gtest/internal/gtest-string.h
2026-03-12T23:05:45.8415788Z -- Installing: /usr/local/include/gtest/internal/custom
2026-03-12T23:05:45.8417345Z -- Installing: /usr/local/include/gtest/internal/custom/README.md
2026-03-12T23:05:45.8421164Z -- Installing: /usr/local/include/gtest/internal/custom/gtest.h
2026-03-12T23:05:45.8423110Z -- Installing: /usr/local/include/gtest/internal/custom/gtest-printers.h
2026-03-12T23:05:45.8426374Z -- Installing: /usr/local/include/gtest/internal/custom/gtest-port.h
2026-03-12T23:05:45.8428960Z -- Installing: /usr/local/include/gtest/gtest-death-test.h
2026-03-12T23:05:45.8432202Z -- Installing: /usr/local/include/gtest/gtest-test-part.h
2026-03-12T23:05:45.8435434Z -- Installing: /usr/local/include/gtest/gtest-assertion-result.h
2026-03-12T23:05:45.8438260Z -- Installing: /usr/local/include/gtest/gtest-message.h
2026-03-12T23:05:45.8442011Z -- Installing: /usr/local/lib/libgtest.a
2026-03-12T23:05:45.8479889Z -- Installing: /usr/local/lib/libgtest_main.a
2026-03-12T23:05:45.8483319Z -- Installing: /usr/local/lib/pkgconfig/gtest.pc
2026-03-12T23:05:45.8486927Z -- Installing: /usr/local/lib/pkgconfig/gtest_main.pc
2026-03-12T23:05:45.8506512Z /__w/iot-hub-device-update/iot-hub-device-update/.workspace/do
2026-03-12T23:05:45.8690880Z [INFO] Finished bootstrapping
2026-03-12T23:05:45.9209628Z -- The C compiler identification is GNU 11.4.0
2026-03-12T23:05:45.9726892Z -- The CXX compiler identification is GNU 11.4.0
2026-03-12T23:05:45.9798689Z -- Detecting C compiler ABI info
2026-03-12T23:05:46.0431059Z -- Detecting C compiler ABI info - done
2026-03-12T23:05:46.0502400Z -- Check for working C compiler: /usr/bin/gcc - skipped
2026-03-12T23:05:46.0505370Z -- Detecting C compile features
2026-03-12T23:05:46.0509896Z -- Detecting C compile features - done
2026-03-12T23:05:46.0542704Z -- Detecting CXX compiler ABI info
2026-03-12T23:05:46.1281231Z -- Detecting CXX compiler ABI info - done
2026-03-12T23:05:46.1351139Z -- Check for working CXX compiler: /usr/bin/g++ - skipped
2026-03-12T23:05:46.1355105Z -- Detecting CXX compile features
2026-03-12T23:05:46.1360613Z -- Detecting CXX compile features - done
2026-03-12T23:05:46.1368641Z -- DO Platform: Linux
2026-03-12T23:05:46.1369009Z -- DO Interface: REST
2026-03-12T23:05:46.1369449Z -- DO Client: Agent
2026-03-12T23:05:46.1369736Z CMake Warning at CMakeLists.txt:96 (message):
2026-03-12T23:05:46.1370416Z   /lib is a symlink and /include does not exist.  Updating CMAKE_PREFIX_PATH
2026-03-12T23:05:46.1370815Z   to /usr.
2026-03-12T23:05:46.1370919Z
2026-03-12T23:05:46.1370923Z
2026-03-12T23:05:46.1373977Z -- Using builder name: DU
2026-03-12T23:05:46.1374510Z -- NOTE: Please modify builder name if modifying project source
2026-03-12T23:05:46.1374999Z -- Build timestamp NOT found. Generated it via cmake: 20260312.230546.
2026-03-12T23:05:46.1375385Z -- Including subproject sdk-cpp
2026-03-12T23:05:46.1424520Z -- Found Boost: /usr/lib/x86_64-linux-gnu/cmake/Boost-1.74.0/BoostConfig.cmake (found version "1.74.0")
2026-03-12T23:05:46.1472200Z -- Found Git: /usr/bin/git (found version "2.34.1")
2026-03-12T23:05:46.1536775Z Compiler identified: GNU - 11.4.0
2026-03-12T23:05:46.1567265Z -- Configuring done
2026-03-12T23:05:46.1670369Z -- Generating done
2026-03-12T23:05:46.1684798Z -- Build files have been written to: /__w/iot-hub-device-update/iot-hub-device-update/.workspace/do/cmake
2026-03-12T23:05:46.1804950Z /usr/bin/cmake -S/__w/iot-hub-device-update/iot-hub-device-update/.workspace/do -B/__w/iot-hub-device-update/iot-hub-device-update/.workspace/do/cmake --check-build-system CMakeFiles/Makefile.cmake 0
2026-03-12T23:05:46.1889233Z /usr/bin/cmake -E cmake_progress_start /__w/iot-hub-device-update/iot-hub-device-update/.workspace/do/cmake/CMakeFiles /__w/iot-hub-device-update/iot-hub-device-update/.workspace/do/cmake//CMakeFiles/progress.marks
2026-03-12T23:05:46.1957177Z /usr/bin/gmake  -f CMakeFiles/Makefile2 all
2026-03-12T23:05:46.1968051Z gmake[1]: Entering directory '/__w/iot-hub-device-update/iot-hub-device-update/.workspace/do/cmake'
2026-03-12T23:05:46.1969409Z /usr/bin/gmake  -f sdk-cpp/common/lib-doversion/CMakeFiles/doversion.dir/build.make sdk-cpp/common/lib-doversion/CMakeFiles/doversion.dir/depend
2026-03-12T23:05:46.1978696Z gmake[2]: Entering directory '/__w/iot-hub-device-update/iot-hub-device-update/.workspace/do/cmake'
2026-03-12T23:05:46.1981771Z cd /__w/iot-hub-device-update/iot-hub-device-update/.workspace/do/cmake && /usr/bin/cmake -E cmake_depends "Unix Makefiles" /__w/iot-hub-device-update/iot-hub-device-update/.workspace/do /__w/iot-hub-device-update/iot-hub-device-update/.workspace/do/common/lib-doversion /__w/iot-hub-device-update/iot-hub-device-update/.workspace/do/cmake /__w/iot-hub-device-update/iot-hub-device-update/.workspace/do/cmake/sdk-cpp/common/lib-doversion /__w/iot-hub-device-update/iot-hub-device-update/.workspace/do/cmake/sdk-cpp/common/lib-doversion/CMakeFiles/doversion.dir/DependInfo.cmake --color=
2026-03-12T23:05:46.2057075Z gmake[2]: Leaving directory '/__w/iot-hub-device-update/iot-hub-device-update/.workspace/do/cmake'
2026-03-12T23:05:46.2058883Z /usr/bin/gmake  -f sdk-cpp/common/lib-doversion/CMakeFiles/doversion.dir/build.make sdk-cpp/common/lib-doversion/CMakeFiles/doversion.dir/build
2026-03-12T23:05:46.2069147Z gmake[2]: Entering directory '/__w/iot-hub-device-update/iot-hub-device-update/.workspace/do/cmake'
2026-03-12T23:05:46.2135818Z [  4%] Building CXX object sdk-cpp/common/lib-doversion/CMakeFiles/doversion.dir/do_version.cpp.o
2026-03-12T23:05:46.2148971Z cd /__w/iot-hub-device-update/iot-hub-device-update/.workspace/do/cmake/sdk-cpp/common/lib-doversion && /usr/bin/g++ -DDO_VER_BUILDER_IDENTIFIER=\"DU\" -DDO_VER_BUILD_TIME=\"20260312.230546\" -DDO_VER_COMPONENT_NAME=\"deliveryoptimization-lib\" -DDO_VER_COMPONENT_VERSION=\"1.1.1\" -DDO_VER_GIT_HEAD_NAME=\"develop\" -DDO_VER_GIT_HEAD_REVISION=\"3f05fab\"  -Wall -fPIE -pie -D_FORTIFY_SOURCE=2 -fstack-protector-strong -Wformat -Werror=format-security -Wreturn-local-addr -fmerge-all-constants -O3 -DNDEBUG -fPIC -std=c++17 -MD -MT sdk-cpp/common/lib-doversion/CMakeFiles/doversion.dir/do_version.cpp.o -MF CMakeFiles/doversion.dir/do_version.cpp.o.d -o CMakeFiles/doversion.dir/do_version.cpp.o -c /__w/iot-hub-device-update/iot-hub-device-update/.workspace/do/common/lib-doversion/do_version.cpp
2026-03-12T23:05:46.4688598Z [  9%] Linking CXX static library libdoversion.a
2026-03-12T23:05:46.4698070Z cd /__w/iot-hub-device-update/iot-hub-device-update/.workspace/do/cmake/sdk-cpp/common/lib-doversion && /usr/bin/cmake -P CMakeFiles/doversion.dir/cmake_clean_target.cmake
2026-03-12T23:05:46.4778289Z cd /__w/iot-hub-device-update/iot-hub-device-update/.workspace/do/cmake/sdk-cpp/common/lib-doversion && /usr/bin/cmake -E cmake_link_script CMakeFiles/doversion.dir/link.txt --verbose=1
2026-03-12T23:05:46.4844013Z /usr/bin/ar qc libdoversion.a CMakeFiles/doversion.dir/do_version.cpp.o
2026-03-12T23:05:46.5016625Z /usr/bin/ranlib libdoversion.a
2026-03-12T23:05:46.5198551Z gmake[2]: Leaving directory '/__w/iot-hub-device-update/iot-hub-device-update/.workspace/do/cmake'
2026-03-12T23:05:46.5274129Z [  9%] Built target doversion
2026-03-12T23:05:46.5284223Z /usr/bin/gmake  -f sdk-cpp/common/lib-dohttp/CMakeFiles/dohttp.dir/build.make sdk-cpp/common/lib-dohttp/CMakeFiles/dohttp.dir/depend
2026-03-12T23:05:46.5296849Z gmake[2]: Entering directory '/__w/iot-hub-device-update/iot-hub-device-update/.workspace/do/cmake'
2026-03-12T23:05:46.5300419Z cd /__w/iot-hub-device-update/iot-hub-device-update/.workspace/do/cmake && /usr/bin/cmake -E cmake_depends "Unix Makefiles" /__w/iot-hub-device-update/iot-hub-device-update/.workspace/do /__w/iot-hub-device-update/iot-hub-device-update/.workspace/do/common/lib-dohttp /__w/iot-hub-device-update/iot-hub-device-update/.workspace/do/cmake /__w/iot-hub-device-update/iot-hub-device-update/.workspace/do/cmake/sdk-cpp/common/lib-dohttp /__w/iot-hub-device-update/iot-hub-device-update/.workspace/do/cmake/sdk-cpp/common/lib-dohttp/CMakeFiles/dohttp.dir/DependInfo.cmake --color=
2026-03-12T23:05:46.5376075Z gmake[2]: Leaving directory '/__w/iot-hub-device-update/iot-hub-device-update/.workspace/do/cmake'
2026-03-12T23:05:46.5377978Z /usr/bin/gmake  -f sdk-cpp/common/lib-dohttp/CMakeFiles/dohttp.dir/build.make sdk-cpp/common/lib-dohttp/CMakeFiles/dohttp.dir/build
2026-03-12T23:05:46.5389012Z gmake[2]: Entering directory '/__w/iot-hub-device-update/iot-hub-device-update/.workspace/do/cmake'
2026-03-12T23:05:46.5455998Z [ 14%] Building CXX object sdk-cpp/common/lib-dohttp/CMakeFiles/dohttp.dir/do_cpprest_uri_builder.cpp.o
2026-03-12T23:05:46.5467843Z cd /__w/iot-hub-device-update/iot-hub-device-update/.workspace/do/cmake/sdk-cpp/common/lib-dohttp && /usr/bin/g++   -Wall -fPIE -pie -D_FORTIFY_SOURCE=2 -fstack-protector-strong -Wformat -Werror=format-security -Wreturn-local-addr -fmerge-all-constants -O3 -DNDEBUG -fPIC -std=c++17 -MD -MT sdk-cpp/common/lib-dohttp/CMakeFiles/dohttp.dir/do_cpprest_uri_builder.cpp.o -MF CMakeFiles/dohttp.dir/do_cpprest_uri_builder.cpp.o.d -o CMakeFiles/dohttp.dir/do_cpprest_uri_builder.cpp.o -c /__w/iot-hub-device-update/iot-hub-device-update/.workspace/do/common/lib-dohttp/do_cpprest_uri_builder.cpp
2026-03-12T23:05:46.9587257Z [ 19%] Building CXX object sdk-cpp/common/lib-dohttp/CMakeFiles/dohttp.dir/do_cpprest_uri.cpp.o
2026-03-12T23:05:46.9598169Z cd /__w/iot-hub-device-update/iot-hub-device-update/.workspace/do/cmake/sdk-cpp/common/lib-dohttp && /usr/bin/g++   -Wall -fPIE -pie -D_FORTIFY_SOURCE=2 -fstack-protector-strong -Wformat -Werror=format-security -Wreturn-local-addr -fmerge-all-constants -O3 -DNDEBUG -fPIC -std=c++17 -MD -MT sdk-cpp/common/lib-dohttp/CMakeFiles/dohttp.dir/do_cpprest_uri.cpp.o -MF CMakeFiles/dohttp.dir/do_cpprest_uri.cpp.o.d -o CMakeFiles/dohttp.dir/do_cpprest_uri.cpp.o -c /__w/iot-hub-device-update/iot-hub-device-update/.workspace/do/common/lib-dohttp/do_cpprest_uri.cpp
2026-03-12T23:05:48.0615414Z [ 23%] Building CXX object sdk-cpp/common/lib-dohttp/CMakeFiles/dohttp.dir/do_cpprest_utils.cpp.o
2026-03-12T23:05:48.0627608Z cd /__w/iot-hub-device-update/iot-hub-device-update/.workspace/do/cmake/sdk-cpp/common/lib-dohttp && /usr/bin/g++   -Wall -fPIE -pie -D_FORTIFY_SOURCE=2 -fstack-protector-strong -Wformat -Werror=format-security -Wreturn-local-addr -fmerge-all-constants -O3 -DNDEBUG -fPIC -std=c++17 -MD -MT sdk-cpp/common/lib-dohttp/CMakeFiles/dohttp.dir/do_cpprest_utils.cpp.o -MF CMakeFiles/dohttp.dir/do_cpprest_utils.cpp.o.d -o CMakeFiles/dohttp.dir/do_cpprest_utils.cpp.o -c /__w/iot-hub-device-update/iot-hub-device-update/.workspace/do/common/lib-dohttp/do_cpprest_utils.cpp
2026-03-12T23:05:48.3011217Z [ 28%] Building CXX object sdk-cpp/common/lib-dohttp/CMakeFiles/dohttp.dir/do_http_defines.cpp.o
2026-03-12T23:05:48.3023433Z cd /__w/iot-hub-device-update/iot-hub-device-update/.workspace/do/cmake/sdk-cpp/common/lib-dohttp && /usr/bin/g++   -Wall -fPIE -pie -D_FORTIFY_SOURCE=2 -fstack-protector-strong -Wformat -Werror=format-security -Wreturn-local-addr -fmerge-all-constants -O3 -DNDEBUG -fPIC -std=c++17 -MD -MT sdk-cpp/common/lib-dohttp/CMakeFiles/dohttp.dir/do_http_defines.cpp.o -MF CMakeFiles/dohttp.dir/do_http_defines.cpp.o.d -o CMakeFiles/dohttp.dir/do_http_defines.cpp.o -c /__w/iot-hub-device-update/iot-hub-device-update/.workspace/do/common/lib-dohttp/do_http_defines.cpp
2026-03-12T23:05:48.3193198Z [ 33%] Building CXX object sdk-cpp/common/lib-dohttp/CMakeFiles/dohttp.dir/do_http_parser.cpp.o
2026-03-12T23:05:48.3205045Z cd /__w/iot-hub-device-update/iot-hub-device-update/.workspace/do/cmake/sdk-cpp/common/lib-dohttp && /usr/bin/g++   -Wall -fPIE -pie -D_FORTIFY_SOURCE=2 -fstack-protector-strong -Wformat -Werror=format-security -Wreturn-local-addr -fmerge-all-constants -O3 -DNDEBUG -fPIC -std=c++17 -MD -MT sdk-cpp/common/lib-dohttp/CMakeFiles/dohttp.dir/do_http_parser.cpp.o -MF CMakeFiles/dohttp.dir/do_http_parser.cpp.o.d -o CMakeFiles/dohttp.dir/do_http_parser.cpp.o -c /__w/iot-hub-device-update/iot-hub-device-update/.workspace/do/common/lib-dohttp/do_http_parser.cpp
2026-03-12T23:05:51.3324278Z [ 38%] Linking CXX static library libdohttp.a
2026-03-12T23:05:51.3334636Z cd /__w/iot-hub-device-update/iot-hub-device-update/.workspace/do/cmake/sdk-cpp/common/lib-dohttp && /usr/bin/cmake -P CMakeFiles/dohttp.dir/cmake_clean_target.cmake
2026-03-12T23:05:51.3418461Z cd /__w/iot-hub-device-update/iot-hub-device-update/.workspace/do/cmake/sdk-cpp/common/lib-dohttp && /usr/bin/cmake -E cmake_link_script CMakeFiles/dohttp.dir/link.txt --verbose=1
2026-03-12T23:05:51.3487281Z /usr/bin/ar qc libdohttp.a CMakeFiles/dohttp.dir/do_cpprest_uri_builder.cpp.o CMakeFiles/dohttp.dir/do_cpprest_uri.cpp.o CMakeFiles/dohttp.dir/do_cpprest_utils.cpp.o CMakeFiles/dohttp.dir/do_http_defines.cpp.o CMakeFiles/dohttp.dir/do_http_parser.cpp.o
2026-03-12T23:05:51.3691416Z /usr/bin/ranlib libdohttp.a
2026-03-12T23:05:51.3901787Z gmake[2]: Leaving directory '/__w/iot-hub-device-update/iot-hub-device-update/.workspace/do/cmake'
2026-03-12T23:05:51.3978253Z [ 38%] Built target dohttp
2026-03-12T23:05:51.3988614Z /usr/bin/gmake  -f sdk-cpp/CMakeFiles/deliveryoptimization.dir/build.make sdk-cpp/CMakeFiles/deliveryoptimization.dir/depend
2026-03-12T23:05:51.4001455Z gmake[2]: Entering directory '/__w/iot-hub-device-update/iot-hub-device-update/.workspace/do/cmake'
2026-03-12T23:05:51.4004317Z cd /__w/iot-hub-device-update/iot-hub-device-update/.workspace/do/cmake && /usr/bin/cmake -E cmake_depends "Unix Makefiles" /__w/iot-hub-device-update/iot-hub-device-update/.workspace/do /__w/iot-hub-device-update/iot-hub-device-update/.workspace/do/sdk-cpp /__w/iot-hub-device-update/iot-hub-device-update/.workspace/do/cmake /__w/iot-hub-device-update/iot-hub-device-update/.workspace/do/cmake/sdk-cpp /__w/iot-hub-device-update/iot-hub-device-update/.workspace/do/cmake/sdk-cpp/CMakeFiles/deliveryoptimization.dir/DependInfo.cmake --color=
2026-03-12T23:05:51.4084874Z gmake[2]: Leaving directory '/__w/iot-hub-device-update/iot-hub-device-update/.workspace/do/cmake'
2026-03-12T23:05:51.4086744Z /usr/bin/gmake  -f sdk-cpp/CMakeFiles/deliveryoptimization.dir/build.make sdk-cpp/CMakeFiles/deliveryoptimization.dir/build
2026-03-12T23:05:51.4100267Z gmake[2]: Entering directory '/__w/iot-hub-device-update/iot-hub-device-update/.workspace/do/cmake'
2026-03-12T23:05:51.4169716Z [ 42%] Building CXX object sdk-cpp/CMakeFiles/deliveryoptimization.dir/src/do_config.cpp.o
2026-03-12T23:05:51.4187405Z cd /__w/iot-hub-device-update/iot-hub-device-update/.workspace/do/cmake/sdk-cpp && /usr/bin/g++ -DBOOST_ERROR_CODE_HEADER_ONLY -DBOOST_SYSTEM_NO_DEPRECATED -DDOSVC_BIN_NAME=\"deliveryoptimization-agent\" -DDO_CLIENT_AGENT=1 -DDO_ENABLE_EXCEPTIONS -DDO_INTERFACE_REST=1 -DDO_PLATFORM_LINUX=1 -DDO_PLUGIN_APT_BIN_NAME=\"deliveryoptimization-plugin-apt\" -Ddeliveryoptimization_EXPORTS -I/__w/iot-hub-device-update/iot-hub-device-update/.workspace/do/sdk-cpp/include -I/__w/iot-hub-device-update/iot-hub-device-update/.workspace/do/sdk-cpp/src/internal/rest -I/__w/iot-hub-device-update/iot-hub-device-update/.workspace/do/sdk-cpp/src/internal/rest/util -I/__w/iot-hub-device-update/iot-hub-device-update/.workspace/do/sdk-cpp/src/internal -I/__w/iot-hub-device-update/iot-hub-device-update/.workspace/do/common/lib-doversion -I/__w/iot-hub-device-update/iot-hub-device-update/.workspace/do/common/lib-dohttp -Wall -fPIE -pie -D_FORTIFY_SOURCE=2 -fstack-protector-strong -Wformat -Werror=format-security -Wreturn-local-addr -fmerge-all-constants -O3 -DNDEBUG -fPIC -std=c++17 -MD -MT sdk-cpp/CMakeFiles/deliveryoptimization.dir/src/do_config.cpp.o -MF CMakeFiles/deliveryoptimization.dir/src/do_config.cpp.o.d -o CMakeFiles/deliveryoptimization.dir/src/do_config.cpp.o -c /__w/iot-hub-device-update/iot-hub-device-update/.workspace/do/sdk-cpp/src/do_config.cpp
2026-03-12T23:05:51.4408689Z [ 47%] Building CXX object sdk-cpp/CMakeFiles/deliveryoptimization.dir/src/do_download.cpp.o
2026-03-12T23:05:51.4427154Z cd /__w/iot-hub-device-update/iot-hub-device-update/.workspace/do/cmake/sdk-cpp && /usr/bin/g++ -DBOOST_ERROR_CODE_HEADER_ONLY -DBOOST_SYSTEM_NO_DEPRECATED -DDOSVC_BIN_NAME=\"deliveryoptimization-agent\" -DDO_CLIENT_AGENT=1 -DDO_ENABLE_EXCEPTIONS -DDO_INTERFACE_REST=1 -DDO_PLATFORM_LINUX=1 -DDO_PLUGIN_APT_BIN_NAME=\"deliveryoptimization-plugin-apt\" -Ddeliveryoptimization_EXPORTS -I/__w/iot-hub-device-update/iot-hub-device-update/.workspace/do/sdk-cpp/include -I/__w/iot-hub-device-update/iot-hub-device-update/.workspace/do/sdk-cpp/src/internal/rest -I/__w/iot-hub-device-update/iot-hub-device-update/.workspace/do/sdk-cpp/src/internal/rest/util -I/__w/iot-hub-device-update/iot-hub-device-update/.workspace/do/sdk-cpp/src/internal -I/__w/iot-hub-device-update/iot-hub-device-update/.workspace/do/common/lib-doversion -I/__w/iot-hub-device-update/iot-hub-device-update/.workspace/do/common/lib-dohttp -Wall -fPIE -pie -D_FORTIFY_SOURCE=2 -fstack-protector-strong -Wformat -Werror=format-security -Wreturn-local-addr -fmerge-all-constants -O3 -DNDEBUG -fPIC -std=c++17 -MD -MT sdk-cpp/CMakeFiles/deliveryoptimization.dir/src/do_download.cpp.o -MF CMakeFiles/deliveryoptimization.dir/src/do_download.cpp.o.d -o CMakeFiles/deliveryoptimization.dir/src/do_download.cpp.o -c /__w/iot-hub-device-update/iot-hub-device-update/.workspace/do/sdk-cpp/src/do_download.cpp
2026-03-12T23:05:51.9518538Z [ 52%] Building CXX object sdk-cpp/CMakeFiles/deliveryoptimization.dir/src/do_download_property.cpp.o
2026-03-12T23:05:51.9533821Z cd /__w/iot-hub-device-update/iot-hub-device-update/.workspace/do/cmake/sdk-cpp && /usr/bin/g++ -DBOOST_ERROR_CODE_HEADER_ONLY -DBOOST_SYSTEM_NO_DEPRECATED -DDOSVC_BIN_NAME=\"deliveryoptimization-agent\" -DDO_CLIENT_AGENT=1 -DDO_ENABLE_EXCEPTIONS -DDO_INTERFACE_REST=1 -DDO_PLATFORM_LINUX=1 -DDO_PLUGIN_APT_BIN_NAME=\"deliveryoptimization-plugin-apt\" -Ddeliveryoptimization_EXPORTS -I/__w/iot-hub-device-update/iot-hub-device-update/.workspace/do/sdk-cpp/include -I/__w/iot-hub-device-update/iot-hub-device-update/.workspace/do/sdk-cpp/src/internal/rest -I/__w/iot-hub-device-update/iot-hub-device-update/.workspace/do/sdk-cpp/src/internal/rest/util -I/__w/iot-hub-device-update/iot-hub-device-update/.workspace/do/sdk-cpp/src/internal -I/__w/iot-hub-device-update/iot-hub-device-update/.workspace/do/common/lib-doversion -I/__w/iot-hub-device-update/iot-hub-device-update/.workspace/do/common/lib-dohttp -Wall -fPIE -pie -D_FORTIFY_SOURCE=2 -fstack-protector-strong -Wformat -Werror=format-security -Wreturn-local-addr -fmerge-all-constants -O3 -DNDEBUG -fPIC -std=c++17 -MD -MT sdk-cpp/CMakeFiles/deliveryoptimization.dir/src/do_download_property.cpp.o -MF CMakeFiles/deliveryoptimization.dir/src/do_download_property.cpp.o.d -o CMakeFiles/deliveryoptimization.dir/src/do_download_property.cpp.o -c /__w/iot-hub-device-update/iot-hub-device-update/.workspace/do/sdk-cpp/src/do_download_property.cpp
2026-03-12T23:05:52.5830875Z [ 57%] Building CXX object sdk-cpp/CMakeFiles/deliveryoptimization.dir/src/do_download_status.cpp.o
2026-03-12T23:05:52.5846433Z cd /__w/iot-hub-device-update/iot-hub-device-update/.workspace/do/cmake/sdk-cpp && /usr/bin/g++ -DBOOST_ERROR_CODE_HEADER_ONLY -DBOOST_SYSTEM_NO_DEPRECATED -DDOSVC_BIN_NAME=\"deliveryoptimization-agent\" -DDO_CLIENT_AGENT=1 -DDO_ENABLE_EXCEPTIONS -DDO_INTERFACE_REST=1 -DDO_PLATFORM_LINUX=1 -DDO_PLUGIN_APT_BIN_NAME=\"deliveryoptimization-plugin-apt\" -Ddeliveryoptimization_EXPORTS -I/__w/iot-hub-device-update/iot-hub-device-update/.workspace/do/sdk-cpp/include -I/__w/iot-hub-device-update/iot-hub-device-update/.workspace/do/sdk-cpp/src/internal/rest -I/__w/iot-hub-device-update/iot-hub-device-update/.workspace/do/sdk-cpp/src/internal/rest/util -I/__w/iot-hub-device-update/iot-hub-device-update/.workspace/do/sdk-cpp/src/internal -I/__w/iot-hub-device-update/iot-hub-device-update/.workspace/do/common/lib-doversion -I/__w/iot-hub-device-update/iot-hub-device-update/.workspace/do/common/lib-dohttp -Wall -fPIE -pie -D_FORTIFY_SOURCE=2 -fstack-protector-strong -Wformat -Werror=format-security -Wreturn-local-addr -fmerge-all-constants -O3 -DNDEBUG -fPIC -std=c++17 -MD -MT sdk-cpp/CMakeFiles/deliveryoptimization.dir/src/do_download_status.cpp.o -MF CMakeFiles/deliveryoptimization.dir/src/do_download_status.cpp.o.d -o CMakeFiles/deliveryoptimization.dir/src/do_download_status.cpp.o -c /__w/iot-hub-device-update/iot-hub-device-update/.workspace/do/sdk-cpp/src/do_download_status.cpp
2026-03-12T23:05:52.8487313Z [ 61%] Building CXX object sdk-cpp/CMakeFiles/deliveryoptimization.dir/src/internal/do_error_helpers.cpp.o
2026-03-12T23:05:52.8502919Z cd /__w/iot-hub-device-update/iot-hub-device-update/.workspace/do/cmake/sdk-cpp && /usr/bin/g++ -DBOOST_ERROR_CODE_HEADER_ONLY -DBOOST_SYSTEM_NO_DEPRECATED -DDOSVC_BIN_NAME=\"deliveryoptimization-agent\" -DDO_CLIENT_AGENT=1 -DDO_ENABLE_EXCEPTIONS -DDO_INTERFACE_REST=1 -DDO_PLATFORM_LINUX=1 -DDO_PLUGIN_APT_BIN_NAME=\"deliveryoptimization-plugin-apt\" -Ddeliveryoptimization_EXPORTS -I/__w/iot-hub-device-update/iot-hub-device-update/.workspace/do/sdk-cpp/include -I/__w/iot-hub-device-update/iot-hub-device-update/.workspace/do/sdk-cpp/src/internal/rest -I/__w/iot-hub-device-update/iot-hub-device-update/.workspace/do/sdk-cpp/src/internal/rest/util -I/__w/iot-hub-device-update/iot-hub-device-update/.workspace/do/sdk-cpp/src/internal -I/__w/iot-hub-device-update/iot-hub-device-update/.workspace/do/common/lib-doversion -I/__w/iot-hub-device-update/iot-hub-device-update/.workspace/do/common/lib-dohttp -Wall -fPIE -pie -D_FORTIFY_SOURCE=2 -fstack-protector-strong -Wformat -Werror=format-security -Wreturn-local-addr -fmerge-all-constants -O3 -DNDEBUG -fPIC -std=c++17 -MD -MT sdk-cpp/CMakeFiles/deliveryoptimization.dir/src/internal/do_error_helpers.cpp.o -MF CMakeFiles/deliveryoptimization.dir/src/internal/do_error_helpers.cpp.o.d -o CMakeFiles/deliveryoptimization.dir/src/internal/do_error_helpers.cpp.o -c /__w/iot-hub-device-update/iot-hub-device-update/.workspace/do/sdk-cpp/src/internal/do_error_helpers.cpp
2026-03-12T23:05:53.0278366Z [ 66%] Building CXX object sdk-cpp/CMakeFiles/deliveryoptimization.dir/src/internal/rest/do_config_internal.cpp.o
2026-03-12T23:05:53.0297407Z cd /__w/iot-hub-device-update/iot-hub-device-update/.workspace/do/cmake/sdk-cpp && /usr/bin/g++ -DBOOST_ERROR_CODE_HEADER_ONLY -DBOOST_SYSTEM_NO_DEPRECATED -DDOSVC_BIN_NAME=\"deliveryoptimization-agent\" -DDO_CLIENT_AGENT=1 -DDO_ENABLE_EXCEPTIONS -DDO_INTERFACE_REST=1 -DDO_PLATFORM_LINUX=1 -DDO_PLUGIN_APT_BIN_NAME=\"deliveryoptimization-plugin-apt\" -Ddeliveryoptimization_EXPORTS -I/__w/iot-hub-device-update/iot-hub-device-update/.workspace/do/sdk-cpp/include -I/__w/iot-hub-device-update/iot-hub-device-update/.workspace/do/sdk-cpp/src/internal/rest -I/__w/iot-hub-device-update/iot-hub-device-update/.workspace/do/sdk-cpp/src/internal/rest/util -I/__w/iot-hub-device-update/iot-hub-device-update/.workspace/do/sdk-cpp/src/internal -I/__w/iot-hub-device-update/iot-hub-device-update/.workspace/do/common/lib-doversion -I/__w/iot-hub-device-update/iot-hub-device-update/.workspace/do/common/lib-dohttp -Wall -fPIE -pie -D_FORTIFY_SOURCE=2 -fstack-protector-strong -Wformat -Werror=format-security -Wreturn-local-addr -fmerge-all-constants -O3 -DNDEBUG -fPIC -std=c++17 -MD -MT sdk-cpp/CMakeFiles/deliveryoptimization.dir/src/internal/rest/do_config_internal.cpp.o -MF CMakeFiles/deliveryoptimization.dir/src/internal/rest/do_config_internal.cpp.o.d -o CMakeFiles/deliveryoptimization.dir/src/internal/rest/do_config_internal.cpp.o -c /__w/iot-hub-device-update/iot-hub-device-update/.workspace/do/sdk-cpp/src/internal/rest/do_config_internal.cpp
2026-03-12T23:05:54.0614648Z In file included from /usr/include/boost/bind.hpp:30,
2026-03-12T23:05:54.0615519Z                  from /usr/include/boost/property_tree/json_parser/detail/parser.hpp:7,
2026-03-12T23:05:54.0616481Z                  from /usr/include/boost/property_tree/json_parser/detail/read.hpp:13,
2026-03-12T23:05:54.0617313Z                  from /usr/include/boost/property_tree/json_parser.hpp:16,
2026-03-12T23:05:54.0618564Z                  from /__w/iot-hub-device-update/iot-hub-device-update/.workspace/do/sdk-cpp/src/internal/rest/do_config_internal.cpp:12:
2026-03-12T23:05:54.0630610Z /usr/include/boost/bind.hpp:36:1: note: '#pragma message: The practice of declaring the Bind placeholders (_1, _2, ...) in the global namespace is deprecated. Please use <boost/bind/bind.hpp> + using namespace boost::placeholders, or define BOOST_BIND_GLOBAL_PLACEHOLDERS to retain the current behavior.'
2026-03-12T23:05:54.0632736Z    36 | BOOST_PRAGMA_MESSAGE(
2026-03-12T23:05:54.0633118Z       | ^~~~~~~~~~~~~~~~~~~~
2026-03-12T23:05:55.6345716Z [ 71%] Building CXX object sdk-cpp/CMakeFiles/deliveryoptimization.dir/src/internal/rest/do_download_property_internal.cpp.o
2026-03-12T23:05:55.6360319Z cd /__w/iot-hub-device-update/iot-hub-device-update/.workspace/do/cmake/sdk-cpp && /usr/bin/g++ -DBOOST_ERROR_CODE_HEADER_ONLY -DBOOST_SYSTEM_NO_DEPRECATED -DDOSVC_BIN_NAME=\"deliveryoptimization-agent\" -DDO_CLIENT_AGENT=1 -DDO_ENABLE_EXCEPTIONS -DDO_INTERFACE_REST=1 -DDO_PLATFORM_LINUX=1 -DDO_PLUGIN_APT_BIN_NAME=\"deliveryoptimization-plugin-apt\" -Ddeliveryoptimization_EXPORTS -I/__w/iot-hub-device-update/iot-hub-device-update/.workspace/do/sdk-cpp/include -I/__w/iot-hub-device-update/iot-hub-device-update/.workspace/do/sdk-cpp/src/internal/rest -I/__w/iot-hub-device-update/iot-hub-device-update/.workspace/do/sdk-cpp/src/internal/rest/util -I/__w/iot-hub-device-update/iot-hub-device-update/.workspace/do/sdk-cpp/src/internal -I/__w/iot-hub-device-update/iot-hub-device-update/.workspace/do/common/lib-doversion -I/__w/iot-hub-device-update/iot-hub-device-update/.workspace/do/common/lib-dohttp -Wall -fPIE -pie -D_FORTIFY_SOURCE=2 -fstack-protector-strong -Wformat -Werror=format-security -Wreturn-local-addr -fmerge-all-constants -O3 -DNDEBUG -fPIC -std=c++17 -MD -MT sdk-cpp/CMakeFiles/deliveryoptimization.dir/src/internal/rest/do_download_property_internal.cpp.o -MF CMakeFiles/deliveryoptimization.dir/src/internal/rest/do_download_property_internal.cpp.o.d -o CMakeFiles/deliveryoptimization.dir/src/internal/rest/do_download_property_internal.cpp.o -c /__w/iot-hub-device-update/iot-hub-device-update/.workspace/do/sdk-cpp/src/internal/rest/do_download_property_internal.cpp
2026-03-12T23:05:56.1804010Z [ 76%] Building CXX object sdk-cpp/CMakeFiles/deliveryoptimization.dir/src/internal/rest/download_impl.cpp.o
2026-03-12T23:05:56.1821168Z cd /__w/iot-hub-device-update/iot-hub-device-update/.workspace/do/cmake/sdk-cpp && /usr/bin/g++ -DBOOST_ERROR_CODE_HEADER_ONLY -DBOOST_SYSTEM_NO_DEPRECATED -DDOSVC_BIN_NAME=\"deliveryoptimization-agent\" -DDO_CLIENT_AGENT=1 -DDO_ENABLE_EXCEPTIONS -DDO_INTERFACE_REST=1 -DDO_PLATFORM_LINUX=1 -DDO_PLUGIN_APT_BIN_NAME=\"deliveryoptimization-plugin-apt\" -Ddeliveryoptimization_EXPORTS -I/__w/iot-hub-device-update/iot-hub-device-update/.workspace/do/sdk-cpp/include -I/__w/iot-hub-device-update/iot-hub-device-update/.workspace/do/sdk-cpp/src/internal/rest -I/__w/iot-hub-device-update/iot-hub-device-update/.workspace/do/sdk-cpp/src/internal/rest/util -I/__w/iot-hub-device-update/iot-hub-device-update/.workspace/do/sdk-cpp/src/internal -I/__w/iot-hub-device-update/iot-hub-device-update/.workspace/do/common/lib-doversion -I/__w/iot-hub-device-update/iot-hub-device-update/.workspace/do/common/lib-dohttp -Wall -fPIE -pie -D_FORTIFY_SOURCE=2 -fstack-protector-strong -Wformat -Werror=format-security -Wreturn-local-addr -fmerge-all-constants -O3 -DNDEBUG -fPIC -std=c++17 -MD -MT sdk-cpp/CMakeFiles/deliveryoptimization.dir/src/internal/rest/download_impl.cpp.o -MF CMakeFiles/deliveryoptimization.dir/src/internal/rest/download_impl.cpp.o.d -o CMakeFiles/deliveryoptimization.dir/src/internal/rest/download_impl.cpp.o -c /__w/iot-hub-device-update/iot-hub-device-update/.workspace/do/sdk-cpp/src/internal/rest/download_impl.cpp
2026-03-12T23:05:58.3918857Z [ 80%] Building CXX object sdk-cpp/CMakeFiles/deliveryoptimization.dir/src/internal/rest/util/do_http_client.cpp.o
2026-03-12T23:05:58.3936487Z cd /__w/iot-hub-device-update/iot-hub-device-update/.workspace/do/cmake/sdk-cpp && /usr/bin/g++ -DBOOST_ERROR_CODE_HEADER_ONLY -DBOOST_SYSTEM_NO_DEPRECATED -DDOSVC_BIN_NAME=\"deliveryoptimization-agent\" -DDO_CLIENT_AGENT=1 -DDO_ENABLE_EXCEPTIONS -DDO_INTERFACE_REST=1 -DDO_PLATFORM_LINUX=1 -DDO_PLUGIN_APT_BIN_NAME=\"deliveryoptimization-plugin-apt\" -Ddeliveryoptimization_EXPORTS -I/__w/iot-hub-device-update/iot-hub-device-update/.workspace/do/sdk-cpp/include -I/__w/iot-hub-device-update/iot-hub-device-update/.workspace/do/sdk-cpp/src/internal/rest -I/__w/iot-hub-device-update/iot-hub-device-update/.workspace/do/sdk-cpp/src/internal/rest/util -I/__w/iot-hub-device-update/iot-hub-device-update/.workspace/do/sdk-cpp/src/internal -I/__w/iot-hub-device-update/iot-hub-device-update/.workspace/do/common/lib-doversion -I/__w/iot-hub-device-update/iot-hub-device-update/.workspace/do/common/lib-dohttp -Wall -fPIE -pie -D_FORTIFY_SOURCE=2 -fstack-protector-strong -Wformat -Werror=format-security -Wreturn-local-addr -fmerge-all-constants -O3 -DNDEBUG -fPIC -std=c++17 -MD -MT sdk-cpp/CMakeFiles/deliveryoptimization.dir/src/internal/rest/util/do_http_client.cpp.o -MF CMakeFiles/deliveryoptimization.dir/src/internal/rest/util/do_http_client.cpp.o.d -o CMakeFiles/deliveryoptimization.dir/src/internal/rest/util/do_http_client.cpp.o -c /__w/iot-hub-device-update/iot-hub-device-update/.workspace/do/sdk-cpp/src/internal/rest/util/do_http_client.cpp
2026-03-12T23:06:01.8092190Z [ 85%] Building CXX object sdk-cpp/CMakeFiles/deliveryoptimization.dir/src/internal/rest/util/do_http_message.cpp.o
2026-03-12T23:06:01.8109891Z cd /__w/iot-hub-device-update/iot-hub-device-update/.workspace/do/cmake/sdk-cpp && /usr/bin/g++ -DBOOST_ERROR_CODE_HEADER_ONLY -DBOOST_SYSTEM_NO_DEPRECATED -DDOSVC_BIN_NAME=\"deliveryoptimization-agent\" -DDO_CLIENT_AGENT=1 -DDO_ENABLE_EXCEPTIONS -DDO_INTERFACE_REST=1 -DDO_PLATFORM_LINUX=1 -DDO_PLUGIN_APT_BIN_NAME=\"deliveryoptimization-plugin-apt\" -Ddeliveryoptimization_EXPORTS -I/__w/iot-hub-device-update/iot-hub-device-update/.workspace/do/sdk-cpp/include -I/__w/iot-hub-device-update/iot-hub-device-update/.workspace/do/sdk-cpp/src/internal/rest -I/__w/iot-hub-device-update/iot-hub-device-update/.workspace/do/sdk-cpp/src/internal/rest/util -I/__w/iot-hub-device-update/iot-hub-device-update/.workspace/do/sdk-cpp/src/internal -I/__w/iot-hub-device-update/iot-hub-device-update/.workspace/do/common/lib-doversion -I/__w/iot-hub-device-update/iot-hub-device-update/.workspace/do/common/lib-dohttp -Wall -fPIE -pie -D_FORTIFY_SOURCE=2 -fstack-protector-strong -Wformat -Werror=format-security -Wreturn-local-addr -fmerge-all-constants -O3 -DNDEBUG -fPIC -std=c++17 -MD -MT sdk-cpp/CMakeFiles/deliveryoptimization.dir/src/internal/rest/util/do_http_message.cpp.o -MF CMakeFiles/deliveryoptimization.dir/src/internal/rest/util/do_http_message.cpp.o.d -o CMakeFiles/deliveryoptimization.dir/src/internal/rest/util/do_http_message.cpp.o -c /__w/iot-hub-device-update/iot-hub-device-update/.workspace/do/sdk-cpp/src/internal/rest/util/do_http_message.cpp
2026-03-12T23:06:03.1533858Z In file included from /usr/include/boost/smart_ptr/detail/sp_thread_sleep.hpp:22,
2026-03-12T23:06:03.1534864Z                  from /usr/include/boost/smart_ptr/detail/yield_k.hpp:23,
2026-03-12T23:06:03.1535705Z                  from /usr/include/boost/smart_ptr/detail/spinlock_gcc_atomic.hpp:14,
2026-03-12T23:06:03.1536503Z                  from /usr/include/boost/smart_ptr/detail/spinlock.hpp:42,
2026-03-12T23:06:03.1537312Z                  from /usr/include/boost/smart_ptr/detail/spinlock_pool.hpp:25,
2026-03-12T23:06:03.1538053Z                  from /usr/include/boost/smart_ptr/shared_ptr.hpp:29,
2026-03-12T23:06:03.1538676Z                  from /usr/include/boost/shared_ptr.hpp:17,
2026-03-12T23:06:03.1539283Z                  from /usr/include/boost/date_time/time_clock.hpp:17,
2026-03-12T23:06:03.1540286Z                  from /usr/include/boost/date_time/posix_time/posix_time_types.hpp:10,
2026-03-12T23:06:03.1541064Z                  from /usr/include/boost/asio/time_traits.hpp:23,
2026-03-12T23:06:03.1541764Z                  from /usr/include/boost/asio/detail/timer_queue_ptime.hpp:22,
2026-03-12T23:06:03.1542564Z                  from /usr/include/boost/asio/detail/deadline_timer_service.hpp:29,
2026-03-12T23:06:03.1543331Z                  from /usr/include/boost/asio/basic_waitable_timer.hpp:22,
2026-03-12T23:06:03.1543996Z                  from /usr/include/boost/asio/steady_timer.hpp:22,
2026-03-12T23:06:03.1544688Z                  from /usr/include/boost/asio/basic_socket_streambuf.hpp:36,
2026-03-12T23:06:03.1545420Z                  from /usr/include/boost/asio/basic_socket_iostream.hpp:24,
2026-03-12T23:06:03.1546090Z                  from /usr/include/boost/asio/ip/tcp.hpp:20,
2026-03-12T23:06:03.1547177Z                  from /__w/iot-hub-device-update/iot-hub-device-update/.workspace/do/sdk-cpp/src/internal/rest/util/do_http_message.h:9,
2026-03-12T23:06:03.1548755Z                  from /__w/iot-hub-device-update/iot-hub-device-update/.workspace/do/sdk-cpp/src/internal/rest/util/do_http_message.cpp:4:
2026-03-12T23:06:03.1552035Z /usr/include/boost/bind.hpp:36:1: note: '#pragma message: The practice of declaring the Bind placeholders (_1, _2, ...) in the global namespace is deprecated. Please use <boost/bind/bind.hpp> + using namespace boost::placeholders, or define BOOST_BIND_GLOBAL_PLACEHOLDERS to retain the current behavior.'
2026-03-12T23:06:03.1554116Z    36 | BOOST_PRAGMA_MESSAGE(
2026-03-12T23:06:03.1554508Z       | ^~~~~~~~~~~~~~~~~~~~
2026-03-12T23:06:05.0247024Z [ 90%] Building CXX object sdk-cpp/CMakeFiles/deliveryoptimization.dir/src/internal/rest/util/do_persistence.cpp.o
2026-03-12T23:06:05.0263301Z cd /__w/iot-hub-device-update/iot-hub-device-update/.workspace/do/cmake/sdk-cpp && /usr/bin/g++ -DBOOST_ERROR_CODE_HEADER_ONLY -DBOOST_SYSTEM_NO_DEPRECATED -DDOSVC_BIN_NAME=\"deliveryoptimization-agent\" -DDO_CLIENT_AGENT=1 -DDO_ENABLE_EXCEPTIONS -DDO_INTERFACE_REST=1 -DDO_PLATFORM_LINUX=1 -DDO_PLUGIN_APT_BIN_NAME=\"deliveryoptimization-plugin-apt\" -Ddeliveryoptimization_EXPORTS -I/__w/iot-hub-device-update/iot-hub-device-update/.workspace/do/sdk-cpp/include -I/__w/iot-hub-device-update/iot-hub-device-update/.workspace/do/sdk-cpp/src/internal/rest -I/__w/iot-hub-device-update/iot-hub-device-update/.workspace/do/sdk-cpp/src/internal/rest/util -I/__w/iot-hub-device-update/iot-hub-device-update/.workspace/do/sdk-cpp/src/internal -I/__w/iot-hub-device-update/iot-hub-device-update/.workspace/do/common/lib-doversion -I/__w/iot-hub-device-update/iot-hub-device-update/.workspace/do/common/lib-dohttp -Wall -fPIE -pie -D_FORTIFY_SOURCE=2 -fstack-protector-strong -Wformat -Werror=format-security -Wreturn-local-addr -fmerge-all-constants -O3 -DNDEBUG -fPIC -std=c++17 -MD -MT sdk-cpp/CMakeFiles/deliveryoptimization.dir/src/internal/rest/util/do_persistence.cpp.o -MF CMakeFiles/deliveryoptimization.dir/src/internal/rest/util/do_persistence.cpp.o.d -o CMakeFiles/deliveryoptimization.dir/src/internal/rest/util/do_persistence.cpp.o -c /__w/iot-hub-device-update/iot-hub-device-update/.workspace/do/sdk-cpp/src/internal/rest/util/do_persistence.cpp
2026-03-12T23:06:05.2124407Z [ 95%] Building CXX object sdk-cpp/CMakeFiles/deliveryoptimization.dir/src/internal/rest/util/do_port_finder.cpp.o
2026-03-12T23:06:05.2142911Z cd /__w/iot-hub-device-update/iot-hub-device-update/.workspace/do/cmake/sdk-cpp && /usr/bin/g++ -DBOOST_ERROR_CODE_HEADER_ONLY -DBOOST_SYSTEM_NO_DEPRECATED -DDOSVC_BIN_NAME=\"deliveryoptimization-agent\" -DDO_CLIENT_AGENT=1 -DDO_ENABLE_EXCEPTIONS -DDO_INTERFACE_REST=1 -DDO_PLATFORM_LINUX=1 -DDO_PLUGIN_APT_BIN_NAME=\"deliveryoptimization-plugin-apt\" -Ddeliveryoptimization_EXPORTS -I/__w/iot-hub-device-update/iot-hub-device-update/.workspace/do/sdk-cpp/include -I/__w/iot-hub-device-update/iot-hub-device-update/.workspace/do/sdk-cpp/src/internal/rest -I/__w/iot-hub-device-update/iot-hub-device-update/.workspace/do/sdk-cpp/src/internal/rest/util -I/__w/iot-hub-device-update/iot-hub-device-update/.workspace/do/sdk-cpp/src/internal -I/__w/iot-hub-device-update/iot-hub-device-update/.workspace/do/common/lib-doversion -I/__w/iot-hub-device-update/iot-hub-device-update/.workspace/do/common/lib-dohttp -Wall -fPIE -pie -D_FORTIFY_SOURCE=2 -fstack-protector-strong -Wformat -Werror=format-security -Wreturn-local-addr -fmerge-all-constants -O3 -DNDEBUG -fPIC -std=c++17 -MD -MT sdk-cpp/CMakeFiles/deliveryoptimization.dir/src/internal/rest/util/do_port_finder.cpp.o -MF CMakeFiles/deliveryoptimization.dir/src/internal/rest/util/do_port_finder.cpp.o.d -o CMakeFiles/deliveryoptimization.dir/src/internal/rest/util/do_port_finder.cpp.o -c /__w/iot-hub-device-update/iot-hub-device-update/.workspace/do/sdk-cpp/src/internal/rest/util/do_port_finder.cpp
2026-03-12T23:06:05.7161836Z [100%] Linking CXX shared library libdeliveryoptimization.so
2026-03-12T23:06:05.7172785Z cd /__w/iot-hub-device-update/iot-hub-device-update/.workspace/do/cmake/sdk-cpp && /usr/bin/cmake -E cmake_link_script CMakeFiles/deliveryoptimization.dir/link.txt --verbose=1
2026-03-12T23:06:05.7247671Z /usr/bin/g++ -fPIC  -Wall -fPIE -pie -D_FORTIFY_SOURCE=2 -fstack-protector-strong -Wformat -Werror=format-security -Wreturn-local-addr -fmerge-all-constants -O3 -DNDEBUG -shared -Wl,-soname,libdeliveryoptimization.so.1 -o libdeliveryoptimization.so.1.1.1 CMakeFiles/deliveryoptimization.dir/src/do_config.cpp.o CMakeFiles/deliveryoptimization.dir/src/do_download.cpp.o CMakeFiles/deliveryoptimization.dir/src/do_download_property.cpp.o CMakeFiles/deliveryoptimization.dir/src/do_download_status.cpp.o CMakeFiles/deliveryoptimization.dir/src/internal/do_error_helpers.cpp.o CMakeFiles/deliveryoptimization.dir/src/internal/rest/do_config_internal.cpp.o CMakeFiles/deliveryoptimization.dir/src/internal/rest/do_download_property_internal.cpp.o CMakeFiles/deliveryoptimization.dir/src/internal/rest/download_impl.cpp.o CMakeFiles/deliveryoptimization.dir/src/internal/rest/util/do_http_client.cpp.o CMakeFiles/deliveryoptimization.dir/src/internal/rest/util/do_http_message.cpp.o CMakeFiles/deliveryoptimization.dir/src/internal/rest/util/do_persistence.cpp.o CMakeFiles/deliveryoptimization.dir/src/internal/rest/util/do_port_finder.cpp.o  common/lib-doversion/libdoversion.a common/lib-dohttp/libdohttp.a
2026-03-12T23:06:05.7868850Z cd /__w/iot-hub-device-update/iot-hub-device-update/.workspace/do/cmake/sdk-cpp && /usr/bin/cmake -E cmake_symlink_library libdeliveryoptimization.so.1.1.1 libdeliveryoptimization.so.1 libdeliveryoptimization.so
2026-03-12T23:06:05.8017313Z gmake[2]: Leaving directory '/__w/iot-hub-device-update/iot-hub-device-update/.workspace/do/cmake'
2026-03-12T23:06:05.8091047Z [100%] Built target deliveryoptimization
2026-03-12T23:06:05.8104122Z gmake[1]: Leaving directory '/__w/iot-hub-device-update/iot-hub-device-update/.workspace/do/cmake'
2026-03-12T23:06:05.8105547Z /usr/bin/cmake -E cmake_progress_start /__w/iot-hub-device-update/iot-hub-device-update/.workspace/do/cmake/CMakeFiles 0
2026-03-12T23:06:05.8275228Z /usr/bin/cmake -S/__w/iot-hub-device-update/iot-hub-device-update/.workspace/do -B/__w/iot-hub-device-update/iot-hub-device-update/.workspace/do/cmake --check-build-system CMakeFiles/Makefile.cmake 0
2026-03-12T23:06:05.8355337Z /usr/bin/cmake -E cmake_progress_start /__w/iot-hub-device-update/iot-hub-device-update/.workspace/do/cmake/CMakeFiles /__w/iot-hub-device-update/iot-hub-device-update/.workspace/do/cmake//CMakeFiles/progress.marks
2026-03-12T23:06:05.8421218Z /usr/bin/gmake  -f CMakeFiles/Makefile2 all
2026-03-12T23:06:05.8431442Z gmake[1]: Entering directory '/__w/iot-hub-device-update/iot-hub-device-update/.workspace/do/cmake'
2026-03-12T23:06:05.8432705Z /usr/bin/gmake  -f sdk-cpp/common/lib-doversion/CMakeFiles/doversion.dir/build.make sdk-cpp/common/lib-doversion/CMakeFiles/doversion.dir/depend
2026-03-12T23:06:05.8441792Z gmake[2]: Entering directory '/__w/iot-hub-device-update/iot-hub-device-update/.workspace/do/cmake'
2026-03-12T23:06:05.8444708Z cd /__w/iot-hub-device-update/iot-hub-device-update/.workspace/do/cmake && /usr/bin/cmake -E cmake_depends "Unix Makefiles" /__w/iot-hub-device-update/iot-hub-device-update/.workspace/do /__w/iot-hub-device-update/iot-hub-device-update/.workspace/do/common/lib-doversion /__w/iot-hub-device-update/iot-hub-device-update/.workspace/do/cmake /__w/iot-hub-device-update/iot-hub-device-update/.workspace/do/cmake/sdk-cpp/common/lib-doversion /__w/iot-hub-device-update/iot-hub-device-update/.workspace/do/cmake/sdk-cpp/common/lib-doversion/CMakeFiles/doversion.dir/DependInfo.cmake --color=
2026-03-12T23:06:05.8523308Z Consolidate compiler generated dependencies of target doversion
2026-03-12T23:06:05.8534168Z gmake[2]: Leaving directory '/__w/iot-hub-device-update/iot-hub-device-update/.workspace/do/cmake'
2026-03-12T23:06:05.8535832Z /usr/bin/gmake  -f sdk-cpp/common/lib-doversion/CMakeFiles/doversion.dir/build.make sdk-cpp/common/lib-doversion/CMakeFiles/doversion.dir/build
2026-03-12T23:06:05.8558523Z gmake[2]: Entering directory '/__w/iot-hub-device-update/iot-hub-device-update/.workspace/do/cmake'
2026-03-12T23:06:05.8559669Z gmake[2]: Nothing to be done for 'sdk-cpp/common/lib-doversion/CMakeFiles/doversion.dir/build'.
2026-03-12T23:06:05.8561285Z gmake[2]: Leaving directory '/__w/iot-hub-device-update/iot-hub-device-update/.workspace/do/cmake'
2026-03-12T23:06:05.8624102Z [  9%] Built target doversion
2026-03-12T23:06:05.8634170Z /usr/bin/gmake  -f sdk-cpp/common/lib-dohttp/CMakeFiles/dohttp.dir/build.make sdk-cpp/common/lib-dohttp/CMakeFiles/dohttp.dir/depend
2026-03-12T23:06:05.8645340Z gmake[2]: Entering directory '/__w/iot-hub-device-update/iot-hub-device-update/.workspace/do/cmake'
2026-03-12T23:06:05.8648013Z cd /__w/iot-hub-device-update/iot-hub-device-update/.workspace/do/cmake && /usr/bin/cmake -E cmake_depends "Unix Makefiles" /__w/iot-hub-device-update/iot-hub-device-update/.workspace/do /__w/iot-hub-device-update/iot-hub-device-update/.workspace/do/common/lib-dohttp /__w/iot-hub-device-update/iot-hub-device-update/.workspace/do/cmake /__w/iot-hub-device-update/iot-hub-device-update/.workspace/do/cmake/sdk-cpp/common/lib-dohttp /__w/iot-hub-device-update/iot-hub-device-update/.workspace/do/cmake/sdk-cpp/common/lib-dohttp/CMakeFiles/dohttp.dir/DependInfo.cmake --color=
2026-03-12T23:06:05.8752809Z Consolidate compiler generated dependencies of target dohttp
2026-03-12T23:06:05.8762665Z gmake[2]: Leaving directory '/__w/iot-hub-device-update/iot-hub-device-update/.workspace/do/cmake'
2026-03-12T23:06:05.8765082Z /usr/bin/gmake  -f sdk-cpp/common/lib-dohttp/CMakeFiles/dohttp.dir/build.make sdk-cpp/common/lib-dohttp/CMakeFiles/dohttp.dir/build
2026-03-12T23:06:05.8800530Z gmake[2]: Entering directory '/__w/iot-hub-device-update/iot-hub-device-update/.workspace/do/cmake'
2026-03-12T23:06:05.8801941Z gmake[2]: Nothing to be done for 'sdk-cpp/common/lib-dohttp/CMakeFiles/dohttp.dir/build'.
2026-03-12T23:06:05.8803210Z gmake[2]: Leaving directory '/__w/iot-hub-device-update/iot-hub-device-update/.workspace/do/cmake'
2026-03-12T23:06:05.8867718Z [ 38%] Built target dohttp
2026-03-12T23:06:05.8878132Z /usr/bin/gmake  -f sdk-cpp/CMakeFiles/deliveryoptimization.dir/build.make sdk-cpp/CMakeFiles/deliveryoptimization.dir/depend
2026-03-12T23:06:05.8891248Z gmake[2]: Entering directory '/__w/iot-hub-device-update/iot-hub-device-update/.workspace/do/cmake'
2026-03-12T23:06:05.8893573Z cd /__w/iot-hub-device-update/iot-hub-device-update/.workspace/do/cmake && /usr/bin/cmake -E cmake_depends "Unix Makefiles" /__w/iot-hub-device-update/iot-hub-device-update/.workspace/do /__w/iot-hub-device-update/iot-hub-device-update/.workspace/do/sdk-cpp /__w/iot-hub-device-update/iot-hub-device-update/.workspace/do/cmake /__w/iot-hub-device-update/iot-hub-device-update/.workspace/do/cmake/sdk-cpp /__w/iot-hub-device-update/iot-hub-device-update/.workspace/do/cmake/sdk-cpp/CMakeFiles/deliveryoptimization.dir/DependInfo.cmake --color=
2026-03-12T23:06:05.9239854Z Consolidate compiler generated dependencies of target deliveryoptimization
2026-03-12T23:06:05.9250772Z gmake[2]: Leaving directory '/__w/iot-hub-device-update/iot-hub-device-update/.workspace/do/cmake'
2026-03-12T23:06:05.9252957Z /usr/bin/gmake  -f sdk-cpp/CMakeFiles/deliveryoptimization.dir/build.make sdk-cpp/CMakeFiles/deliveryoptimization.dir/build
2026-03-12T23:06:05.9417663Z gmake[2]: Entering directory '/__w/iot-hub-device-update/iot-hub-device-update/.workspace/do/cmake'
2026-03-12T23:06:05.9418473Z gmake[2]: Nothing to be done for 'sdk-cpp/CMakeFiles/deliveryoptimization.dir/build'.
2026-03-12T23:06:05.9419473Z gmake[2]: Leaving directory '/__w/iot-hub-device-update/iot-hub-device-update/.workspace/do/cmake'
2026-03-12T23:06:05.9494882Z [100%] Built target deliveryoptimization
2026-03-12T23:06:05.9506100Z gmake[1]: Leaving directory '/__w/iot-hub-device-update/iot-hub-device-update/.workspace/do/cmake'
2026-03-12T23:06:05.9507874Z /usr/bin/cmake -E cmake_progress_start /__w/iot-hub-device-update/iot-hub-device-update/.workspace/do/cmake/CMakeFiles 0
2026-03-12T23:06:05.9580896Z /usr/bin/gmake  -f CMakeFiles/Makefile2 preinstall
2026-03-12T23:06:05.9591798Z gmake[1]: Entering directory '/__w/iot-hub-device-update/iot-hub-device-update/.workspace/do/cmake'
2026-03-12T23:06:05.9593105Z gmake[1]: Nothing to be done for 'preinstall'.
2026-03-12T23:06:05.9593707Z gmake[1]: Leaving directory '/__w/iot-hub-device-update/iot-hub-device-update/.workspace/do/cmake'
2026-03-12T23:06:05.9657895Z Install the project...
2026-03-12T23:06:05.9666810Z /usr/bin/cmake -P cmake_install.cmake
2026-03-12T23:06:05.9729652Z -- Install configuration: "Release"
2026-03-12T23:06:05.9734335Z -- Installing: /usr/local/lib/libdeliveryoptimization.so.1.1.1
2026-03-12T23:06:05.9747609Z -- Installing: /usr/local/lib/libdeliveryoptimization.so.1
2026-03-12T23:06:05.9749636Z -- Installing: /usr/local/lib/libdeliveryoptimization.so
2026-03-12T23:06:05.9753490Z -- Installing: /usr/local/lib/cmake/deliveryoptimization_sdk/deliveryoptimization_sdk-targets.cmake
2026-03-12T23:06:05.9756824Z -- Installing: /usr/local/lib/cmake/deliveryoptimization_sdk/deliveryoptimization_sdk-targets-release.cmake
2026-03-12T23:06:05.9759702Z -- Installing: /usr/local/include/deliveryoptimization
2026-03-12T23:06:05.9761942Z -- Installing: /usr/local/include/deliveryoptimization/do_download_property.h
2026-03-12T23:06:05.9764822Z -- Installing: /usr/local/include/deliveryoptimization/do_download_status.h
2026-03-12T23:06:05.9767457Z -- Installing: /usr/local/include/deliveryoptimization/do_config.h
2026-03-12T23:06:05.9770319Z -- Installing: /usr/local/include/deliveryoptimization/do_download.h
2026-03-12T23:06:05.9772777Z -- Installing: /usr/local/include/deliveryoptimization/do_errors.h
2026-03-12T23:06:05.9776590Z -- Installing: /usr/local/lib/cmake/deliveryoptimization_sdk/deliveryoptimization_sdk-config-version.cmake
2026-03-12T23:06:05.9778723Z -- Installing: /usr/local/lib/cmake/deliveryoptimization_sdk/deliveryoptimization_sdk-config.cmake
2026-03-12T23:06:05.9812857Z Installing azure-storage-sdk
2026-03-12T23:06:05.9813390Z Building Azure Storage SDK ...
2026-03-12T23:06:05.9813896Z 	Branch: main
2026-03-12T23:06:05.9814636Z 	 Folder: /__w/iot-hub-device-update/iot-hub-device-update/.workspace/azure_storage_sdk_dir
2026-03-12T23:06:05.9837651Z Cloning into '.'...
2026-03-12T23:06:08.5351084Z Note: switching to 'tags/azure-core_1.6.0'.
2026-03-12T23:06:08.5351478Z
2026-03-12T23:06:08.5351794Z You are in 'detached HEAD' state. You can look around, make experimental
2026-03-12T23:06:08.5352402Z changes and commit them, and you can discard any commits you make in this
2026-03-12T23:06:08.5352901Z state without impacting any branches by switching back to a branch.
2026-03-12T23:06:08.5353221Z
2026-03-12T23:06:08.5353406Z If you want to create a new branch to retain commits you create, you may
2026-03-12T23:06:08.5353879Z do so (now or later) by using -c with the switch command. Example:
2026-03-12T23:06:08.5354160Z
2026-03-12T23:06:08.5354256Z   git switch -c <new-branch-name>
2026-03-12T23:06:08.5354436Z
2026-03-12T23:06:08.5354526Z Or undo this operation with:
2026-03-12T23:06:08.5354684Z
2026-03-12T23:06:08.5354764Z   git switch -
2026-03-12T23:06:08.5354876Z
2026-03-12T23:06:08.5355091Z Turn off this advice by setting config variable advice.detachedHead to false
2026-03-12T23:06:08.5355430Z
2026-03-12T23:06:08.5355522Z HEAD is now at d317e06ba cl (#3613)
2026-03-12T23:06:08.5393905Z GCC 11 detected, patch not needed (only required for GCC >= 12)
2026-03-12T23:06:08.5474011Z No transport adapter was selected, using libcurl as the default option for POSIX.
2026-03-12T23:06:08.6005457Z -- The CXX compiler identification is GNU 11.4.0
2026-03-12T23:06:08.6081207Z -- Detecting CXX compiler ABI info
2026-03-12T23:06:08.6818003Z -- Detecting CXX compiler ABI info - done
2026-03-12T23:06:08.6888238Z -- Check for working CXX compiler: /usr/bin/g++ - skipped
2026-03-12T23:06:08.6892214Z -- Detecting CXX compile features
2026-03-12T23:06:08.6897148Z -- Detecting CXX compile features - done
2026-03-12T23:06:08.6935675Z -- Looking for C++ include pthread.h
2026-03-12T23:06:08.7737911Z -- Looking for C++ include pthread.h - found
2026-03-12T23:06:08.7739672Z -- Performing Test CMAKE_HAVE_LIBC_PTHREAD
2026-03-12T23:06:08.8557890Z -- Performing Test CMAKE_HAVE_LIBC_PTHREAD - Success
2026-03-12T23:06:08.8566975Z -- Found Threads: TRUE
2026-03-12T23:06:08.9147589Z Libcurl version 7.81.0
2026-03-12T23:06:08.9148433Z -- Found CURL: /usr/lib/x86_64-linux-gnu/libcurl.so (found suitable version "7.81.0", minimum required is "7.44")
2026-03-12T23:06:08.9592237Z -- Found OpenSSL: /usr/lib/x86_64-linux-gnu/libcrypto.so (found version "3.0.2")
2026-03-12T23:06:08.9597095Z -- Retrieving version from /__w/iot-hub-device-update/iot-hub-device-update/.workspace/azure_storage_sdk_dir/sdk/core/azure-core/src/private/package_version.hpp
2026-03-12T23:06:08.9598312Z -- VERSION_MAJOR 1
2026-03-12T23:06:08.9598632Z -- VERSION_MINOR 6
2026-03-12T23:06:08.9598924Z -- VERSION_PATCH 0
2026-03-12T23:06:08.9599238Z -- VERSION_PRERELEASE
2026-03-12T23:06:08.9599562Z -- AZ_LIBRARY_VERSION
2026-03-12T23:06:08.9719073Z -- Retrieving version from /__w/iot-hub-device-update/iot-hub-device-update/.workspace/azure_storage_sdk_dir/sdk/attestation/azure-security-attestation/src/private/package_version.hpp
2026-03-12T23:06:08.9720739Z -- VERSION_MAJOR 1
2026-03-12T23:06:08.9721065Z -- VERSION_MINOR 0
2026-03-12T23:06:08.9721386Z -- VERSION_PATCH 0
2026-03-12T23:06:08.9721717Z -- VERSION_PRERELEASE beta.2
2026-03-12T23:06:08.9722094Z -- AZ_LIBRARY_VERSION
2026-03-12T23:06:08.9836981Z -- Retrieving version from /__w/iot-hub-device-update/iot-hub-device-update/.workspace/azure_storage_sdk_dir/sdk/identity/azure-identity/src/private/package_version.hpp
2026-03-12T23:06:08.9838347Z -- VERSION_MAJOR 1
2026-03-12T23:06:08.9838676Z -- VERSION_MINOR 3
2026-03-12T23:06:08.9838980Z -- VERSION_PATCH 0
2026-03-12T23:06:08.9839306Z -- VERSION_PRERELEASE beta.2
2026-03-12T23:06:08.9839680Z -- AZ_LIBRARY_VERSION
2026-03-12T23:06:08.9898395Z -- Retrieving version from /__w/iot-hub-device-update/iot-hub-device-update/.workspace/azure_storage_sdk_dir/sdk/keyvault/azure-security-keyvault-keys/src/private/package_version.hpp
2026-03-12T23:06:08.9899293Z -- VERSION_MAJOR 4
2026-03-12T23:06:08.9899498Z -- VERSION_MINOR 3
2026-03-12T23:06:08.9899681Z -- VERSION_PATCH 0
2026-03-12T23:06:08.9899870Z -- VERSION_PRERELEASE beta.1
2026-03-12T23:06:08.9900320Z -- AZ_LIBRARY_VERSION
2026-03-12T23:06:08.9953220Z -- Retrieving version from /__w/iot-hub-device-update/iot-hub-device-update/.workspace/azure_storage_sdk_dir/sdk/keyvault/azure-security-keyvault-secrets/src/private/package_version.hpp
2026-03-12T23:06:08.9954679Z -- VERSION_MAJOR 4
2026-03-12T23:06:08.9955019Z -- VERSION_MINOR 0
2026-03-12T23:06:08.9955330Z -- VERSION_PATCH 0
2026-03-12T23:06:08.9955664Z -- VERSION_PRERELEASE beta.3
2026-03-12T23:06:08.9956040Z -- AZ_LIBRARY_VERSION
2026-03-12T23:06:09.0007156Z $<BUILD_INTERFACE:/__w/iot-hub-device-update/iot-hub-device-update/.workspace/azure_storage_sdk_dir/sdk/keyvault/azure-security-keyvault-certificates/inc
2026-03-12T23:06:09.0009481Z -- Retrieving version from /__w/iot-hub-device-update/iot-hub-device-update/.workspace/azure_storage_sdk_dir/sdk/keyvault/azure-security-keyvault-certificates/src/private/package_version.hpp
2026-03-12T23:06:09.0011269Z -- VERSION_MAJOR 4
2026-03-12T23:06:09.0011602Z -- VERSION_MINOR 0
2026-03-12T23:06:09.0011910Z -- VERSION_PATCH 0
2026-03-12T23:06:09.0012236Z -- VERSION_PRERELEASE beta.3
2026-03-12T23:06:09.0012612Z -- AZ_LIBRARY_VERSION
2026-03-12T23:06:09.0527377Z -- Found LibXml2: /usr/lib/x86_64-linux-gnu/libxml2.so (found version "2.9.13")
2026-03-12T23:06:09.0592010Z -- Retrieving version from /__w/iot-hub-device-update/iot-hub-device-update/.workspace/azure_storage_sdk_dir/sdk/storage/azure-storage-common/src/private/package_version.hpp
2026-03-12T23:06:09.0593067Z -- VERSION_MAJOR 12
2026-03-12T23:06:09.0593275Z -- VERSION_MINOR 3
2026-03-12T23:06:09.0593467Z -- VERSION_PATCH 0
2026-03-12T23:06:09.0593675Z -- VERSION_PRERELEASE beta.1
2026-03-12T23:06:09.0593908Z -- AZ_LIBRARY_VERSION
2026-03-12T23:06:09.0651347Z -- Retrieving version from /__w/iot-hub-device-update/iot-hub-device-update/.workspace/azure_storage_sdk_dir/sdk/storage/azure-storage-blobs/src/private/package_version.hpp
2026-03-12T23:06:09.0653048Z -- VERSION_MAJOR 12
2026-03-12T23:06:09.0653365Z -- VERSION_MINOR 5
2026-03-12T23:06:09.0653677Z -- VERSION_PATCH 0
2026-03-12T23:06:09.0654001Z -- VERSION_PRERELEASE beta.1
2026-03-12T23:06:09.0654386Z -- AZ_LIBRARY_VERSION
2026-03-12T23:06:09.0707228Z -- Retrieving version from /__w/iot-hub-device-update/iot-hub-device-update/.workspace/azure_storage_sdk_dir/sdk/storage/azure-storage-files-datalake/src/private/package_version.hpp
2026-03-12T23:06:09.0708719Z -- VERSION_MAJOR 12
2026-03-12T23:06:09.0709052Z -- VERSION_MINOR 4
2026-03-12T23:06:09.0709371Z -- VERSION_PATCH 0
2026-03-12T23:06:09.0709701Z -- VERSION_PRERELEASE beta.1
2026-03-12T23:06:09.0710295Z -- AZ_LIBRARY_VERSION
2026-03-12T23:06:09.0762711Z -- Retrieving version from /__w/iot-hub-device-update/iot-hub-device-update/.workspace/azure_storage_sdk_dir/sdk/storage/azure-storage-files-shares/src/private/package_version.hpp
2026-03-12T23:06:09.0764148Z -- VERSION_MAJOR 12
2026-03-12T23:06:09.0764498Z -- VERSION_MINOR 3
2026-03-12T23:06:09.0764804Z -- VERSION_PATCH 0
2026-03-12T23:06:09.0765128Z -- VERSION_PRERELEASE beta.1
2026-03-12T23:06:09.0765505Z -- AZ_LIBRARY_VERSION
2026-03-12T23:06:09.0818515Z -- Retrieving version from /__w/iot-hub-device-update/iot-hub-device-update/.workspace/azure_storage_sdk_dir/sdk/storage/azure-storage-queues/src/private/package_version.hpp
2026-03-12T23:06:09.0820393Z -- VERSION_MAJOR 12
2026-03-12T23:06:09.0821101Z -- VERSION_MINOR 1
2026-03-12T23:06:09.0821491Z -- VERSION_PATCH 0
2026-03-12T23:06:09.0821880Z -- VERSION_PRERELEASE beta.1
2026-03-12T23:06:09.0822347Z -- AZ_LIBRARY_VERSION
2026-03-12T23:06:09.0882293Z -- Retrieving version from /__w/iot-hub-device-update/iot-hub-device-update/.workspace/azure_storage_sdk_dir/sdk/template/azure-template/src/private/package_version.hpp
2026-03-12T23:06:09.0883899Z -- VERSION_MAJOR 1
2026-03-12T23:06:09.0884274Z -- VERSION_MINOR 0
2026-03-12T23:06:09.0884631Z -- VERSION_PATCH 0
2026-03-12T23:06:09.0885024Z -- VERSION_PRERELEASE
2026-03-12T23:06:09.0887563Z -- AZ_LIBRARY_VERSION
2026-03-12T23:06:09.0927404Z -- Configuring done
2026-03-12T23:06:09.1539764Z -- Generating done
2026-03-12T23:06:09.1576590Z -- Build files have been written to: /__w/iot-hub-device-update/iot-hub-device-update/.workspace/azure_storage_sdk_dir
2026-03-12T23:06:09.2070174Z [  0%] Building CXX object sdk/core/azure-core/CMakeFiles/azure-core.dir/src/http/curl/curl.cpp.o
2026-03-12T23:06:11.2919523Z [  1%] Building CXX object sdk/core/azure-core/CMakeFiles/azure-core.dir/src/azure_assert.cpp.o
2026-03-12T23:06:11.4262669Z [  2%] Building CXX object sdk/core/azure-core/CMakeFiles/azure-core.dir/src/cryptography/md5.cpp.o
2026-03-12T23:06:11.7055934Z [  2%] Building CXX object sdk/core/azure-core/CMakeFiles/azure-core.dir/src/cryptography/sha_hash.cpp.o
2026-03-12T23:06:12.0181850Z [  3%] Building CXX object sdk/core/azure-core/CMakeFiles/azure-core.dir/src/http/bearer_token_authentication_policy.cpp.o
2026-03-12T23:06:12.6513214Z [  4%] Building CXX object sdk/core/azure-core/CMakeFiles/azure-core.dir/src/http/http.cpp.o
2026-03-12T23:06:13.3767944Z [  4%] Building CXX object sdk/core/azure-core/CMakeFiles/azure-core.dir/src/http/log_policy.cpp.o
2026-03-12T23:06:14.4538620Z [  5%] Building CXX object sdk/core/azure-core/CMakeFiles/azure-core.dir/src/http/policy.cpp.o
2026-03-12T23:06:15.0144563Z [  6%] Building CXX object sdk/core/azure-core/CMakeFiles/azure-core.dir/src/http/raw_response.cpp.o
2026-03-12T23:06:15.4547002Z [  6%] Building CXX object sdk/core/azure-core/CMakeFiles/azure-core.dir/src/http/request.cpp.o
2026-03-12T23:06:16.0473722Z [  7%] Building CXX object sdk/core/azure-core/CMakeFiles/azure-core.dir/src/http/retry_policy.cpp.o
2026-03-12T23:06:17.0147104Z [  8%] Building CXX object sdk/core/azure-core/CMakeFiles/azure-core.dir/src/http/telemetry_policy.cpp.o
2026-03-12T23:06:17.6932317Z [  8%] Building CXX object sdk/core/azure-core/CMakeFiles/azure-core.dir/src/http/transport_policy.cpp.o
2026-03-12T23:06:18.3568556Z [  9%] Building CXX object sdk/core/azure-core/CMakeFiles/azure-core.dir/src/http/url.cpp.o
2026-03-12T23:06:19.1131002Z [ 10%] Building CXX object sdk/core/azure-core/CMakeFiles/azure-core.dir/src/io/body_stream.cpp.o
2026-03-12T23:06:19.5934118Z [ 11%] Building CXX object sdk/core/azure-core/CMakeFiles/azure-core.dir/src/io/random_access_file_body_stream.cpp.o
2026-03-12T23:06:19.9608497Z [ 11%] Building CXX object sdk/core/azure-core/CMakeFiles/azure-core.dir/src/base64.cpp.o
2026-03-12T23:06:20.1847648Z [ 12%] Building CXX object sdk/core/azure-core/CMakeFiles/azure-core.dir/src/context.cpp.o
2026-03-12T23:06:20.5042842Z [ 13%] Building CXX object sdk/core/azure-core/CMakeFiles/azure-core.dir/src/datetime.cpp.o
2026-03-12T23:06:21.3415035Z [ 13%] Building CXX object sdk/core/azure-core/CMakeFiles/azure-core.dir/src/environment.cpp.o
2026-03-12T23:06:21.4893106Z [ 14%] Building CXX object sdk/core/azure-core/CMakeFiles/azure-core.dir/src/environment_log_level_listener.cpp.o
2026-03-12T23:06:21.8158395Z [ 15%] Building CXX object sdk/core/azure-core/CMakeFiles/azure-core.dir/src/etag.cpp.o
2026-03-12T23:06:21.9704618Z [ 15%] Building CXX object sdk/core/azure-core/CMakeFiles/azure-core.dir/src/exception.cpp.o
2026-03-12T23:06:24.4800250Z [ 16%] Building CXX object sdk/core/azure-core/CMakeFiles/azure-core.dir/src/logger.cpp.o
2026-03-12T23:06:24.7219212Z [ 17%] Building CXX object sdk/core/azure-core/CMakeFiles/azure-core.dir/src/operation_status.cpp.o
2026-03-12T23:06:24.8868322Z [ 17%] Building CXX object sdk/core/azure-core/CMakeFiles/azure-core.dir/src/strings.cpp.o
2026-03-12T23:06:25.0688795Z [ 18%] Building CXX object sdk/core/azure-core/CMakeFiles/azure-core.dir/src/uuid.cpp.o
2026-03-12T23:06:25.3830758Z [ 19%] Linking CXX static library libazure-core.a
2026-03-12T23:06:25.4649550Z [ 19%] Built target azure-core
2026-03-12T23:06:25.4834061Z [ 20%] Building CXX object sdk/attestation/azure-security-attestation/CMakeFiles/azure-security-attestation.dir/src/attestation_client.cpp.o
2026-03-12T23:06:29.8076743Z [ 21%] Building CXX object sdk/attestation/azure-security-attestation/CMakeFiles/azure-security-attestation.dir/src/attestation_administration_client.cpp.o
2026-03-12T23:06:35.8624736Z [ 21%] Building CXX object sdk/attestation/azure-security-attestation/CMakeFiles/azure-security-attestation.dir/src/attestation_client_options.cpp.o
2026-03-12T23:06:36.4760994Z [ 22%] Building CXX object sdk/attestation/azure-security-attestation/CMakeFiles/azure-security-attestation.dir/src/private/attestation_common_request.cpp.o
2026-03-12T23:06:37.3844436Z [ 23%] Building CXX object sdk/attestation/azure-security-attestation/CMakeFiles/azure-security-attestation.dir/src/private/attestation_deserializers_private.cpp.o
2026-03-12T23:06:41.4163553Z [ 23%] Building CXX object sdk/attestation/azure-security-attestation/CMakeFiles/azure-security-attestation.dir/src/private/jsonhelpers.cpp.o
2026-03-12T23:06:42.8430842Z [ 24%] Building CXX object sdk/attestation/azure-security-attestation/CMakeFiles/azure-security-attestation.dir/src/private/attestation_client_private.cpp.o
2026-03-12T23:06:44.4993277Z [ 25%] Building CXX object sdk/attestation/azure-security-attestation/CMakeFiles/azure-security-attestation.dir/src/private/crypto/openssl/opensslcrypto.cpp.o
2026-03-12T23:06:45.4425130Z [ 26%] Building CXX object sdk/attestation/azure-security-attestation/CMakeFiles/azure-security-attestation.dir/src/private/crypto/openssl/opensslkeys.cpp.o
2026-03-12T23:06:45.9268213Z [ 26%] Building CXX object sdk/attestation/azure-security-attestation/CMakeFiles/azure-security-attestation.dir/src/private/crypto/openssl/opensslcert.cpp.o
2026-03-12T23:06:47.3501473Z [ 27%] Linking CXX static library libazure-security-attestation.a
2026-03-12T23:06:47.4303187Z [ 27%] Built target azure-security-attestation
2026-03-12T23:06:47.4487845Z [ 28%] Building CXX object sdk/identity/azure-identity/CMakeFiles/azure-identity.dir/src/chained_token_credential.cpp.o
2026-03-12T23:06:47.8731473Z [ 28%] Building CXX object sdk/identity/azure-identity/CMakeFiles/azure-identity.dir/src/client_certificate_credential.cpp.o
2026-03-12T23:06:49.3075231Z [ 29%] Building CXX object sdk/identity/azure-identity/CMakeFiles/azure-identity.dir/src/client_secret_credential.cpp.o
2026-03-12T23:06:50.3381055Z [ 30%] Building CXX object sdk/identity/azure-identity/CMakeFiles/azure-identity.dir/src/environment_credential.cpp.o
2026-03-12T23:06:51.3990632Z [ 30%] Building CXX object sdk/identity/azure-identity/CMakeFiles/azure-identity.dir/src/managed_identity_credential.cpp.o
2026-03-12T23:06:52.0426034Z [ 31%] Building CXX object sdk/identity/azure-identity/CMakeFiles/azure-identity.dir/src/managed_identity_source.cpp.o
2026-03-12T23:06:53.7330551Z [ 32%] Building CXX object sdk/identity/azure-identity/CMakeFiles/azure-identity.dir/src/token_credential_impl.cpp.o
2026-03-12T23:06:55.0175138Z [ 32%] Linking CXX static library libazure-identity.a
2026-03-12T23:06:55.0855166Z [ 32%] Built target azure-identity
2026-03-12T23:06:55.1054930Z [ 33%] Building CXX object sdk/keyvault/azure-security-keyvault-keys/CMakeFiles/azure-security-keyvault-keys.dir/src/cryptography/cryptography_client_options.cpp.o
2026-03-12T23:06:55.6948019Z [ 33%] Building CXX object sdk/keyvault/azure-security-keyvault-keys/CMakeFiles/azure-security-keyvault-keys.dir/src/cryptography/cryptography_client.cpp.o
2026-03-12T23:06:57.5875255Z [ 34%] Building CXX object sdk/keyvault/azure-security-keyvault-keys/CMakeFiles/azure-security-keyvault-keys.dir/src/cryptography/decrypt_parameters.cpp.o
2026-03-12T23:06:59.1007858Z [ 35%] Building CXX object sdk/keyvault/azure-security-keyvault-keys/CMakeFiles/azure-security-keyvault-keys.dir/src/cryptography/decrypt_result.cpp.o
2026-03-12T23:07:01.4249525Z [ 36%] Building CXX object sdk/keyvault/azure-security-keyvault-keys/CMakeFiles/azure-security-keyvault-keys.dir/src/cryptography/encrypt_parameters.cpp.o
2026-03-12T23:07:02.8873166Z [ 36%] Building CXX object sdk/keyvault/azure-security-keyvault-keys/CMakeFiles/azure-security-keyvault-keys.dir/src/cryptography/encrypt_result.cpp.o
2026-03-12T23:07:05.2719821Z [ 37%] Building CXX object sdk/keyvault/azure-security-keyvault-keys/CMakeFiles/azure-security-keyvault-keys.dir/src/cryptography/encryption_algorithm.cpp.o
2026-03-12T23:07:05.5323875Z [ 38%] Building CXX object sdk/keyvault/azure-security-keyvault-keys/CMakeFiles/azure-security-keyvault-keys.dir/src/cryptography/key_sign_parameters.cpp.o
2026-03-12T23:07:06.9766367Z [ 38%] Building CXX object sdk/keyvault/azure-security-keyvault-keys/CMakeFiles/azure-security-keyvault-keys.dir/src/cryptography/key_verify_parameters.cpp.o
2026-03-12T23:07:08.4172829Z [ 39%] Building CXX object sdk/keyvault/azure-security-keyvault-keys/CMakeFiles/azure-security-keyvault-keys.dir/src/cryptography/key_wrap_algorithm.cpp.o
2026-03-12T23:07:08.6678240Z [ 40%] Building CXX object sdk/keyvault/azure-security-keyvault-keys/CMakeFiles/azure-security-keyvault-keys.dir/src/cryptography/key_wrap_parameters.cpp.o
2026-03-12T23:07:10.1147513Z [ 40%] Building CXX object sdk/keyvault/azure-security-keyvault-keys/CMakeFiles/azure-security-keyvault-keys.dir/src/cryptography/sign_result.cpp.o
2026-03-12T23:07:12.4911827Z [ 41%] Building CXX object sdk/keyvault/azure-security-keyvault-keys/CMakeFiles/azure-security-keyvault-keys.dir/src/cryptography/signature_algorithm.cpp.o
2026-03-12T23:07:12.8213745Z [ 42%] Building CXX object sdk/keyvault/azure-security-keyvault-keys/CMakeFiles/azure-security-keyvault-keys.dir/src/cryptography/wrap_result.cpp.o
2026-03-12T23:07:15.1501635Z [ 42%] Building CXX object sdk/keyvault/azure-security-keyvault-keys/CMakeFiles/azure-security-keyvault-keys.dir/src/cryptography/unwrap_result.cpp.o
2026-03-12T23:07:17.5118297Z [ 43%] Building CXX object sdk/keyvault/azure-security-keyvault-keys/CMakeFiles/azure-security-keyvault-keys.dir/src/cryptography/verify_result.cpp.o
2026-03-12T23:07:19.7375041Z [ 44%] Building CXX object sdk/keyvault/azure-security-keyvault-keys/CMakeFiles/azure-security-keyvault-keys.dir/src/delete_key_operation.cpp.o
2026-03-12T23:07:21.4708493Z [ 44%] Building CXX object sdk/keyvault/azure-security-keyvault-keys/CMakeFiles/azure-security-keyvault-keys.dir/src/deleted_key.cpp.o
2026-03-12T23:07:24.0984328Z [ 45%] Building CXX object sdk/keyvault/azure-security-keyvault-keys/CMakeFiles/azure-security-keyvault-keys.dir/src/import_key_options.cpp.o
2026-03-12T23:07:25.8122848Z [ 46%] Building CXX object sdk/keyvault/azure-security-keyvault-keys/CMakeFiles/azure-security-keyvault-keys.dir/src/json_web_key.cpp.o
2026-03-12T23:07:27.6696351Z [ 47%] Building CXX object sdk/keyvault/azure-security-keyvault-keys/CMakeFiles/azure-security-keyvault-keys.dir/src/key_backup.cpp.o
2026-03-12T23:07:30.2914306Z [ 47%] Building CXX object sdk/keyvault/azure-security-keyvault-keys/CMakeFiles/azure-security-keyvault-keys.dir/src/key_client_options.cpp.o
2026-03-12T23:07:30.9131604Z [ 48%] Building CXX object sdk/keyvault/azure-security-keyvault-keys/CMakeFiles/azure-security-keyvault-keys.dir/src/key_client.cpp.o
2026-03-12T23:07:33.3543610Z [ 49%] Building CXX object sdk/keyvault/azure-security-keyvault-keys/CMakeFiles/azure-security-keyvault-keys.dir/src/key_client_paged_responses.cpp.o
2026-03-12T23:07:36.7867450Z [ 49%] Building CXX object sdk/keyvault/azure-security-keyvault-keys/CMakeFiles/azure-security-keyvault-keys.dir/src/key_curve_name.cpp.o
2026-03-12T23:07:37.2988021Z [ 50%] Building CXX object sdk/keyvault/azure-security-keyvault-keys/CMakeFiles/azure-security-keyvault-keys.dir/src/key_operation.cpp.o
2026-03-12T23:07:37.8045878Z [ 51%] Building CXX object sdk/keyvault/azure-security-keyvault-keys/CMakeFiles/azure-security-keyvault-keys.dir/src/key_request_parameters.cpp.o
2026-03-12T23:07:39.5607039Z [ 51%] Building CXX object sdk/keyvault/azure-security-keyvault-keys/CMakeFiles/azure-security-keyvault-keys.dir/src/key_type.cpp.o
2026-03-12T23:07:40.0628729Z [ 52%] Building CXX object sdk/keyvault/azure-security-keyvault-keys/CMakeFiles/azure-security-keyvault-keys.dir/src/keyvault_key.cpp.o
2026-03-12T23:07:42.8172804Z [ 53%] Building CXX object sdk/keyvault/azure-security-keyvault-keys/CMakeFiles/azure-security-keyvault-keys.dir/src/keyvault_protocol.cpp.o
2026-03-12T23:07:43.8643813Z [ 53%] Building CXX object sdk/keyvault/azure-security-keyvault-keys/CMakeFiles/azure-security-keyvault-keys.dir/src/recover_deleted_key_operation.cpp.o
2026-03-12T23:07:45.6802073Z [ 54%] Linking CXX static library libazure-security-keyvault-keys.a
2026-03-12T23:07:45.7878054Z [ 54%] Built target azure-security-keyvault-keys
2026-03-12T23:07:45.8064545Z [ 55%] Building CXX object sdk/keyvault/azure-security-keyvault-secrets/CMakeFiles/azure-security-keyvault-secrets.dir/src/keyvault_protocol.cpp.o
2026-03-12T23:07:46.9109565Z [ 56%] Building CXX object sdk/keyvault/azure-security-keyvault-secrets/CMakeFiles/azure-security-keyvault-secrets.dir/src/secret_client.cpp.o
2026-03-12T23:07:49.4997421Z [ 56%] Building CXX object sdk/keyvault/azure-security-keyvault-secrets/CMakeFiles/azure-security-keyvault-secrets.dir/src/secret_serializers.cpp.o
2026-03-12T23:07:53.2483744Z [ 57%] Building CXX object sdk/keyvault/azure-security-keyvault-secrets/CMakeFiles/azure-security-keyvault-secrets.dir/src/keyvault_operations.cpp.o
2026-03-12T23:07:55.0457759Z [ 58%] Building CXX object sdk/keyvault/azure-security-keyvault-secrets/CMakeFiles/azure-security-keyvault-secrets.dir/src/keyvault_secret_paged_response.cpp.o
2026-03-12T23:07:55.9468036Z [ 58%] Building CXX object sdk/keyvault/azure-security-keyvault-secrets/CMakeFiles/azure-security-keyvault-secrets.dir/src/keyvault_secret_properties.cpp.o
2026-03-12T23:07:56.7644683Z [ 59%] Building CXX object sdk/keyvault/azure-security-keyvault-secrets/CMakeFiles/azure-security-keyvault-secrets.dir/src/keyvault_secrets_common_request.cpp.o
2026-03-12T23:07:57.8510628Z [ 60%] Linking CXX static library libazure-security-keyvault-secrets.a
2026-03-12T23:07:57.9196713Z [ 60%] Built target azure-security-keyvault-secrets
2026-03-12T23:07:57.9376028Z [ 61%] Building CXX object sdk/keyvault/azure-security-keyvault-certificates/CMakeFiles/azure-security-keyvault-certificates.dir/src/certificate_client.cpp.o
2026-03-12T23:08:00.3911705Z [ 61%] Building CXX object sdk/keyvault/azure-security-keyvault-certificates/CMakeFiles/azure-security-keyvault-certificates.dir/src/certificate_serializers.cpp.o
2026-03-12T23:08:06.3097885Z [ 62%] Building CXX object sdk/keyvault/azure-security-keyvault-certificates/CMakeFiles/azure-security-keyvault-certificates.dir/src/keyvault_certificates_common_request.cpp.o
2026-03-12T23:08:07.3713594Z [ 63%] Building CXX object sdk/keyvault/azure-security-keyvault-certificates/CMakeFiles/azure-security-keyvault-certificates.dir/src/certificate_client_operations.cpp.o
2026-03-12T23:08:09.6966750Z [ 63%] Building CXX object sdk/keyvault/azure-security-keyvault-certificates/CMakeFiles/azure-security-keyvault-certificates.dir/src/certificate_client_paged_response.cpp.o
2026-03-12T23:08:11.1030629Z [ 64%] Linking CXX static library libazure-security-keyvault-certificates.a
2026-03-12T23:08:11.1714978Z [ 64%] Built target azure-security-keyvault-certificates
2026-03-12T23:08:11.1892467Z [ 65%] Building CXX object sdk/storage/azure-storage-common/CMakeFiles/azure-storage-common.dir/src/account_sas_builder.cpp.o
2026-03-12T23:08:11.9774676Z [ 66%] Building CXX object sdk/storage/azure-storage-common/CMakeFiles/azure-storage-common.dir/src/crypt.cpp.o
2026-03-12T23:08:12.6744549Z [ 66%] Building CXX object sdk/storage/azure-storage-common/CMakeFiles/azure-storage-common.dir/src/file_io.cpp.o
2026-03-12T23:08:12.8425482Z [ 67%] Building CXX object sdk/storage/azure-storage-common/CMakeFiles/azure-storage-common.dir/src/reliable_stream.cpp.o
2026-03-12T23:08:13.3147923Z [ 68%] Building CXX object sdk/storage/azure-storage-common/CMakeFiles/azure-storage-common.dir/src/shared_key_policy.cpp.o
2026-03-12T23:08:14.4482645Z [ 68%] Building CXX object sdk/storage/azure-storage-common/CMakeFiles/azure-storage-common.dir/src/storage_common.cpp.o
2026-03-12T23:08:15.0131149Z [ 69%] Building CXX object sdk/storage/azure-storage-common/CMakeFiles/azure-storage-common.dir/src/storage_credential.cpp.o
2026-03-12T23:08:15.9043255Z [ 70%] Building CXX object sdk/storage/azure-storage-common/CMakeFiles/azure-storage-common.dir/src/storage_exception.cpp.o
2026-03-12T23:08:18.5488334Z [ 70%] Building CXX object sdk/storage/azure-storage-common/CMakeFiles/azure-storage-common.dir/src/storage_per_retry_policy.cpp.o
2026-03-12T23:08:19.2896986Z [ 71%] Building CXX object sdk/storage/azure-storage-common/CMakeFiles/azure-storage-common.dir/src/storage_switch_to_secondary_policy.cpp.o
2026-03-12T23:08:19.9850913Z [ 72%] Building CXX object sdk/storage/azure-storage-common/CMakeFiles/azure-storage-common.dir/src/xml_wrapper.cpp.o
2026-03-12T23:08:20.3229179Z [ 73%] Linking CXX static library libazure-storage-common.a
2026-03-12T23:08:20.3914308Z [ 73%] Built target azure-storage-common
2026-03-12T23:08:20.4096066Z [ 73%] Building CXX object sdk/storage/azure-storage-blobs/CMakeFiles/azure-storage-blobs.dir/src/append_blob_client.cpp.o
2026-03-12T23:08:22.1808918Z [ 74%] Building CXX object sdk/storage/azure-storage-blobs/CMakeFiles/azure-storage-blobs.dir/src/blob_client.cpp.o
2026-03-12T23:08:25.6866954Z [ 75%] Building CXX object sdk/storage/azure-storage-blobs/CMakeFiles/azure-storage-blobs.dir/src/blob_container_client.cpp.o
2026-03-12T23:08:28.1838688Z [ 75%] Building CXX object sdk/storage/azure-storage-blobs/CMakeFiles/azure-storage-blobs.dir/src/blob_lease_client.cpp.o
2026-03-12T23:08:29.4264727Z [ 76%] Building CXX object sdk/storage/azure-storage-blobs/CMakeFiles/azure-storage-blobs.dir/src/blob_responses.cpp.o
2026-03-12T23:08:31.6003512Z [ 77%] Building CXX object sdk/storage/azure-storage-blobs/CMakeFiles/azure-storage-blobs.dir/src/blob_sas_builder.cpp.o
2026-03-12T23:08:33.1179012Z [ 77%] Building CXX object sdk/storage/azure-storage-blobs/CMakeFiles/azure-storage-blobs.dir/src/blob_service_client.cpp.o
2026-03-12T23:08:35.4767616Z [ 78%] Building CXX object sdk/storage/azure-storage-blobs/CMakeFiles/azure-storage-blobs.dir/src/block_blob_client.cpp.o
2026-03-12T23:08:37.9410598Z [ 79%] Building CXX object sdk/storage/azure-storage-blobs/CMakeFiles/azure-storage-blobs.dir/src/page_blob_client.cpp.o
2026-03-12T23:08:40.1589722Z [ 80%] Building CXX object sdk/storage/azure-storage-blobs/CMakeFiles/azure-storage-blobs.dir/src/rest_client.cpp.o
2026-03-12T23:08:52.3133680Z [ 80%] Linking CXX static library libazure-storage-blobs.a
2026-03-12T23:08:52.3978109Z [ 80%] Built target azure-storage-blobs
2026-03-12T23:08:52.4159126Z [ 80%] Building CXX object sdk/storage/azure-storage-files-datalake/CMakeFiles/azure-storage-files-datalake.dir/src/datalake_directory_client.cpp.o
2026-03-12T23:08:54.5919721Z [ 81%] Building CXX object sdk/storage/azure-storage-files-datalake/CMakeFiles/azure-storage-files-datalake.dir/src/datalake_file_client.cpp.o
2026-03-12T23:08:57.0664041Z [ 82%] Building CXX object sdk/storage/azure-storage-files-datalake/CMakeFiles/azure-storage-files-datalake.dir/src/datalake_file_system_client.cpp.o
2026-03-12T23:08:59.4648799Z [ 82%] Building CXX object sdk/storage/azure-storage-files-datalake/CMakeFiles/azure-storage-files-datalake.dir/src/datalake_lease_client.cpp.o
2026-03-12T23:09:00.1799304Z [ 83%] Building CXX object sdk/storage/azure-storage-files-datalake/CMakeFiles/azure-storage-files-datalake.dir/src/datalake_path_client.cpp.o
2026-03-12T23:09:02.6612288Z [ 84%] Building CXX object sdk/storage/azure-storage-files-datalake/CMakeFiles/azure-storage-files-datalake.dir/src/datalake_responses.cpp.o
2026-03-12T23:09:03.8895912Z [ 84%] Building CXX object sdk/storage/azure-storage-files-datalake/CMakeFiles/azure-storage-files-datalake.dir/src/datalake_sas_builder.cpp.o
2026-03-12T23:09:05.4699225Z [ 85%] Building CXX object sdk/storage/azure-storage-files-datalake/CMakeFiles/azure-storage-files-datalake.dir/src/datalake_service_client.cpp.o
2026-03-12T23:09:07.8822238Z [ 86%] Building CXX object sdk/storage/azure-storage-files-datalake/CMakeFiles/azure-storage-files-datalake.dir/src/datalake_utilities.cpp.o
2026-03-12T23:09:09.1626761Z [ 86%] Building CXX object sdk/storage/azure-storage-files-datalake/CMakeFiles/azure-storage-files-datalake.dir/src/rest_client.cpp.o
2026-03-12T23:09:13.0709463Z [ 87%] Linking CXX static library libazure-storage-files-datalake.a
2026-03-12T23:09:13.1482162Z [ 87%] Built target azure-storage-files-datalake
2026-03-12T23:09:13.1664003Z [ 88%] Building CXX object sdk/storage/azure-storage-files-shares/CMakeFiles/azure-storage-files-shares.dir/src/rest_client.cpp.o
2026-03-12T23:09:23.1665773Z [ 88%] Building CXX object sdk/storage/azure-storage-files-shares/CMakeFiles/azure-storage-files-shares.dir/src/share_client.cpp.o
2026-03-12T23:09:25.2029029Z [ 89%] Building CXX object sdk/storage/azure-storage-files-shares/CMakeFiles/azure-storage-files-shares.dir/src/share_directory_client.cpp.o
2026-03-12T23:09:27.5102754Z [ 90%] Building CXX object sdk/storage/azure-storage-files-shares/CMakeFiles/azure-storage-files-shares.dir/src/share_file_client.cpp.o
2026-03-12T23:09:30.7858076Z [ 91%] Building CXX object sdk/storage/azure-storage-files-shares/CMakeFiles/azure-storage-files-shares.dir/src/share_lease_client.cpp.o
2026-03-12T23:09:31.7686024Z [ 91%] Building CXX object sdk/storage/azure-storage-files-shares/CMakeFiles/azure-storage-files-shares.dir/src/share_responses.cpp.o
2026-03-12T23:09:33.8760229Z [ 92%] Building CXX object sdk/storage/azure-storage-files-shares/CMakeFiles/azure-storage-files-shares.dir/src/share_sas_builder.cpp.o
2026-03-12T23:09:34.7557093Z [ 93%] Building CXX object sdk/storage/azure-storage-files-shares/CMakeFiles/azure-storage-files-shares.dir/src/share_service_client.cpp.o
2026-03-12T23:09:36.6983574Z [ 93%] Linking CXX static library libazure-storage-files-shares.a
2026-03-12T23:09:36.7770686Z [ 93%] Built target azure-storage-files-shares
2026-03-12T23:09:36.7952480Z [ 94%] Building CXX object sdk/storage/azure-storage-queues/CMakeFiles/azure-storage-queues.dir/src/queue_client.cpp.o
2026-03-12T23:09:38.9053295Z [ 95%] Building CXX object sdk/storage/azure-storage-queues/CMakeFiles/azure-storage-queues.dir/src/queue_options.cpp.o
2026-03-12T23:09:39.5069335Z [ 95%] Building CXX object sdk/storage/azure-storage-queues/CMakeFiles/azure-storage-queues.dir/src/queue_responses.cpp.o
2026-03-12T23:09:40.2902890Z [ 96%] Building CXX object sdk/storage/azure-storage-queues/CMakeFiles/azure-storage-queues.dir/src/queue_sas_builder.cpp.o
2026-03-12T23:09:41.1157569Z [ 97%] Building CXX object sdk/storage/azure-storage-queues/CMakeFiles/azure-storage-queues.dir/src/queue_service_client.cpp.o
2026-03-12T23:09:43.3242386Z [ 97%] Building CXX object sdk/storage/azure-storage-queues/CMakeFiles/azure-storage-queues.dir/src/rest_client.cpp.o
2026-03-12T23:09:46.8924065Z [ 98%] Linking CXX static library libazure-storage-queues.a
2026-03-12T23:09:46.9615129Z [ 98%] Built target azure-storage-queues
2026-03-12T23:09:46.9808514Z [ 99%] Building CXX object sdk/template/azure-template/CMakeFiles/azure-template.dir/src/template_client.cpp.o
2026-03-12T23:09:47.1258230Z [100%] Linking CXX static library libazure-template.a
2026-03-12T23:09:47.1874405Z [100%] Built target azure-template
2026-03-12T23:09:47.2581776Z Consolidate compiler generated dependencies of target azure-core
2026-03-12T23:09:47.2753755Z [ 19%] Built target azure-core
2026-03-12T23:09:47.2969108Z Consolidate compiler generated dependencies of target azure-security-attestation
2026-03-12T23:09:47.3115070Z [ 27%] Built target azure-security-attestation
2026-03-12T23:09:47.3286156Z Consolidate compiler generated dependencies of target azure-identity
2026-03-12T23:09:47.3420862Z [ 32%] Built target azure-identity
2026-03-12T23:09:47.3825319Z Consolidate compiler generated dependencies of target azure-security-keyvault-keys
2026-03-12T23:09:47.4015250Z [ 54%] Built target azure-security-keyvault-keys
2026-03-12T23:09:47.4191179Z Consolidate compiler generated dependencies of target azure-security-keyvault-secrets
2026-03-12T23:09:47.4324333Z [ 60%] Built target azure-security-keyvault-secrets
2026-03-12T23:09:47.4480819Z Consolidate compiler generated dependencies of target azure-security-keyvault-certificates
2026-03-12T23:09:47.4613042Z [ 64%] Built target azure-security-keyvault-certificates
2026-03-12T23:09:47.4819365Z Consolidate compiler generated dependencies of target azure-storage-common
2026-03-12T23:09:47.4971546Z [ 73%] Built target azure-storage-common
2026-03-12T23:09:47.5187806Z Consolidate compiler generated dependencies of target azure-storage-blobs
2026-03-12T23:09:47.5332498Z [ 80%] Built target azure-storage-blobs
2026-03-12T23:09:47.5550916Z Consolidate compiler generated dependencies of target azure-storage-files-datalake
2026-03-12T23:09:47.5699286Z [ 87%] Built target azure-storage-files-datalake
2026-03-12T23:09:47.5892294Z Consolidate compiler generated dependencies of target azure-storage-files-shares
2026-03-12T23:09:47.6035008Z [ 93%] Built target azure-storage-files-shares
2026-03-12T23:09:47.6204328Z Consolidate compiler generated dependencies of target azure-storage-queues
2026-03-12T23:09:47.6337474Z [ 98%] Built target azure-storage-queues
2026-03-12T23:09:47.6449041Z Consolidate compiler generated dependencies of target azure-template
2026-03-12T23:09:47.6566790Z [100%] Built target azure-template
2026-03-12T23:09:47.6769518Z Install the project...
2026-03-12T23:09:47.6855341Z -- Install configuration: "Release"
2026-03-12T23:09:47.6859374Z -- Up-to-date: /usr/local/include
2026-03-12T23:09:47.6860413Z -- Installing: /usr/local/include/azure
2026-03-12T23:09:47.6863254Z -- Installing: /usr/local/include/azure/core.hpp
2026-03-12T23:09:47.6866434Z -- Installing: /usr/local/include/azure/core
2026-03-12T23:09:47.6868530Z -- Installing: /usr/local/include/azure/core/dll_import_export.hpp
2026-03-12T23:09:47.6871409Z -- Installing: /usr/local/include/azure/core/etag.hpp
2026-03-12T23:09:47.6874499Z -- Installing: /usr/local/include/azure/core/paged_response.hpp
2026-03-12T23:09:47.6877384Z -- Installing: /usr/local/include/azure/core/base64.hpp
2026-03-12T23:09:47.6880362Z -- Installing: /usr/local/include/azure/core/match_conditions.hpp
2026-03-12T23:09:47.6883249Z -- Installing: /usr/local/include/azure/core/cryptography
2026-03-12T23:09:47.6884433Z -- Installing: /usr/local/include/azure/core/cryptography/hash.hpp
2026-03-12T23:09:47.6887403Z -- Installing: /usr/local/include/azure/core/datetime.hpp
2026-03-12T23:09:47.6890613Z -- Installing: /usr/local/include/azure/core/url.hpp
2026-03-12T23:09:47.6894290Z -- Installing: /usr/local/include/azure/core/exception.hpp
2026-03-12T23:09:47.6896947Z -- Installing: /usr/local/include/azure/core/internal
2026-03-12T23:09:47.6899657Z -- Installing: /usr/local/include/azure/core/internal/client_options.hpp
2026-03-12T23:09:47.6902515Z -- Installing: /usr/local/include/azure/core/internal/environment.hpp
2026-03-12T23:09:47.6905304Z -- Installing: /usr/local/include/azure/core/internal/cryptography
2026-03-12T23:09:47.6907189Z -- Installing: /usr/local/include/azure/core/internal/cryptography/sha_hash.hpp
2026-03-12T23:09:47.6910336Z -- Installing: /usr/local/include/azure/core/internal/contract.hpp
2026-03-12T23:09:47.6913418Z -- Installing: /usr/local/include/azure/core/internal/extendable_enumeration.hpp
2026-03-12T23:09:47.6916151Z -- Installing: /usr/local/include/azure/core/internal/io
2026-03-12T23:09:47.6917918Z -- Installing: /usr/local/include/azure/core/internal/io/null_body_stream.hpp
2026-03-12T23:09:47.6920930Z -- Installing: /usr/local/include/azure/core/internal/diagnostics
2026-03-12T23:09:47.6923086Z -- Installing: /usr/local/include/azure/core/internal/diagnostics/log.hpp
2026-03-12T23:09:47.6926026Z -- Installing: /usr/local/include/azure/core/internal/http
2026-03-12T23:09:47.6927886Z -- Installing: /usr/local/include/azure/core/internal/http/pipeline.hpp
2026-03-12T23:09:47.6930812Z -- Installing: /usr/local/include/azure/core/internal/strings.hpp
2026-03-12T23:09:47.6933426Z -- Installing: /usr/local/include/azure/core/internal/json
2026-03-12T23:09:47.6935653Z -- Installing: /usr/local/include/azure/core/internal/json/json.hpp
2026-03-12T23:09:47.6950133Z -- Installing: /usr/local/include/azure/core/internal/json/json_serializable.hpp
2026-03-12T23:09:47.6953094Z -- Installing: /usr/local/include/azure/core/internal/json/json_optional.hpp
2026-03-12T23:09:47.6956274Z -- Installing: /usr/local/include/azure/core/modified_conditions.hpp
2026-03-12T23:09:47.6959091Z -- Installing: /usr/local/include/azure/core/platform.hpp
2026-03-12T23:09:47.6962414Z -- Installing: /usr/local/include/azure/core/credentials
2026-03-12T23:09:47.6963901Z -- Installing: /usr/local/include/azure/core/credentials/credentials.hpp
2026-03-12T23:09:47.6967128Z -- Installing: /usr/local/include/azure/core/credentials/token_credential_options.hpp
2026-03-12T23:09:47.6970098Z -- Installing: /usr/local/include/azure/core/io
2026-03-12T23:09:47.6972678Z -- Installing: /usr/local/include/azure/core/io/body_stream.hpp
2026-03-12T23:09:47.6975237Z -- Installing: /usr/local/include/azure/core/nullable.hpp
2026-03-12T23:09:47.6978388Z -- Installing: /usr/local/include/azure/core/uuid.hpp
2026-03-12T23:09:47.6981936Z -- Installing: /usr/local/include/azure/core/diagnostics
2026-03-12T23:09:47.6984288Z -- Installing: /usr/local/include/azure/core/diagnostics/logger.hpp
2026-03-12T23:09:47.6985985Z -- Installing: /usr/local/include/azure/core/context.hpp
2026-03-12T23:09:47.6989038Z -- Installing: /usr/local/include/azure/core/operation.hpp
2026-03-12T23:09:47.6992158Z -- Installing: /usr/local/include/azure/core/http
2026-03-12T23:09:47.6993617Z -- Installing: /usr/local/include/azure/core/http/http.hpp
2026-03-12T23:09:47.6996803Z -- Installing: /usr/local/include/azure/core/http/curl_transport.hpp
2026-03-12T23:09:47.6999726Z -- Installing: /usr/local/include/azure/core/http/win_http_transport.hpp
2026-03-12T23:09:47.7003761Z -- Installing: /usr/local/include/azure/core/http/raw_response.hpp
2026-03-12T23:09:47.7006833Z -- Installing: /usr/local/include/azure/core/http/transport.hpp
2026-03-12T23:09:47.7009185Z -- Installing: /usr/local/include/azure/core/http/policies
2026-03-12T23:09:47.7011216Z -- Installing: /usr/local/include/azure/core/http/policies/policy.hpp
2026-03-12T23:09:47.7014181Z -- Installing: /usr/local/include/azure/core/http/http_status_code.hpp
2026-03-12T23:09:47.7017431Z -- Installing: /usr/local/include/azure/core/case_insensitive_containers.hpp
2026-03-12T23:09:47.7020917Z -- Installing: /usr/local/include/azure/core/azure_assert.hpp
2026-03-12T23:09:47.7023800Z -- Installing: /usr/local/include/azure/core/response.hpp
2026-03-12T23:09:47.7026912Z -- Installing: /usr/local/include/azure/core/operation_status.hpp
2026-03-12T23:09:47.7029637Z -- Installing: /usr/local/include/azure/core/rtti.hpp
2026-03-12T23:09:47.7034194Z -- Installing: /usr/local/share/azure-core-cpp/copyright
2026-03-12T23:09:47.7037462Z -- Installing: /usr/local/lib/libazure-core.a
2026-03-12T23:09:47.7053015Z -- Installing: /usr/local/share/azure-core-cpp/azure-core-cppTargets.cmake
2026-03-12T23:09:47.7056072Z -- Installing: /usr/local/share/azure-core-cpp/azure-core-cppTargets-release.cmake
2026-03-12T23:09:47.7059380Z -- Installing: /usr/local/share/azure-core-cpp/azure-core-cppConfig.cmake
2026-03-12T23:09:47.7062580Z -- Installing: /usr/local/share/azure-core-cpp/azure-core-cppConfigVersion.cmake
2026-03-12T23:09:47.7065480Z -- Up-to-date: /usr/local/include/azure/core/rtti.hpp
2026-03-12T23:09:47.7070527Z -- Up-to-date: /usr/local/include
2026-03-12T23:09:47.7071048Z -- Up-to-date: /usr/local/include/azure
2026-03-12T23:09:47.7071856Z -- Installing: /usr/local/include/azure/attestation
2026-03-12T23:09:47.7073923Z -- Installing: /usr/local/include/azure/attestation/dll_import_export.hpp
2026-03-12T23:09:47.7077153Z -- Installing: /usr/local/include/azure/attestation/attestation_administration_client.hpp
2026-03-12T23:09:47.7080374Z -- Installing: /usr/local/include/azure/attestation/attestation_client_options.hpp
2026-03-12T23:09:47.7083511Z -- Installing: /usr/local/include/azure/attestation/attestation_client.hpp
2026-03-12T23:09:47.7086808Z -- Installing: /usr/local/include/azure/attestation/attestation_client_models.hpp
2026-03-12T23:09:47.7089766Z -- Installing: /usr/local/include/azure/attestation/rtti.hpp
2026-03-12T23:09:47.7092410Z -- Installing: /usr/local/include/azure/attestation.hpp
2026-03-12T23:09:47.7096263Z -- Installing: /usr/local/share/azure-security-attestation-cpp/copyright
2026-03-12T23:09:47.7099338Z -- Installing: /usr/local/lib/libazure-security-attestation.a
2026-03-12T23:09:47.7127950Z -- Installing: /usr/local/share/azure-security-attestation-cpp/azure-security-attestation-cppTargets.cmake
2026-03-12T23:09:47.7131410Z -- Installing: /usr/local/share/azure-security-attestation-cpp/azure-security-attestation-cppTargets-release.cmake
2026-03-12T23:09:47.7134246Z -- Installing: /usr/local/share/azure-security-attestation-cpp/azure-security-attestation-cppConfig.cmake
2026-03-12T23:09:47.7137671Z -- Installing: /usr/local/share/azure-security-attestation-cpp/azure-security-attestation-cppConfigVersion.cmake
2026-03-12T23:09:47.7140506Z -- Up-to-date: /usr/local/include/azure/attestation/rtti.hpp
2026-03-12T23:09:47.7145089Z -- Up-to-date: /usr/local/include
2026-03-12T23:09:47.7145590Z -- Up-to-date: /usr/local/include/azure
2026-03-12T23:09:47.7147210Z -- Installing: /usr/local/include/azure/identity.hpp
2026-03-12T23:09:47.7149817Z -- Installing: /usr/local/include/azure/identity
2026-03-12T23:09:47.7150976Z -- Installing: /usr/local/include/azure/identity/dll_import_export.hpp
2026-03-12T23:09:47.7154420Z -- Installing: /usr/local/include/azure/identity/environment_credential.hpp
2026-03-12T23:09:47.7157690Z -- Installing: /usr/local/include/azure/identity/client_certificate_credential.hpp
2026-03-12T23:09:47.7160603Z -- Installing: /usr/local/include/azure/identity/chained_token_credential.hpp
2026-03-12T23:09:47.7164050Z -- Installing: /usr/local/include/azure/identity/managed_identity_credential.hpp
2026-03-12T23:09:47.7166832Z -- Installing: /usr/local/include/azure/identity/client_secret_credential.hpp
2026-03-12T23:09:47.7169698Z -- Installing: /usr/local/include/azure/identity/rtti.hpp
2026-03-12T23:09:47.7174097Z -- Installing: /usr/local/share/azure-identity-cpp/copyright
2026-03-12T23:09:47.7176908Z -- Installing: /usr/local/lib/libazure-identity.a
2026-03-12T23:09:47.7186306Z -- Installing: /usr/local/share/azure-identity-cpp/azure-identity-cppTargets.cmake
2026-03-12T23:09:47.7189584Z -- Installing: /usr/local/share/azure-identity-cpp/azure-identity-cppTargets-release.cmake
2026-03-12T23:09:47.7193021Z -- Installing: /usr/local/share/azure-identity-cpp/azure-identity-cppConfig.cmake
2026-03-12T23:09:47.7195961Z -- Installing: /usr/local/share/azure-identity-cpp/azure-identity-cppConfigVersion.cmake
2026-03-12T23:09:47.7199121Z -- Up-to-date: /usr/local/include/azure/identity/rtti.hpp
2026-03-12T23:09:47.7203393Z -- Up-to-date: /usr/local/include
2026-03-12T23:09:47.7204466Z -- Up-to-date: /usr/local/include/azure
2026-03-12T23:09:47.7205029Z -- Installing: /usr/local/include/azure/keyvault
2026-03-12T23:09:47.7206848Z -- Installing: /usr/local/include/azure/keyvault/keyvault_keys.hpp
2026-03-12T23:09:47.7209525Z -- Installing: /usr/local/include/azure/keyvault/keys
2026-03-12T23:09:47.7211560Z -- Installing: /usr/local/include/azure/keyvault/keys/dll_import_export.hpp
2026-03-12T23:09:47.7215317Z -- Installing: /usr/local/include/azure/keyvault/keys/key_client.hpp
2026-03-12T23:09:47.7218412Z -- Installing: /usr/local/include/azure/keyvault/keys/cryptography
2026-03-12T23:09:47.7220244Z -- Installing: /usr/local/include/azure/keyvault/keys/cryptography/cryptography_client.hpp
2026-03-12T23:09:47.7223641Z -- Installing: /usr/local/include/azure/keyvault/keys/cryptography/cryptography_client_models.hpp
2026-03-12T23:09:47.7226969Z -- Installing: /usr/local/include/azure/keyvault/keys/cryptography/cryptography_client_options.hpp
2026-03-12T23:09:47.7229805Z -- Installing: /usr/local/include/azure/keyvault/keys/key_client_options.hpp
2026-03-12T23:09:47.7233108Z -- Installing: /usr/local/include/azure/keyvault/keys/key_client_models.hpp
2026-03-12T23:09:47.7236448Z -- Installing: /usr/local/include/azure/keyvault/keys/rtti.hpp
2026-03-12T23:09:47.7240432Z -- Installing: /usr/local/share/azure-security-keyvault-keys-cpp/copyright
2026-03-12T23:09:47.7243911Z -- Installing: /usr/local/lib/libazure-security-keyvault-keys.a
2026-03-12T23:09:47.7299365Z -- Installing: /usr/local/share/azure-security-keyvault-keys-cpp/azure-security-keyvault-keys-cppTargets.cmake
2026-03-12T23:09:47.7303427Z -- Installing: /usr/local/share/azure-security-keyvault-keys-cpp/azure-security-keyvault-keys-cppTargets-release.cmake
2026-03-12T23:09:47.7306677Z -- Installing: /usr/local/share/azure-security-keyvault-keys-cpp/azure-security-keyvault-keys-cppConfig.cmake
2026-03-12T23:09:47.7309887Z -- Installing: /usr/local/share/azure-security-keyvault-keys-cpp/azure-security-keyvault-keys-cppConfigVersion.cmake
2026-03-12T23:09:47.7312934Z -- Up-to-date: /usr/local/include/azure/keyvault/keys/rtti.hpp
2026-03-12T23:09:47.7316042Z -- Up-to-date: /usr/local/include
2026-03-12T23:09:47.7317636Z -- Up-to-date: /usr/local/include/azure
2026-03-12T23:09:47.7318213Z -- Up-to-date: /usr/local/include/azure/keyvault
2026-03-12T23:09:47.7318850Z -- Installing: /usr/local/include/azure/keyvault/secrets
2026-03-12T23:09:47.7321203Z -- Installing: /usr/local/include/azure/keyvault/secrets/dll_import_export.hpp
2026-03-12T23:09:47.7324033Z -- Installing: /usr/local/include/azure/keyvault/secrets/keyvault_deleted_secret.hpp
2026-03-12T23:09:47.7326928Z -- Installing: /usr/local/include/azure/keyvault/secrets/secret_client.hpp
2026-03-12T23:09:47.7329754Z -- Installing: /usr/local/include/azure/keyvault/secrets/keyvault_options.hpp
2026-03-12T23:09:47.7333132Z -- Installing: /usr/local/include/azure/keyvault/secrets/keyvault_operations.hpp
2026-03-12T23:09:47.7336352Z -- Installing: /usr/local/include/azure/keyvault/secrets/keyvault_secret.hpp
2026-03-12T23:09:47.7339515Z -- Installing: /usr/local/include/azure/keyvault/secrets/keyvault_backup_secret.hpp
2026-03-12T23:09:47.7342895Z -- Installing: /usr/local/include/azure/keyvault/secrets/keyvault_secret_properties.hpp
2026-03-12T23:09:47.7346109Z -- Installing: /usr/local/include/azure/keyvault/secrets/keyvault_secret_paged_response.hpp
2026-03-12T23:09:47.7348315Z -- Installing: /usr/local/include/azure/keyvault/secrets/rtti.hpp
2026-03-12T23:09:47.7351779Z -- Installing: /usr/local/include/azure/keyvault/keyvault_secrets.hpp
2026-03-12T23:09:47.7355604Z -- Installing: /usr/local/share/azure-security-keyvault-secrets-cpp/copyright
2026-03-12T23:09:47.7358788Z -- Installing: /usr/local/lib/libazure-security-keyvault-secrets.a
2026-03-12T23:09:47.7374692Z -- Installing: /usr/local/share/azure-security-keyvault-secrets-cpp/azure-security-keyvault-secrets-cppTargets.cmake
2026-03-12T23:09:47.7378344Z -- Installing: /usr/local/share/azure-security-keyvault-secrets-cpp/azure-security-keyvault-secrets-cppTargets-release.cmake
2026-03-12T23:09:47.7381532Z -- Installing: /usr/local/share/azure-security-keyvault-secrets-cpp/azure-security-keyvault-secrets-cppConfig.cmake
2026-03-12T23:09:47.7384765Z -- Installing: /usr/local/share/azure-security-keyvault-secrets-cpp/azure-security-keyvault-secrets-cppConfigVersion.cmake
2026-03-12T23:09:47.7387855Z -- Up-to-date: /usr/local/include/azure/keyvault/secrets/rtti.hpp
2026-03-12T23:09:47.7391128Z -- Up-to-date: /usr/local/include
2026-03-12T23:09:47.7392121Z -- Up-to-date: /usr/local/include/azure
2026-03-12T23:09:47.7392648Z -- Up-to-date: /usr/local/include/azure/keyvault
2026-03-12T23:09:47.7394079Z -- Installing: /usr/local/include/azure/keyvault/keyvault_certificates.hpp
2026-03-12T23:09:47.7398238Z -- Installing: /usr/local/include/azure/keyvault/certificates
2026-03-12T23:09:47.7398892Z -- Installing: /usr/local/include/azure/keyvault/certificates/dll_import_export.hpp
2026-03-12T23:09:47.7401717Z -- Installing: /usr/local/include/azure/keyvault/certificates/certificate_client_models.hpp
2026-03-12T23:09:47.7405050Z -- Installing: /usr/local/include/azure/keyvault/certificates/certificate_client_operations.hpp
2026-03-12T23:09:47.7407969Z -- Installing: /usr/local/include/azure/keyvault/certificates/certificate_client.hpp
2026-03-12T23:09:47.7411322Z -- Installing: /usr/local/include/azure/keyvault/certificates/certificate_client_options.hpp
2026-03-12T23:09:47.7414148Z -- Installing: /usr/local/include/azure/keyvault/certificates/rtti.hpp
2026-03-12T23:09:47.7418239Z -- Installing: /usr/local/share/azure-security-keyvault-certificates-cpp/copyright
2026-03-12T23:09:47.7421748Z -- Installing: /usr/local/lib/libazure-security-keyvault-certificates.a
2026-03-12T23:09:47.7442461Z -- Installing: /usr/local/share/azure-security-keyvault-certificates-cpp/azure-security-keyvault-certificates-cppTargets.cmake
2026-03-12T23:09:47.7445813Z -- Installing: /usr/local/share/azure-security-keyvault-certificates-cpp/azure-security-keyvault-certificates-cppTargets-release.cmake
2026-03-12T23:09:47.7449279Z -- Installing: /usr/local/share/azure-security-keyvault-certificates-cpp/azure-security-keyvault-certificates-cppConfig.cmake
2026-03-12T23:09:47.7452934Z -- Installing: /usr/local/share/azure-security-keyvault-certificates-cpp/azure-security-keyvault-certificates-cppConfigVersion.cmake
2026-03-12T23:09:47.7455748Z -- Installing: /usr/local/include/azure/keyvault/certificates/rtti.hpp
2026-03-12T23:09:47.7462558Z -- Up-to-date: /usr/local/include
2026-03-12T23:09:47.7463039Z -- Up-to-date: /usr/local/include/azure
2026-03-12T23:09:47.7463578Z -- Installing: /usr/local/include/azure/storage
2026-03-12T23:09:47.7464898Z -- Installing: /usr/local/include/azure/storage/common
2026-03-12T23:09:47.7466880Z -- Installing: /usr/local/include/azure/storage/common/account_sas_builder.hpp
2026-03-12T23:09:47.7470492Z -- Installing: /usr/local/include/azure/storage/common/dll_import_export.hpp
2026-03-12T23:09:47.7473703Z -- Installing: /usr/local/include/azure/storage/common/storage_credential.hpp
2026-03-12T23:09:47.7476886Z -- Installing: /usr/local/include/azure/storage/common/storage_common.hpp
2026-03-12T23:09:47.7479726Z -- Installing: /usr/local/include/azure/storage/common/crypt.hpp
2026-03-12T23:09:47.7482930Z -- Installing: /usr/local/include/azure/storage/common/internal
2026-03-12T23:09:47.7484490Z -- Installing: /usr/local/include/azure/storage/common/internal/file_io.hpp
2026-03-12T23:09:47.7487677Z -- Installing: /usr/local/include/azure/storage/common/internal/shared_key_policy.hpp
2026-03-12T23:09:47.7490283Z -- Installing: /usr/local/include/azure/storage/common/internal/xml_wrapper.hpp
2026-03-12T23:09:47.7493533Z -- Installing: /usr/local/include/azure/storage/common/internal/concurrent_transfer.hpp
2026-03-12T23:09:47.7496559Z -- Installing: /usr/local/include/azure/storage/common/internal/storage_switch_to_secondary_policy.hpp
2026-03-12T23:09:47.7499510Z -- Installing: /usr/local/include/azure/storage/common/internal/reliable_stream.hpp
2026-03-12T23:09:47.7502450Z -- Installing: /usr/local/include/azure/storage/common/internal/storage_per_retry_policy.hpp
2026-03-12T23:09:47.7505634Z -- Installing: /usr/local/include/azure/storage/common/internal/constants.hpp
2026-03-12T23:09:47.7508794Z -- Installing: /usr/local/include/azure/storage/common/internal/storage_service_version_policy.hpp
2026-03-12T23:09:47.7511646Z -- Installing: /usr/local/include/azure/storage/common/access_conditions.hpp
2026-03-12T23:09:47.7514473Z -- Installing: /usr/local/include/azure/storage/common/storage_exception.hpp
2026-03-12T23:09:47.7517311Z -- Installing: /usr/local/include/azure/storage/common/rtti.hpp
2026-03-12T23:09:47.7521379Z -- Installing: /usr/local/share/azure-storage-common-cpp/copyright
2026-03-12T23:09:47.7525314Z -- Installing: /usr/local/lib/libazure-storage-common.a
2026-03-12T23:09:47.7535379Z -- Installing: /usr/local/share/azure-storage-common-cpp/azure-storage-common-cppTargets.cmake
2026-03-12T23:09:47.7538680Z -- Installing: /usr/local/share/azure-storage-common-cpp/azure-storage-common-cppTargets-release.cmake
2026-03-12T23:09:47.7541851Z -- Installing: /usr/local/share/azure-storage-common-cpp/azure-storage-common-cppConfig.cmake
2026-03-12T23:09:47.7544866Z -- Installing: /usr/local/share/azure-storage-common-cpp/azure-storage-common-cppConfigVersion.cmake
2026-03-12T23:09:47.7547939Z -- Installing: /usr/local/include/azure/storage/common/rtti.hpp
2026-03-12T23:09:47.7553185Z -- Up-to-date: /usr/local/include
2026-03-12T23:09:47.7554253Z -- Up-to-date: /usr/local/include/azure
2026-03-12T23:09:47.7554886Z -- Up-to-date: /usr/local/include/azure/storage
2026-03-12T23:09:47.7556497Z -- Installing: /usr/local/include/azure/storage/blobs.hpp
2026-03-12T23:09:47.7559735Z -- Installing: /usr/local/include/azure/storage/blobs
2026-03-12T23:09:47.7560744Z -- Installing: /usr/local/include/azure/storage/blobs/dll_import_export.hpp
2026-03-12T23:09:47.7564080Z -- Installing: /usr/local/include/azure/storage/blobs/blob_responses.hpp
2026-03-12T23:09:47.7567189Z -- Installing: /usr/local/include/azure/storage/blobs/blob_service_client.hpp
2026-03-12T23:09:47.7571386Z -- Installing: /usr/local/include/azure/storage/blobs/append_blob_client.hpp
2026-03-12T23:09:47.7573564Z -- Installing: /usr/local/include/azure/storage/blobs/blob_options.hpp
2026-03-12T23:09:47.7577460Z -- Installing: /usr/local/include/azure/storage/blobs/block_blob_client.hpp
2026-03-12T23:09:47.7580562Z -- Installing: /usr/local/include/azure/storage/blobs/rest_client.hpp
2026-03-12T23:09:47.7585868Z -- Installing: /usr/local/include/azure/storage/blobs/blob_container_client.hpp
2026-03-12T23:09:47.7588711Z -- Installing: /usr/local/include/azure/storage/blobs/blob_sas_builder.hpp
2026-03-12T23:09:47.7592289Z -- Installing: /usr/local/include/azure/storage/blobs/blob_lease_client.hpp
2026-03-12T23:09:47.7595240Z -- Installing: /usr/local/include/azure/storage/blobs/blob_client.hpp
2026-03-12T23:09:47.7598672Z -- Installing: /usr/local/include/azure/storage/blobs/page_blob_client.hpp
2026-03-12T23:09:47.7602114Z -- Installing: /usr/local/include/azure/storage/blobs/rtti.hpp
2026-03-12T23:09:47.7606169Z -- Installing: /usr/local/share/azure-storage-blobs-cpp/copyright
2026-03-12T23:09:47.7609363Z -- Installing: /usr/local/lib/libazure-storage-blobs.a
2026-03-12T23:09:47.7650789Z -- Installing: /usr/local/share/azure-storage-blobs-cpp/azure-storage-blobs-cppTargets.cmake
2026-03-12T23:09:47.7654448Z -- Installing: /usr/local/share/azure-storage-blobs-cpp/azure-storage-blobs-cppTargets-release.cmake
2026-03-12T23:09:47.7657945Z -- Installing: /usr/local/share/azure-storage-blobs-cpp/azure-storage-blobs-cppConfig.cmake
2026-03-12T23:09:47.7660627Z -- Installing: /usr/local/share/azure-storage-blobs-cpp/azure-storage-blobs-cppConfigVersion.cmake
2026-03-12T23:09:47.7663622Z -- Installing: /usr/local/include/azure/storage/blobs/rtti.hpp
2026-03-12T23:09:47.7668680Z -- Up-to-date: /usr/local/include
2026-03-12T23:09:47.7669339Z -- Up-to-date: /usr/local/include/azure
2026-03-12T23:09:47.7670407Z -- Up-to-date: /usr/local/include/azure/storage
2026-03-12T23:09:47.7672740Z -- Installing: /usr/local/include/azure/storage/files
2026-03-12T23:09:47.7674388Z -- Installing: /usr/local/include/azure/storage/files/datalake.hpp
2026-03-12T23:09:47.7677491Z -- Installing: /usr/local/include/azure/storage/files/datalake
2026-03-12T23:09:47.7678925Z -- Installing: /usr/local/include/azure/storage/files/datalake/dll_import_export.hpp
2026-03-12T23:09:47.7682448Z -- Installing: /usr/local/include/azure/storage/files/datalake/datalake_path_client.hpp
2026-03-12T23:09:47.7685449Z -- Installing: /usr/local/include/azure/storage/files/datalake/datalake_service_client.hpp
2026-03-12T23:09:47.7689153Z -- Installing: /usr/local/include/azure/storage/files/datalake/datalake_options.hpp
2026-03-12T23:09:47.7691639Z -- Installing: /usr/local/include/azure/storage/files/datalake/datalake_file_client.hpp
2026-03-12T23:09:47.7694890Z -- Installing: /usr/local/include/azure/storage/files/datalake/rest_client.hpp
2026-03-12T23:09:47.7698495Z -- Installing: /usr/local/include/azure/storage/files/datalake/datalake_file_system_client.hpp
2026-03-12T23:09:47.7701989Z -- Installing: /usr/local/include/azure/storage/files/datalake/datalake_directory_client.hpp
2026-03-12T23:09:47.7705146Z -- Installing: /usr/local/include/azure/storage/files/datalake/datalake_lease_client.hpp
2026-03-12T23:09:47.7708591Z -- Installing: /usr/local/include/azure/storage/files/datalake/datalake_sas_builder.hpp
2026-03-12T23:09:47.7711520Z -- Installing: /usr/local/include/azure/storage/files/datalake/datalake_responses.hpp
2026-03-12T23:09:47.7714966Z -- Installing: /usr/local/include/azure/storage/files/datalake/rtti.hpp
2026-03-12T23:09:47.7719095Z -- Installing: /usr/local/share/azure-storage-files-datalake-cpp/copyright
2026-03-12T23:09:47.7722588Z -- Installing: /usr/local/lib/libazure-storage-files-datalake.a
2026-03-12T23:09:47.7749084Z -- Installing: /usr/local/share/azure-storage-files-datalake-cpp/azure-storage-files-datalake-cppTargets.cmake
2026-03-12T23:09:47.7752827Z -- Installing: /usr/local/share/azure-storage-files-datalake-cpp/azure-storage-files-datalake-cppTargets-release.cmake
2026-03-12T23:09:47.7756198Z -- Installing: /usr/local/share/azure-storage-files-datalake-cpp/azure-storage-files-datalake-cppConfig.cmake
2026-03-12T23:09:47.7758833Z -- Installing: /usr/local/share/azure-storage-files-datalake-cpp/azure-storage-files-datalake-cppConfigVersion.cmake
2026-03-12T23:09:47.7762260Z -- Installing: /usr/local/include/azure/storage/files/datalake/rtti.hpp
2026-03-12T23:09:47.7767520Z -- Up-to-date: /usr/local/include
2026-03-12T23:09:47.7769185Z -- Up-to-date: /usr/local/include/azure
2026-03-12T23:09:47.7770110Z -- Up-to-date: /usr/local/include/azure/storage
2026-03-12T23:09:47.7770882Z -- Up-to-date: /usr/local/include/azure/storage/files
2026-03-12T23:09:47.7771695Z -- Installing: /usr/local/include/azure/storage/files/shares.hpp
2026-03-12T23:09:47.7774285Z -- Installing: /usr/local/include/azure/storage/files/shares
2026-03-12T23:09:47.7776246Z -- Installing: /usr/local/include/azure/storage/files/shares/dll_import_export.hpp
2026-03-12T23:09:47.7779261Z -- Installing: /usr/local/include/azure/storage/files/shares/share_constants.hpp
2026-03-12T23:09:47.7782851Z -- Installing: /usr/local/include/azure/storage/files/shares/share_client.hpp
2026-03-12T23:09:47.7786035Z -- Installing: /usr/local/include/azure/storage/files/shares/rest_client.hpp
2026-03-12T23:09:47.7790465Z -- Installing: /usr/local/include/azure/storage/files/shares/share_service_client.hpp
2026-03-12T23:09:47.7793401Z -- Installing: /usr/local/include/azure/storage/files/shares/share_responses.hpp
2026-03-12T23:09:47.7796970Z -- Installing: /usr/local/include/azure/storage/files/shares/share_directory_client.hpp
2026-03-12T23:09:47.7800575Z -- Installing: /usr/local/include/azure/storage/files/shares/share_options.hpp
2026-03-12T23:09:47.7804033Z -- Installing: /usr/local/include/azure/storage/files/shares/share_file_client.hpp
2026-03-12T23:09:47.7807545Z -- Installing: /usr/local/include/azure/storage/files/shares/share_lease_client.hpp
2026-03-12T23:09:47.7811016Z -- Installing: /usr/local/include/azure/storage/files/shares/rtti.hpp
2026-03-12T23:09:47.7813853Z -- Installing: /usr/local/include/azure/storage/files/shares/share_sas_builder.hpp
2026-03-12T23:09:47.7817969Z -- Installing: /usr/local/share/azure-storage-files-shares-cpp/copyright
2026-03-12T23:09:47.7821162Z -- Installing: /usr/local/lib/libazure-storage-files-shares.a
2026-03-12T23:09:47.7850859Z -- Installing: /usr/local/share/azure-storage-files-shares-cpp/azure-storage-files-shares-cppTargets.cmake
2026-03-12T23:09:47.7855337Z -- Installing: /usr/local/share/azure-storage-files-shares-cpp/azure-storage-files-shares-cppTargets-release.cmake
2026-03-12T23:09:47.7858744Z -- Installing: /usr/local/share/azure-storage-files-shares-cpp/azure-storage-files-shares-cppConfig.cmake
2026-03-12T23:09:47.7861247Z -- Installing: /usr/local/share/azure-storage-files-shares-cpp/azure-storage-files-shares-cppConfigVersion.cmake
2026-03-12T23:09:47.7864256Z -- Installing: /usr/local/include/azure/storage/files/shares/rtti.hpp
2026-03-12T23:09:47.7868979Z -- Up-to-date: /usr/local/include
2026-03-12T23:09:47.7871475Z -- Up-to-date: /usr/local/include/azure
2026-03-12T23:09:47.7871942Z -- Up-to-date: /usr/local/include/azure/storage
2026-03-12T23:09:47.7872474Z -- Installing: /usr/local/include/azure/storage/queues.hpp
2026-03-12T23:09:47.7874882Z -- Installing: /usr/local/include/azure/storage/queues
2026-03-12T23:09:47.7877287Z -- Installing: /usr/local/include/azure/storage/queues/dll_import_export.hpp
2026-03-12T23:09:47.7879534Z -- Installing: /usr/local/include/azure/storage/queues/queue_client.hpp
2026-03-12T23:09:47.7882948Z -- Installing: /usr/local/include/azure/storage/queues/queue_responses.hpp
2026-03-12T23:09:47.7885738Z -- Installing: /usr/local/include/azure/storage/queues/rest_client.hpp
2026-03-12T23:09:47.7888922Z -- Installing: /usr/local/include/azure/storage/queues/queue_service_client.hpp
2026-03-12T23:09:47.7891639Z -- Installing: /usr/local/include/azure/storage/queues/queue_sas_builder.hpp
2026-03-12T23:09:47.7895465Z -- Installing: /usr/local/include/azure/storage/queues/queue_options.hpp
2026-03-12T23:09:47.7898319Z -- Installing: /usr/local/include/azure/storage/queues/rtti.hpp
2026-03-12T23:09:47.7902511Z -- Installing: /usr/local/share/azure-storage-queues-cpp/copyright
2026-03-12T23:09:47.7905696Z -- Installing: /usr/local/lib/libazure-storage-queues.a
2026-03-12T23:09:47.7918801Z -- Installing: /usr/local/share/azure-storage-queues-cpp/azure-storage-queues-cppTargets.cmake
2026-03-12T23:09:47.7922425Z -- Installing: /usr/local/share/azure-storage-queues-cpp/azure-storage-queues-cppTargets-release.cmake
2026-03-12T23:09:47.7925955Z -- Installing: /usr/local/share/azure-storage-queues-cpp/azure-storage-queues-cppConfig.cmake
2026-03-12T23:09:47.7928378Z -- Installing: /usr/local/share/azure-storage-queues-cpp/azure-storage-queues-cppConfigVersion.cmake
2026-03-12T23:09:47.7931970Z -- Installing: /usr/local/include/azure/storage/queues/rtti.hpp
2026-03-12T23:09:47.7938471Z -- Up-to-date: /usr/local/include
2026-03-12T23:09:47.7939499Z -- Up-to-date: /usr/local/include/azure
2026-03-12T23:09:47.7940207Z -- Installing: /usr/local/include/azure/template
2026-03-12T23:09:47.7941780Z -- Installing: /usr/local/include/azure/template/dll_import_export.hpp
2026-03-12T23:09:47.7945035Z -- Installing: /usr/local/include/azure/template/template_client.hpp
2026-03-12T23:09:47.7947316Z -- Installing: /usr/local/include/azure/template/rtti.hpp
2026-03-12T23:09:47.7950274Z -- Installing: /usr/local/include/azure/template.hpp
2026-03-12T23:09:47.7954860Z -- Installing: /usr/local/share/azure-template-cpp/copyright
2026-03-12T23:09:47.7957963Z -- Installing: /usr/local/lib/libazure-template.a
2026-03-12T23:09:47.7962004Z -- Installing: /usr/local/share/azure-template-cpp/azure-template-cppTargets.cmake
2026-03-12T23:09:47.7965211Z -- Installing: /usr/local/share/azure-template-cpp/azure-template-cppTargets-release.cmake
2026-03-12T23:09:47.7969427Z -- Installing: /usr/local/share/azure-template-cpp/azure-template-cppConfig.cmake
2026-03-12T23:09:47.7971780Z -- Installing: /usr/local/share/azure-template-cpp/azure-template-cppConfigVersion.cmake
2026-03-12T23:09:47.7975225Z -- Installing: /usr/local/include/azure/template/rtti.hpp
2026-03-12T23:09:47.8012428Z Installing iot-hub-device-update-delta library ...
2026-03-12T23:09:47.8574505Z Building iot-hub-device-update-delta library ...
2026-03-12T23:09:47.8575065Z 	Branch: main
2026-03-12T23:09:47.8575645Z 	Folder: /__w/iot-hub-device-update/iot-hub-device-update/.workspace/iot-hub-device-update-delta
2026-03-12T23:09:47.8599192Z Cloning into '.'...
2026-03-12T23:09:50.9685878Z Installing delta library system dependencies...
2026-03-12T23:09:51.4515236Z Hit:1 http://archive.ubuntu.com/ubuntu jammy InRelease
2026-03-12T23:09:51.4842989Z Hit:2 http://security.ubuntu.com/ubuntu jammy-security InRelease
2026-03-12T23:09:51.5873703Z Hit:3 http://archive.ubuntu.com/ubuntu jammy-updates InRelease
2026-03-12T23:09:51.7301824Z Hit:4 http://archive.ubuntu.com/ubuntu jammy-backports InRelease
2026-03-12T23:09:52.6887030Z Reading package lists...
2026-03-12T23:09:52.7545915Z Using GCC version: 10
2026-03-12T23:09:53.6940875Z Reading package lists...
2026-03-12T23:09:53.9195523Z Building dependency tree...
2026-03-12T23:09:53.9196174Z Reading state information...
2026-03-12T23:09:54.0804270Z build-essential is already the newest version (12.9ubuntu3).
2026-03-12T23:09:54.0804993Z g++ is already the newest version (4:11.2.0-1ubuntu1).
2026-03-12T23:09:54.0805563Z gcc is already the newest version (4:11.2.0-1ubuntu1).
2026-03-12T23:09:54.0806242Z pkg-config is already the newest version (0.29.2-1ubuntu3).
2026-03-12T23:09:54.0807000Z ninja-build is already the newest version (1.10.1-1).
2026-03-12T23:09:54.0807638Z cmake is already the newest version (3.22.1-1ubuntu1.22.04.2).
2026-03-12T23:09:54.0808280Z curl is already the newest version (7.81.0-1ubuntu1.23).
2026-03-12T23:09:54.0808902Z tar is already the newest version (1.34+dfsg-1ubuntu0.1.22.04.2).
2026-03-12T23:09:54.0809548Z g++-10 is already the newest version (10.5.0-1ubuntu1~22.04.3).
2026-03-12T23:09:54.0810347Z gcc-10 is already the newest version (10.5.0-1ubuntu1~22.04.3).
2026-03-12T23:09:54.0810913Z The following additional packages will be installed:
2026-03-12T23:09:54.0813491Z   automake autotools-dev libltdl-dev libltdl7 libsigsegv2 m4
2026-03-12T23:09:54.0819739Z Suggested packages:
2026-03-12T23:09:54.0820847Z   autoconf-archive gnu-standards autoconf-doc gettext libtool-doc gfortran
2026-03-12T23:09:54.0821446Z   | fortran95-compiler gcj-jdk m4-doc
2026-03-12T23:09:54.1187605Z The following NEW packages will be installed:
2026-03-12T23:09:54.1191874Z   autoconf automake autopoint autotools-dev libltdl-dev libltdl7 libsigsegv2
2026-03-12T23:09:54.1196807Z   libtool m4 unzip zip zlib1g-dev
2026-03-12T23:09:54.4102475Z 0 upgraded, 12 newly installed, 0 to remove and 7 not upgraded.
2026-03-12T23:09:54.4103106Z Need to get 2463 kB of archives.
2026-03-12T23:09:54.4103498Z After this operation, 8863 kB of additional disk space will be used.
2026-03-12T23:09:54.4104111Z Get:1 http://archive.ubuntu.com/ubuntu jammy/main amd64 libsigsegv2 amd64 2.13-1ubuntu3 [14.6 kB]
2026-03-12T23:09:54.6830750Z Get:2 http://archive.ubuntu.com/ubuntu jammy/main amd64 m4 amd64 1.4.18-5ubuntu2 [199 kB]
2026-03-12T23:09:55.1353584Z Get:3 http://archive.ubuntu.com/ubuntu jammy/main amd64 autoconf all 2.71-2 [338 kB]
2026-03-12T23:09:55.3255528Z Get:4 http://archive.ubuntu.com/ubuntu jammy/main amd64 autotools-dev all 20220109.1 [44.9 kB]
2026-03-12T23:09:55.3417041Z Get:5 http://archive.ubuntu.com/ubuntu jammy/main amd64 automake all 1:1.16.5-1.3 [558 kB]
2026-03-12T23:09:55.4705407Z Get:6 http://archive.ubuntu.com/ubuntu jammy/main amd64 autopoint all 0.21-4ubuntu4 [422 kB]
2026-03-12T23:09:55.5321449Z Get:7 http://archive.ubuntu.com/ubuntu jammy/main amd64 libltdl7 amd64 2.4.6-15build2 [39.6 kB]
2026-03-12T23:09:55.5372122Z Get:8 http://archive.ubuntu.com/ubuntu jammy/main amd64 libltdl-dev amd64 2.4.6-15build2 [169 kB]
2026-03-12T23:09:55.5572137Z Get:9 http://archive.ubuntu.com/ubuntu jammy/main amd64 libtool all 2.4.6-15build2 [164 kB]
2026-03-12T23:09:55.5740424Z Get:10 http://archive.ubuntu.com/ubuntu jammy-updates/main amd64 unzip amd64 6.0-26ubuntu3.2 [175 kB]
2026-03-12T23:09:55.5906340Z Get:11 http://archive.ubuntu.com/ubuntu jammy/main amd64 zip amd64 3.0-12build2 [176 kB]
2026-03-12T23:09:55.6056202Z Get:12 http://archive.ubuntu.com/ubuntu jammy-updates/main amd64 zlib1g-dev amd64 1:1.2.11.dfsg-2ubuntu9.2 [164 kB]
2026-03-12T23:09:55.7309195Z debconf: delaying package configuration, since apt-utils is not installed
2026-03-12T23:09:55.7583150Z Fetched 2463 kB in 1s (1649 kB/s)
2026-03-12T23:09:55.7736857Z Selecting previously unselected package libsigsegv2:amd64.
2026-03-12T23:09:55.7766624Z (Reading database ...
2026-03-12T23:09:55.7767163Z (Reading database ... 5%
2026-03-12T23:09:55.7767762Z (Reading database ... 10%
2026-03-12T23:09:55.7768145Z (Reading database ... 15%
2026-03-12T23:09:55.7768469Z (Reading database ... 20%
2026-03-12T23:09:55.7768765Z (Reading database ... 25%
2026-03-12T23:09:55.7769095Z (Reading database ... 30%
2026-03-12T23:09:55.7769445Z (Reading database ... 35%
2026-03-12T23:09:55.7769806Z (Reading database ... 40%
2026-03-12T23:09:55.7770410Z (Reading database ... 45%
2026-03-12T23:09:55.7770744Z (Reading database ... 50%
2026-03-12T23:09:55.7771101Z (Reading database ... 55%
2026-03-12T23:09:55.7771432Z (Reading database ... 60%
2026-03-12T23:09:55.7796448Z (Reading database ... 65%
2026-03-12T23:09:55.7809462Z (Reading database ... 70%
2026-03-12T23:09:55.7826725Z (Reading database ... 75%
2026-03-12T23:09:55.7836172Z (Reading database ... 80%
2026-03-12T23:09:55.7851551Z (Reading database ... 85%
2026-03-12T23:09:55.7884076Z (Reading database ... 90%
2026-03-12T23:09:55.7939371Z (Reading database ... 95%
2026-03-12T23:09:55.7939842Z (Reading database ... 100%
2026-03-12T23:09:55.7940650Z (Reading database ... 44031 files and directories currently installed.)
2026-03-12T23:09:55.7954416Z Preparing to unpack .../00-libsigsegv2_2.13-1ubuntu3_amd64.deb ...
2026-03-12T23:09:55.7979600Z Unpacking libsigsegv2:amd64 (2.13-1ubuntu3) ...
2026-03-12T23:09:55.8139027Z Selecting previously unselected package m4.
2026-03-12T23:09:55.8176669Z Preparing to unpack .../01-m4_1.4.18-5ubuntu2_amd64.deb ...
2026-03-12T23:09:55.8186887Z Unpacking m4 (1.4.18-5ubuntu2) ...
2026-03-12T23:09:55.8384682Z Selecting previously unselected package autoconf.
2026-03-12T23:09:55.8422610Z Preparing to unpack .../02-autoconf_2.71-2_all.deb ...
2026-03-12T23:09:55.8432621Z Unpacking autoconf (2.71-2) ...
2026-03-12T23:09:55.8739302Z Selecting previously unselected package autotools-dev.
2026-03-12T23:09:55.8776951Z Preparing to unpack .../03-autotools-dev_20220109.1_all.deb ...
2026-03-12T23:09:55.8786575Z Unpacking autotools-dev (20220109.1) ...
2026-03-12T23:09:55.8977248Z Selecting previously unselected package automake.
2026-03-12T23:09:55.9014662Z Preparing to unpack .../04-automake_1%3a1.16.5-1.3_all.deb ...
2026-03-12T23:09:55.9039146Z Unpacking automake (1:1.16.5-1.3) ...
2026-03-12T23:09:55.9408861Z Selecting previously unselected package autopoint.
2026-03-12T23:09:55.9446493Z Preparing to unpack .../05-autopoint_0.21-4ubuntu4_all.deb ...
2026-03-12T23:09:55.9456187Z Unpacking autopoint (0.21-4ubuntu4) ...
2026-03-12T23:09:55.9638030Z Selecting previously unselected package libltdl7:amd64.
2026-03-12T23:09:55.9675444Z Preparing to unpack .../06-libltdl7_2.4.6-15build2_amd64.deb ...
2026-03-12T23:09:55.9685235Z Unpacking libltdl7:amd64 (2.4.6-15build2) ...
2026-03-12T23:09:55.9838758Z Selecting previously unselected package libltdl-dev:amd64.
2026-03-12T23:09:55.9876489Z Preparing to unpack .../07-libltdl-dev_2.4.6-15build2_amd64.deb ...
2026-03-12T23:09:55.9888001Z Unpacking libltdl-dev:amd64 (2.4.6-15build2) ...
2026-03-12T23:09:56.0125814Z Selecting previously unselected package libtool.
2026-03-12T23:09:56.0164992Z Preparing to unpack .../08-libtool_2.4.6-15build2_all.deb ...
2026-03-12T23:09:56.0176281Z Unpacking libtool (2.4.6-15build2) ...
2026-03-12T23:09:56.0382613Z Selecting previously unselected package unzip.
2026-03-12T23:09:56.0420543Z Preparing to unpack .../09-unzip_6.0-26ubuntu3.2_amd64.deb ...
2026-03-12T23:09:56.0428816Z Unpacking unzip (6.0-26ubuntu3.2) ...
2026-03-12T23:09:56.0608501Z Selecting previously unselected package zip.
2026-03-12T23:09:56.0646580Z Preparing to unpack .../10-zip_3.0-12build2_amd64.deb ...
2026-03-12T23:09:56.0655494Z Unpacking zip (3.0-12build2) ...
2026-03-12T23:09:56.0830143Z Selecting previously unselected package zlib1g-dev:amd64.
2026-03-12T23:09:56.0867363Z Preparing to unpack .../11-zlib1g-dev_1%3a1.2.11.dfsg-2ubuntu9.2_amd64.deb ...
2026-03-12T23:09:56.0876621Z Unpacking zlib1g-dev:amd64 (1:1.2.11.dfsg-2ubuntu9.2) ...
2026-03-12T23:09:56.1144596Z Setting up unzip (6.0-26ubuntu3.2) ...
2026-03-12T23:09:56.1192509Z Setting up zip (3.0-12build2) ...
2026-03-12T23:09:56.1218877Z Setting up autotools-dev (20220109.1) ...
2026-03-12T23:09:56.1243905Z Setting up libsigsegv2:amd64 (2.13-1ubuntu3) ...
2026-03-12T23:09:56.1271113Z Setting up autopoint (0.21-4ubuntu4) ...
2026-03-12T23:09:56.1297769Z Setting up libltdl7:amd64 (2.4.6-15build2) ...
2026-03-12T23:09:56.1325433Z Setting up zlib1g-dev:amd64 (1:1.2.11.dfsg-2ubuntu9.2) ...
2026-03-12T23:09:56.1352697Z Setting up libtool (2.4.6-15build2) ...
2026-03-12T23:09:56.1382016Z Setting up m4 (1.4.18-5ubuntu2) ...
2026-03-12T23:09:56.1412992Z Setting up autoconf (2.71-2) ...
2026-03-12T23:09:56.1450587Z Setting up automake (1:1.16.5-1.3) ...
2026-03-12T23:09:56.1489859Z update-alternatives: using /usr/bin/automake-1.16 to provide /usr/bin/automake (automake) in auto mode
2026-03-12T23:09:56.1493463Z update-alternatives: warning: skip creation of /usr/share/man/man1/automake.1.gz because associated file /usr/share/man/man1/automake-1.16.1.gz (of link group automake) doesn't exist
2026-03-12T23:09:56.1495210Z update-alternatives: warning: skip creation of /usr/share/man/man1/aclocal.1.gz because associated file /usr/share/man/man1/aclocal-1.16.1.gz (of link group automake) doesn't exist
2026-03-12T23:09:56.1512437Z Setting up libltdl-dev:amd64 (2.4.6-15build2) ...
2026-03-12T23:09:56.1541273Z Processing triggers for libc-bin (2.35-0ubuntu3.13) ...
2026-03-12T23:09:56.1841709Z Setting up gcc/g++ alternatives...
2026-03-12T23:09:56.1857011Z update-alternatives: using /usr/bin/gcc-10 to provide /usr/bin/gcc (gcc) in auto mode
2026-03-12T23:09:56.1882185Z update-alternatives: using /usr/bin/g++-10 to provide /usr/bin/g++ (g++) in auto mode
2026-03-12T23:09:56.1891006Z Setting up VCPKG for delta library...
2026-03-12T23:09:56.1904247Z Detected architecture: x86_64 -> using triplet: x64-linux
2026-03-12T23:09:56.1904978Z Cloning vcpkg...
2026-03-12T23:09:56.1918021Z Cloning into '/__w/iot-hub-device-update/iot-hub-device-update/.workspace/vcpkg'...
2026-03-12T23:10:08.4369082Z Already up to date.
2026-03-12T23:10:08.4441204Z Downloading vcpkg-glibc...
2026-03-12T23:10:08.8213067Z vcpkg package management program version 2026-03-04-4b3e4c276b5b87a649e66341e11553e8c577459c
2026-03-12T23:10:08.8213638Z
2026-03-12T23:10:08.8213752Z See LICENSE.txt for license information.
2026-03-12T23:10:08.8227858Z Telemetry
2026-03-12T23:10:08.8228169Z ---------
2026-03-12T23:10:08.8228720Z vcpkg collects usage data in order to help us improve your experience.
2026-03-12T23:10:08.8229660Z The data collected by Microsoft is anonymous.
2026-03-12T23:10:08.8230414Z You can opt-out of telemetry by re-running the bootstrap-vcpkg script with -disableMetrics,
2026-03-12T23:10:08.8231002Z passing --disable-metrics to vcpkg on the command line,
2026-03-12T23:10:08.8231509Z or by setting the VCPKG_DISABLE_METRICS environment variable.
2026-03-12T23:10:08.8231961Z
2026-03-12T23:10:08.8232222Z Read more about vcpkg telemetry at docs/about/privacy.md
2026-03-12T23:10:08.8233237Z Creating x64-linux triplet...
2026-03-12T23:10:08.8257210Z Installing vcpkg dependencies for delta library...
2026-03-12T23:10:08.8257764Z Installing zlib:x64-linux...
2026-03-12T23:10:08.8335059Z Computing installation plan...
2026-03-12T23:10:08.8534689Z A suitable version of cmake was not found (required v3.31.10).
2026-03-12T23:10:08.8535622Z Downloading https://github.com/Kitware/CMake/releases/download/v3.31.10/cmake-3.31.10-linux-x86_64.tar.gz -> cmake-3.31.10-linux-x86_64.tar.gz
2026-03-12T23:10:09.4920939Z Successfully downloaded cmake-3.31.10-linux-x86_64.tar.gz
2026-03-12T23:10:09.4921479Z Extracting cmake...
2026-03-12T23:10:10.7047012Z The following packages will be built and installed:
2026-03-12T23:10:10.7047601Z   * vcpkg-cmake:x64-linux@2024-04-23
2026-03-12T23:10:10.7047975Z     zlib:x64-linux@1.3.1
2026-03-12T23:10:10.7048683Z Additional packages (*) will be modified to complete this operation.
2026-03-12T23:10:10.7049113Z Detecting compiler hash for triplet x64-linux...
2026-03-12T23:10:11.3444636Z Compiler found: /usr/bin/g++
2026-03-12T23:10:11.3500279Z Restored 0 package(s) from /github/home/.cache/vcpkg/archives in 12.7 us. Use --debug to see more details.
2026-03-12T23:10:11.3501216Z Installing 1/2 vcpkg-cmake:x64-linux@2024-04-23...
2026-03-12T23:10:11.3502168Z vcpkg-cmake:x64-linux@2024-04-23 package ABI: 1253b57505e966287f37ae1b89f5f8dbb5c1646a970199edeb7f07bb7910f8e2
2026-03-12T23:10:11.3503104Z Building vcpkg-cmake:x64-linux@2024-04-23...
2026-03-12T23:10:11.3504987Z /__w/iot-hub-device-update/iot-hub-device-update/.workspace/vcpkg/triplets/community/x64-linux.cmake: info: loaded community triplet from here. Community triplets are not built in the curated registry and are thus less likely to succeed.
2026-03-12T23:10:11.3651598Z -- Installing: /__w/iot-hub-device-update/iot-hub-device-update/.workspace/vcpkg/packages/vcpkg-cmake_x64-linux/share/vcpkg-cmake/vcpkg_cmake_configure.cmake
2026-03-12T23:10:11.3654381Z -- Installing: /__w/iot-hub-device-update/iot-hub-device-update/.workspace/vcpkg/packages/vcpkg-cmake_x64-linux/share/vcpkg-cmake/vcpkg_cmake_build.cmake
2026-03-12T23:10:11.3657012Z -- Installing: /__w/iot-hub-device-update/iot-hub-device-update/.workspace/vcpkg/packages/vcpkg-cmake_x64-linux/share/vcpkg-cmake/vcpkg_cmake_install.cmake
2026-03-12T23:10:11.3659308Z -- Installing: /__w/iot-hub-device-update/iot-hub-device-update/.workspace/vcpkg/packages/vcpkg-cmake_x64-linux/share/vcpkg-cmake/vcpkg-port-config.cmake
2026-03-12T23:10:11.3661616Z -- Installing: /__w/iot-hub-device-update/iot-hub-device-update/.workspace/vcpkg/packages/vcpkg-cmake_x64-linux/share/vcpkg-cmake/copyright
2026-03-12T23:10:11.3692253Z -- Performing post-build validation
2026-03-12T23:10:11.3715914Z Starting submission of vcpkg-cmake:x64-linux@2024-04-23 to 1 binary cache(s) in the background
2026-03-12T23:10:11.3717465Z Elapsed time to handle vcpkg-cmake:x64-linux: 21.5 ms
2026-03-12T23:10:11.3718683Z Installing 2/2 zlib:x64-linux@1.3.1...
2026-03-12T23:10:11.3724568Z zlib:x64-linux@1.3.1 package ABI: c0ed3ccdaa4b8ea2bfc763d9b7ecb4374127e25234afbd1ea09d5b64ab6bfca6
2026-03-12T23:10:11.3725452Z Building zlib:x64-linux@1.3.1...
2026-03-12T23:10:11.3727177Z /__w/iot-hub-device-update/iot-hub-device-update/.workspace/vcpkg/triplets/community/x64-linux.cmake: info: loaded community triplet from here. Community triplets are not built in the curated registry and are thus less likely to succeed.
2026-03-12T23:10:11.3963392Z Downloading https://github.com/madler/zlib/archive/v1.3.1.tar.gz -> madler-zlib-v1.3.1.tar.gz
2026-03-12T23:10:12.1333304Z Successfully downloaded madler-zlib-v1.3.1.tar.gz
2026-03-12T23:10:12.1388632Z -- Extracting source /__w/iot-hub-device-update/iot-hub-device-update/.workspace/vcpkg/downloads/madler-zlib-v1.3.1.tar.gz
2026-03-12T23:10:12.1660932Z -- Applying patch 0001-Prevent-invalid-inclusions-when-HAVE_-is-set-to-0.patch
2026-03-12T23:10:12.1686405Z -- Applying patch 0002-build-static-or-shared-not-both.patch
2026-03-12T23:10:12.1709071Z -- Applying patch 0003-android-and-mingw-fixes.patch
2026-03-12T23:10:12.1732681Z -- Using source at /__w/iot-hub-device-update/iot-hub-device-update/.workspace/vcpkg/buildtrees/zlib/src/v1.3.1-2e5db616bf.clean
2026-03-12T23:10:12.1881120Z -- Configuring x64-linux
2026-03-12T23:10:12.6866479Z -- Building x64-linux-dbg
2026-03-12T23:10:13.0101847Z -- Building x64-linux-rel
2026-03-12T23:10:13.9090566Z -- Installing: /__w/iot-hub-device-update/iot-hub-device-update/.workspace/vcpkg/packages/zlib_x64-linux/share/zlib/vcpkg-cmake-wrapper.cmake
2026-03-12T23:10:13.9103719Z -- Fixing pkgconfig file: /__w/iot-hub-device-update/iot-hub-device-update/.workspace/vcpkg/packages/zlib_x64-linux/lib/pkgconfig/zlib.pc
2026-03-12T23:10:13.9137146Z -- Fixing pkgconfig file: /__w/iot-hub-device-update/iot-hub-device-update/.workspace/vcpkg/packages/zlib_x64-linux/debug/lib/pkgconfig/zlib.pc
2026-03-12T23:10:13.9169483Z -- Installing: /__w/iot-hub-device-update/iot-hub-device-update/.workspace/vcpkg/packages/zlib_x64-linux/share/zlib/copyright
2026-03-12T23:10:13.9279839Z Downloading https://github.com/NixOS/patchelf/releases/download/0.15.5/patchelf-0.15.5-x86_64.tar.gz -> patchelf-0.15.5-x86_64.tar.gz
2026-03-12T23:10:14.2445823Z Successfully downloaded patchelf-0.15.5-x86_64.tar.gz
2026-03-12T23:10:14.2599739Z -- Performing post-build validation
2026-03-12T23:10:14.2657223Z Starting submission of zlib:x64-linux@1.3.1 to 1 binary cache(s) in the background
2026-03-12T23:10:14.2658238Z Elapsed time to handle zlib:x64-linux: 2.9 s
2026-03-12T23:10:14.2659905Z Total install time: 2.9 s
2026-03-12T23:10:14.2661142Z Installed contents are licensed to you by owners. Microsoft is not responsible for, nor does it grant any licenses to, third-party packages.
2026-03-12T23:10:14.2661885Z Packages installed in this vcpkg installation declare the following licenses:
2026-03-12T23:10:14.2662246Z MIT
2026-03-12T23:10:14.2662383Z Zlib
2026-03-12T23:10:14.2662627Z The package zlib is compatible with built-in CMake targets:
2026-03-12T23:10:14.2662870Z
2026-03-12T23:10:14.2662955Z     find_package(ZLIB REQUIRED)
2026-03-12T23:10:14.2663274Z     target_link_libraries(main PRIVATE ZLIB::ZLIB)
2026-03-12T23:10:14.2663485Z
2026-03-12T23:10:14.2663718Z Completed submission of vcpkg-cmake:x64-linux@2024-04-23 to 1 binary cache(s) in 4.3 ms
2026-03-12T23:10:14.2664152Z Waiting for 1 remaining binary cache submissions...
2026-03-12T23:10:14.2964617Z Completed submission of zlib:x64-linux@1.3.1 to 1 binary cache(s) in 30.7 ms (1/1)
2026-03-12T23:10:14.2965814Z All requested installations completed successfully in: 2.9 s
2026-03-12T23:10:14.3050476Z Installing zstd:x64-linux...
2026-03-12T23:10:14.3124837Z Computing installation plan...
2026-03-12T23:10:14.3200432Z The following packages will be built and installed:
2026-03-12T23:10:14.3200909Z   * vcpkg-cmake-config:x64-linux@2024-05-23
2026-03-12T23:10:14.3201178Z     zstd:x64-linux@1.5.7
2026-03-12T23:10:14.3201525Z Additional packages (*) will be modified to complete this operation.
2026-03-12T23:10:14.3202047Z Detecting compiler hash for triplet x64-linux...
2026-03-12T23:10:14.6918235Z Compiler found: /usr/bin/g++
2026-03-12T23:10:14.6967521Z Restored 0 package(s) from /github/home/.cache/vcpkg/archives in 16.7 us. Use --debug to see more details.
2026-03-12T23:10:14.6968514Z Installing 1/2 vcpkg-cmake-config:x64-linux@2024-05-23...
2026-03-12T23:10:14.6969565Z vcpkg-cmake-config:x64-linux@2024-05-23 package ABI: 43ad4794fde8904fe25c350dd670c4bf742115a5904beb0f6c1d8e9cb62910fb
2026-03-12T23:10:14.6971419Z Building vcpkg-cmake-config:x64-linux@2024-05-23...
2026-03-12T23:10:14.6973173Z /__w/iot-hub-device-update/iot-hub-device-update/.workspace/vcpkg/triplets/community/x64-linux.cmake: info: loaded community triplet from here. Community triplets are not built in the curated registry and are thus less likely to succeed.
2026-03-12T23:10:14.7116986Z -- Installing: /__w/iot-hub-device-update/iot-hub-device-update/.workspace/vcpkg/packages/vcpkg-cmake-config_x64-linux/share/vcpkg-cmake-config/vcpkg_cmake_config_fixup.cmake
2026-03-12T23:10:14.7119794Z -- Installing: /__w/iot-hub-device-update/iot-hub-device-update/.workspace/vcpkg/packages/vcpkg-cmake-config_x64-linux/share/vcpkg-cmake-config/vcpkg-port-config.cmake
2026-03-12T23:10:14.7122094Z -- Installing: /__w/iot-hub-device-update/iot-hub-device-update/.workspace/vcpkg/packages/vcpkg-cmake-config_x64-linux/share/vcpkg-cmake-config/copyright
2026-03-12T23:10:14.7141799Z -- Skipping post-build validation due to VCPKG_POLICY_EMPTY_PACKAGE
2026-03-12T23:10:14.7159283Z Starting submission of vcpkg-cmake-config:x64-linux@2024-05-23 to 1 binary cache(s) in the background
2026-03-12T23:10:14.7160474Z Elapsed time to handle vcpkg-cmake-config:x64-linux: 19.2 ms
2026-03-12T23:10:14.7161102Z Installing 2/2 zstd:x64-linux@1.5.7...
2026-03-12T23:10:14.7161913Z zstd:x64-linux@1.5.7 package ABI: 4634a32ba2b30ec5ddcfa70348987df077b5b3d0275d9c6ba582b73593e98c41
2026-03-12T23:10:14.7162863Z Building zstd:x64-linux@1.5.7...
2026-03-12T23:10:14.7164970Z /__w/iot-hub-device-update/iot-hub-device-update/.workspace/vcpkg/triplets/community/x64-linux.cmake: info: loaded community triplet from here. Community triplets are not built in the curated registry and are thus less likely to succeed.
2026-03-12T23:10:14.7406230Z Downloading https://github.com/facebook/zstd/archive/v1.5.7.tar.gz -> facebook-zstd-v1.5.7.tar.gz
2026-03-12T23:10:15.3219505Z Successfully downloaded facebook-zstd-v1.5.7.tar.gz
2026-03-12T23:10:15.3296900Z -- Extracting source /__w/iot-hub-device-update/iot-hub-device-update/.workspace/vcpkg/downloads/facebook-zstd-v1.5.7.tar.gz
2026-03-12T23:10:15.3837663Z -- Applying patch no-static-suffix.patch
2026-03-12T23:10:15.3863207Z -- Applying patch fix-emscripten-and-clang-cl.patch
2026-03-12T23:10:15.3886165Z -- Applying patch fix-windows-rc-compile.patch
2026-03-12T23:10:15.3910952Z -- Using source at /__w/iot-hub-device-update/iot-hub-device-update/.workspace/vcpkg/buildtrees/zstd/src/v1.5.7-bb6cae2b2e.clean
2026-03-12T23:10:15.4070447Z -- Configuring x64-linux
2026-03-12T23:10:16.9349780Z -- Building x64-linux-dbg
2026-03-12T23:10:20.2191695Z -- Building x64-linux-rel
2026-03-12T23:10:30.5260833Z -- Fixing pkgconfig file: /__w/iot-hub-device-update/iot-hub-device-update/.workspace/vcpkg/packages/zstd_x64-linux/lib/pkgconfig/libzstd.pc
2026-03-12T23:10:30.5294100Z -- Fixing pkgconfig file: /__w/iot-hub-device-update/iot-hub-device-update/.workspace/vcpkg/packages/zstd_x64-linux/debug/lib/pkgconfig/libzstd.pc
2026-03-12T23:10:30.5324698Z -- Installing: /__w/iot-hub-device-update/iot-hub-device-update/.workspace/vcpkg/packages/zstd_x64-linux/share/zstd/usage
2026-03-12T23:10:30.5393548Z -- Performing post-build validation
2026-03-12T23:10:30.5776589Z Starting submission of zstd:x64-linux@1.5.7 to 1 binary cache(s) in the background
2026-03-12T23:10:30.5777577Z Elapsed time to handle zstd:x64-linux: 16 s
2026-03-12T23:10:30.5780584Z Total install time: 16 s
2026-03-12T23:10:30.5781630Z Installed contents are licensed to you by owners. Microsoft is not responsible for, nor does it grant any licenses to, third-party packages.
2026-03-12T23:10:30.5782363Z Packages installed in this vcpkg installation declare the following licenses:
2026-03-12T23:10:30.5782770Z (BSD-3-Clause OR GPL-2.0-only)
2026-03-12T23:10:30.5782979Z MIT
2026-03-12T23:10:30.5783136Z zstd provides CMake targets:
2026-03-12T23:10:30.5783289Z
2026-03-12T23:10:30.5783372Z   find_package(zstd CONFIG REQUIRED)
2026-03-12T23:10:30.5783697Z   target_link_libraries(main PRIVATE zstd::libzstd)
2026-03-12T23:10:30.5784186Z
2026-03-12T23:10:30.5784449Z Completed submission of vcpkg-cmake-config:x64-linux@2024-05-23 to 1 binary cache(s) in 3.3 ms
2026-03-12T23:10:30.5784926Z Waiting for 1 remaining binary cache submissions...
2026-03-12T23:10:30.8675936Z Completed submission of zstd:x64-linux@1.5.7 to 1 binary cache(s) in 290 ms (1/1)
2026-03-12T23:10:30.8676792Z All requested installations completed successfully in: 16 s
2026-03-12T23:10:30.8697978Z Installing bzip2:x64-linux...
2026-03-12T23:10:30.8773609Z Computing installation plan...
2026-03-12T23:10:30.8844858Z The following packages will be built and installed:
2026-03-12T23:10:30.8845424Z     bzip2[core,tool]:x64-linux@1.0.8#6
2026-03-12T23:10:30.8845733Z Detecting compiler hash for triplet x64-linux...
2026-03-12T23:10:31.2579463Z Compiler found: /usr/bin/g++
2026-03-12T23:10:31.2616156Z Restored 0 package(s) from /github/home/.cache/vcpkg/archives in 11.9 us. Use --debug to see more details.
2026-03-12T23:10:31.2617156Z Installing 1/1 bzip2[core,tool]:x64-linux@1.0.8#6...
2026-03-12T23:10:31.2617972Z bzip2[core,tool]:x64-linux@1.0.8#6 package ABI: 18e0e5e7a87d6e1f92a95da714d5c37c60ed19348257a3b88199f5fcad3947eb
2026-03-12T23:10:31.2618575Z Building bzip2[core,tool]:x64-linux@1.0.8#6...
2026-03-12T23:10:31.2620196Z /__w/iot-hub-device-update/iot-hub-device-update/.workspace/vcpkg/triplets/community/x64-linux.cmake: info: loaded community triplet from here. Community triplets are not built in the curated registry and are thus less likely to succeed.
2026-03-12T23:10:31.2848645Z Downloading bzip2-1.0.8.tar.gz, trying https://sourceware.org/pub/bzip2/bzip2-1.0.8.tar.gz
2026-03-12T23:10:31.9469102Z Successfully downloaded bzip2-1.0.8.tar.gz
2026-03-12T23:10:31.9508293Z -- Extracting source /__w/iot-hub-device-update/iot-hub-device-update/.workspace/vcpkg/downloads/bzip2-1.0.8.tar.gz
2026-03-12T23:10:31.9647797Z -- Applying patch fix-import-export-macros.patch
2026-03-12T23:10:31.9673051Z -- Using source at /__w/iot-hub-device-update/iot-hub-device-update/.workspace/vcpkg/buildtrees/bzip2/src/bzip2-1-336d4794a3.clean
2026-03-12T23:10:31.9831622Z -- Configuring x64-linux
2026-03-12T23:10:32.1647088Z -- Building x64-linux-dbg
2026-03-12T23:10:32.3707499Z -- Building x64-linux-rel
2026-03-12T23:10:36.0940988Z -- Fixing pkgconfig file: /__w/iot-hub-device-update/iot-hub-device-update/.workspace/vcpkg/packages/bzip2_x64-linux/lib/pkgconfig/bzip2.pc
2026-03-12T23:10:36.0972143Z -- Fixing pkgconfig file: /__w/iot-hub-device-update/iot-hub-device-update/.workspace/vcpkg/packages/bzip2_x64-linux/debug/lib/pkgconfig/bzip2.pc
2026-03-12T23:10:36.1001943Z -- Installing: /__w/iot-hub-device-update/iot-hub-device-update/.workspace/vcpkg/packages/bzip2_x64-linux/share/bzip2/copyright
2026-03-12T23:10:36.1068703Z -- Adjusted RPATH of '/__w/iot-hub-device-update/iot-hub-device-update/.workspace/vcpkg/packages/bzip2_x64-linux/tools/bzip2/bzip2' (From '' -> To '$ORIGIN:$ORIGIN/../../lib')
2026-03-12T23:10:36.1096649Z -- Adjusted RPATH of '/__w/iot-hub-device-update/iot-hub-device-update/.workspace/vcpkg/packages/bzip2_x64-linux/tools/bzip2/bzip2recover' (From '' -> To '$ORIGIN:$ORIGIN/../../lib')
2026-03-12T23:10:36.1123325Z -- Performing post-build validation
2026-03-12T23:10:36.1181100Z Starting submission of bzip2[core,tool]:x64-linux@1.0.8#6 to 1 binary cache(s) in the background
2026-03-12T23:10:36.1181986Z Elapsed time to handle bzip2:x64-linux: 4.9 s
2026-03-12T23:10:36.1186839Z Total install time: 4.9 s
2026-03-12T23:10:36.1187900Z Installed contents are licensed to you by owners. Microsoft is not responsible for, nor does it grant any licenses to, third-party packages.
2026-03-12T23:10:36.1189212Z Packages installed in this vcpkg installation declare the following licenses:
2026-03-12T23:10:36.1189655Z bzip2-1.0.6
2026-03-12T23:10:36.1190257Z The package bzip2 is compatible with built-in CMake targets:
2026-03-12T23:10:36.1190540Z
2026-03-12T23:10:36.1190632Z     find_package(BZip2 REQUIRED)
2026-03-12T23:10:36.1191000Z     target_link_libraries(main PRIVATE BZip2::BZip2)
2026-03-12T23:10:36.1191493Z
2026-03-12T23:10:36.1191626Z Waiting for 1 remaining binary cache submissions...
2026-03-12T23:10:36.1455459Z Completed submission of bzip2[core,tool]:x64-linux@1.0.8#6 to 1 binary cache(s) in 27.3 ms (1/1)
2026-03-12T23:10:36.1456120Z All requested installations completed successfully in: 4.9 s
2026-03-12T23:10:36.1477914Z Installing gtest:x64-linux...
2026-03-12T23:10:36.1549238Z Computing installation plan...
2026-03-12T23:10:36.1626339Z The following packages will be built and installed:
2026-03-12T23:10:36.1626912Z     gtest:x64-linux@1.17.0#2
2026-03-12T23:10:36.1627361Z Detecting compiler hash for triplet x64-linux...
2026-03-12T23:10:36.5352553Z Compiler found: /usr/bin/g++
2026-03-12T23:10:36.5388965Z Restored 0 package(s) from /github/home/.cache/vcpkg/archives in 11.2 us. Use --debug to see more details.
2026-03-12T23:10:36.5389522Z Installing 1/1 gtest:x64-linux@1.17.0#2...
2026-03-12T23:10:36.5390211Z gtest:x64-linux@1.17.0#2 package ABI: 22d30a15a2d734b71ff121786c505cc783ea7e8de988c77c368a43b512ad8b73
2026-03-12T23:10:36.5390724Z Building gtest:x64-linux@1.17.0#2...
2026-03-12T23:10:36.5391862Z /__w/iot-hub-device-update/iot-hub-device-update/.workspace/vcpkg/triplets/community/x64-linux.cmake: info: loaded community triplet from here. Community triplets are not built in the curated registry and are thus less likely to succeed.
2026-03-12T23:10:36.5628806Z Downloading https://github.com/google/googletest/archive/v1.17.0.tar.gz -> google-googletest-v1.17.0.tar.gz
2026-03-12T23:10:37.0702325Z Successfully downloaded google-googletest-v1.17.0.tar.gz
2026-03-12T23:10:37.0744403Z -- Extracting source /__w/iot-hub-device-update/iot-hub-device-update/.workspace/vcpkg/downloads/google-googletest-v1.17.0.tar.gz
2026-03-12T23:10:37.1001691Z -- Applying patch 001-fix-UWP-death-test.patch
2026-03-12T23:10:37.1039003Z -- Applying patch clang-tidy-no-lint.patch
2026-03-12T23:10:37.1062903Z -- Applying patch fix-main-lib-path.patch
2026-03-12T23:10:37.1089560Z -- Using source at /__w/iot-hub-device-update/iot-hub-device-update/.workspace/vcpkg/buildtrees/gtest/src/v1.17.0-0c449efaff.clean
2026-03-12T23:10:37.1234079Z -- Configuring x64-linux
2026-03-12T23:10:37.5400693Z -- Building x64-linux-dbg
2026-03-12T23:10:42.1027343Z -- Building x64-linux-rel
2026-03-12T23:10:50.6276855Z -- Installing: /__w/iot-hub-device-update/iot-hub-device-update/.workspace/vcpkg/packages/gtest_x64-linux/src/gtest.cc
2026-03-12T23:10:50.6282105Z -- Installing: /__w/iot-hub-device-update/iot-hub-device-update/.workspace/vcpkg/packages/gtest_x64-linux/src/gtest_main.cc
2026-03-12T23:10:50.6284625Z -- Installing: /__w/iot-hub-device-update/iot-hub-device-update/.workspace/vcpkg/packages/gtest_x64-linux/src/gtest-all.cc
2026-03-12T23:10:50.6286603Z -- Installing: /__w/iot-hub-device-update/iot-hub-device-update/.workspace/vcpkg/packages/gtest_x64-linux/src/gtest-assertion-result.cc
2026-03-12T23:10:50.6289687Z -- Installing: /__w/iot-hub-device-update/iot-hub-device-update/.workspace/vcpkg/packages/gtest_x64-linux/src/gtest-death-test.cc
2026-03-12T23:10:50.6293128Z -- Installing: /__w/iot-hub-device-update/iot-hub-device-update/.workspace/vcpkg/packages/gtest_x64-linux/src/gtest-filepath.cc
2026-03-12T23:10:50.6295789Z -- Installing: /__w/iot-hub-device-update/iot-hub-device-update/.workspace/vcpkg/packages/gtest_x64-linux/src/gtest-internal-inl.h
2026-03-12T23:10:50.6298500Z -- Installing: /__w/iot-hub-device-update/iot-hub-device-update/.workspace/vcpkg/packages/gtest_x64-linux/src/gtest-matchers.cc
2026-03-12T23:10:50.6301237Z -- Installing: /__w/iot-hub-device-update/iot-hub-device-update/.workspace/vcpkg/packages/gtest_x64-linux/src/gtest-port.cc
2026-03-12T23:10:50.6305026Z -- Installing: /__w/iot-hub-device-update/iot-hub-device-update/.workspace/vcpkg/packages/gtest_x64-linux/src/gtest-printers.cc
2026-03-12T23:10:50.6307367Z -- Installing: /__w/iot-hub-device-update/iot-hub-device-update/.workspace/vcpkg/packages/gtest_x64-linux/src/gtest-test-part.cc
2026-03-12T23:10:50.6310550Z -- Installing: /__w/iot-hub-device-update/iot-hub-device-update/.workspace/vcpkg/packages/gtest_x64-linux/src/gtest-typed-test.cc
2026-03-12T23:10:50.6347405Z -- Fixing pkgconfig file: /__w/iot-hub-device-update/iot-hub-device-update/.workspace/vcpkg/packages/gtest_x64-linux/lib/pkgconfig/gmock.pc
2026-03-12T23:10:50.6353033Z -- Fixing pkgconfig file: /__w/iot-hub-device-update/iot-hub-device-update/.workspace/vcpkg/packages/gtest_x64-linux/lib/pkgconfig/gmock_main.pc
2026-03-12T23:10:50.6357839Z -- Fixing pkgconfig file: /__w/iot-hub-device-update/iot-hub-device-update/.workspace/vcpkg/packages/gtest_x64-linux/lib/pkgconfig/gtest.pc
2026-03-12T23:10:50.6361882Z -- Fixing pkgconfig file: /__w/iot-hub-device-update/iot-hub-device-update/.workspace/vcpkg/packages/gtest_x64-linux/lib/pkgconfig/gtest_main.pc
2026-03-12T23:10:50.6454728Z -- Fixing pkgconfig file: /__w/iot-hub-device-update/iot-hub-device-update/.workspace/vcpkg/packages/gtest_x64-linux/debug/lib/pkgconfig/gmock.pc
2026-03-12T23:10:50.6459392Z -- Fixing pkgconfig file: /__w/iot-hub-device-update/iot-hub-device-update/.workspace/vcpkg/packages/gtest_x64-linux/debug/lib/pkgconfig/gmock_main.pc
2026-03-12T23:10:50.6465036Z -- Fixing pkgconfig file: /__w/iot-hub-device-update/iot-hub-device-update/.workspace/vcpkg/packages/gtest_x64-linux/debug/lib/pkgconfig/gtest.pc
2026-03-12T23:10:50.6470573Z -- Fixing pkgconfig file: /__w/iot-hub-device-update/iot-hub-device-update/.workspace/vcpkg/packages/gtest_x64-linux/debug/lib/pkgconfig/gtest_main.pc
2026-03-12T23:10:50.6565699Z -- Installing: /__w/iot-hub-device-update/iot-hub-device-update/.workspace/vcpkg/packages/gtest_x64-linux/share/gtest/copyright
2026-03-12T23:10:50.6567798Z -- Installing: /__w/iot-hub-device-update/iot-hub-device-update/.workspace/vcpkg/packages/gtest_x64-linux/share/gtest/usage
2026-03-12T23:10:50.6636906Z -- Performing post-build validation
2026-03-12T23:10:50.7256155Z Starting submission of gtest:x64-linux@1.17.0#2 to 1 binary cache(s) in the background
2026-03-12T23:10:50.7256942Z Elapsed time to handle gtest:x64-linux: 14 s
2026-03-12T23:10:50.7260700Z Total install time: 14 s
2026-03-12T23:10:50.7261732Z Installed contents are licensed to you by owners. Microsoft is not responsible for, nor does it grant any licenses to, third-party packages.
2026-03-12T23:10:50.7263016Z Packages installed in this vcpkg installation declare the following licenses:
2026-03-12T23:10:50.7263683Z BSD-3-Clause
2026-03-12T23:10:50.7264128Z The package gtest is compatible with built-in CMake targets:
2026-03-12T23:10:50.7264575Z
2026-03-12T23:10:50.7264704Z     enable_testing()
2026-03-12T23:10:50.7265087Z
2026-03-12T23:10:50.7265417Z     find_package(GTest CONFIG REQUIRED)
2026-03-12T23:10:50.7266284Z     target_link_libraries(main PRIVATE GTest::gtest GTest::gtest_main GTest::gmock GTest::gmock_main)
2026-03-12T23:10:50.7267057Z
2026-03-12T23:10:50.7267346Z     add_test(AllTestsInMain main)
2026-03-12T23:10:50.7267626Z
2026-03-12T23:10:50.7267839Z Waiting for 1 remaining binary cache submissions...
2026-03-12T23:10:51.0778293Z Completed submission of gtest:x64-linux@1.17.0#2 to 1 binary cache(s) in 352 ms (1/1)
2026-03-12T23:10:51.0779197Z All requested installations completed successfully in: 14 s
2026-03-12T23:10:51.0800459Z Installing openssl:x64-linux...
2026-03-12T23:10:51.0871157Z Computing installation plan...
2026-03-12T23:10:51.0947648Z The following packages will be built and installed:
2026-03-12T23:10:51.0948213Z     openssl:x64-linux@3.6.1#2
2026-03-12T23:10:51.0948685Z   * vcpkg-cmake-get-vars:x64-linux@2025-05-29
2026-03-12T23:10:51.0949317Z Additional packages (*) will be modified to complete this operation.
2026-03-12T23:10:51.0950254Z Detecting compiler hash for triplet x64-linux...
2026-03-12T23:10:51.4743148Z Compiler found: /usr/bin/g++
2026-03-12T23:10:51.4797603Z Restored 0 package(s) from /github/home/.cache/vcpkg/archives in 15.8 us. Use --debug to see more details.
2026-03-12T23:10:51.4798627Z Installing 1/2 vcpkg-cmake-get-vars:x64-linux@2025-05-29...
2026-03-12T23:10:51.4799687Z vcpkg-cmake-get-vars:x64-linux@2025-05-29 package ABI: 08178d0218ac6194e755cf61fdb29ed5ce77b9d9da62611ebd77e79f7a2ed5b2
2026-03-12T23:10:51.4801260Z Building vcpkg-cmake-get-vars:x64-linux@2025-05-29...
2026-03-12T23:10:51.4802524Z /__w/iot-hub-device-update/iot-hub-device-update/.workspace/vcpkg/triplets/community/x64-linux.cmake: info: loaded community triplet from here. Community triplets are not built in the curated registry and are thus less likely to succeed.
2026-03-12T23:10:51.4953604Z -- Installing: /__w/iot-hub-device-update/iot-hub-device-update/.workspace/vcpkg/packages/vcpkg-cmake-get-vars_x64-linux/share/vcpkg-cmake-get-vars/vcpkg_cmake_get_vars.cmake
2026-03-12T23:10:51.4955876Z -- Installing: /__w/iot-hub-device-update/iot-hub-device-update/.workspace/vcpkg/packages/vcpkg-cmake-get-vars_x64-linux/share/vcpkg-cmake-get-vars/cmake_get_vars
2026-03-12T23:10:51.4958102Z -- Installing: /__w/iot-hub-device-update/iot-hub-device-update/.workspace/vcpkg/packages/vcpkg-cmake-get-vars_x64-linux/share/vcpkg-cmake-get-vars/cmake_get_vars/CMakeLists.txt
2026-03-12T23:10:51.4960547Z -- Installing: /__w/iot-hub-device-update/iot-hub-device-update/.workspace/vcpkg/packages/vcpkg-cmake-get-vars_x64-linux/share/vcpkg-cmake-get-vars/cmake-get-vars.cmake.in
2026-03-12T23:10:51.4962824Z -- Installing: /__w/iot-hub-device-update/iot-hub-device-update/.workspace/vcpkg/packages/vcpkg-cmake-get-vars_x64-linux/share/vcpkg-cmake-get-vars/vcpkg-port-config.cmake
2026-03-12T23:10:51.4965281Z -- Installing: /__w/iot-hub-device-update/iot-hub-device-update/.workspace/vcpkg/packages/vcpkg-cmake-get-vars_x64-linux/share/vcpkg-cmake-get-vars/copyright
2026-03-12T23:10:51.4985225Z -- Performing post-build validation
2026-03-12T23:10:51.5008144Z Starting submission of vcpkg-cmake-get-vars:x64-linux@2025-05-29 to 1 binary cache(s) in the background
2026-03-12T23:10:51.5009194Z Elapsed time to handle vcpkg-cmake-get-vars:x64-linux: 21.1 ms
2026-03-12T23:10:51.5009798Z Installing 2/2 openssl:x64-linux@3.6.1#2...
2026-03-12T23:10:51.5010998Z openssl:x64-linux@3.6.1#2 package ABI: 2df2c0e98cb89abab9a34dc421cb6b863c0670086000d9e25433437d54b23a12
2026-03-12T23:10:51.5011878Z Building openssl:x64-linux@3.6.1#2...
2026-03-12T23:10:51.5013500Z /__w/iot-hub-device-update/iot-hub-device-update/.workspace/vcpkg/triplets/community/x64-linux.cmake: info: loaded community triplet from here. Community triplets are not built in the curated registry and are thus less likely to succeed.
2026-03-12T23:10:51.5259632Z Downloading https://github.com/openssl/openssl/archive/openssl-3.6.1.tar.gz -> openssl-openssl-openssl-3.6.1.tar.gz
2026-03-12T23:10:55.0043257Z Successfully downloaded openssl-openssl-openssl-3.6.1.tar.gz
2026-03-12T23:10:55.1269416Z -- Extracting source /__w/iot-hub-device-update/iot-hub-device-update/.workspace/vcpkg/downloads/openssl-openssl-openssl-3.6.1.tar.gz
2026-03-12T23:10:55.8932250Z -- Applying patch cmake-config.patch
2026-03-12T23:10:55.8965036Z -- Applying patch command-line-length.patch
2026-03-12T23:10:55.8991209Z -- Applying patch script-prefix.patch
2026-03-12T23:10:55.9013584Z -- Applying patch windows/install-layout.patch
2026-03-12T23:10:55.9037721Z -- Applying patch windows/install-pdbs.patch
2026-03-12T23:10:55.9063304Z -- Applying patch windows/install-programs.diff
2026-03-12T23:10:55.9087122Z -- Applying patch unix/android-cc.patch
2026-03-12T23:10:55.9109860Z -- Applying patch unix/move-openssldir.patch
2026-03-12T23:10:55.9135358Z -- Applying patch unix/no-empty-dirs.patch
2026-03-12T23:10:55.9160768Z -- Applying patch unix/no-static-libs-for-shared.patch
2026-03-12T23:10:55.9186350Z -- Applying patch fix-mingw-build.patch
2026-03-12T23:10:55.9211163Z -- Using source at /__w/iot-hub-device-update/iot-hub-device-update/.workspace/vcpkg/buildtrees/openssl/src/nssl-3.6.1-c0028aa207.clean
2026-03-12T23:10:55.9355996Z -- Getting CMake variables for x64-linux
2026-03-12T23:10:56.2708200Z -- Loading CMake variables from /__w/iot-hub-device-update/iot-hub-device-update/.workspace/vcpkg/buildtrees/openssl/cmake-get-vars_C_CXX-x64-linux.cmake.log
2026-03-12T23:10:56.2720134Z openssl requires Linux kernel headers from the system package manager.
2026-03-12T23:10:56.2721013Z    They can be installed on Alpine systems via `apk add linux-headers`.
2026-03-12T23:10:56.2721779Z    They can be installed on Ubuntu systems via `apt install linux-libc-dev`.
2026-03-12T23:10:56.2722130Z
2026-03-12T23:10:56.3195980Z -- Getting CMake variables for x64-linux-dbg
2026-03-12T23:10:56.6396648Z -- Getting CMake variables for x64-linux-rel
2026-03-12T23:10:56.9664872Z -- Configuring x64-linux-dbg
2026-03-12T23:11:05.4775291Z -- Configuring x64-linux-rel
2026-03-12T23:11:13.8666341Z -- Building x64-linux-dbg
2026-03-12T23:11:57.1823651Z -- Installing x64-linux-dbg
2026-03-12T23:11:59.1758239Z -- Building x64-linux-rel
2026-03-12T23:13:01.4205718Z -- Installing x64-linux-rel
2026-03-12T23:13:03.3256544Z -- Fixing pkgconfig file: /__w/iot-hub-device-update/iot-hub-device-update/.workspace/vcpkg/packages/openssl_x64-linux/lib/pkgconfig/libcrypto.pc
2026-03-12T23:13:03.3260704Z -- Fixing pkgconfig file: /__w/iot-hub-device-update/iot-hub-device-update/.workspace/vcpkg/packages/openssl_x64-linux/lib/pkgconfig/libssl.pc
2026-03-12T23:13:03.3266214Z -- Fixing pkgconfig file: /__w/iot-hub-device-update/iot-hub-device-update/.workspace/vcpkg/packages/openssl_x64-linux/lib/pkgconfig/openssl.pc
2026-03-12T23:13:03.3342047Z -- Fixing pkgconfig file: /__w/iot-hub-device-update/iot-hub-device-update/.workspace/vcpkg/packages/openssl_x64-linux/debug/lib/pkgconfig/libcrypto.pc
2026-03-12T23:13:03.3347946Z -- Fixing pkgconfig file: /__w/iot-hub-device-update/iot-hub-device-update/.workspace/vcpkg/packages/openssl_x64-linux/debug/lib/pkgconfig/libssl.pc
2026-03-12T23:13:03.3353751Z -- Fixing pkgconfig file: /__w/iot-hub-device-update/iot-hub-device-update/.workspace/vcpkg/packages/openssl_x64-linux/debug/lib/pkgconfig/openssl.pc
2026-03-12T23:13:03.3481252Z -- Installing: /__w/iot-hub-device-update/iot-hub-device-update/.workspace/vcpkg/packages/openssl_x64-linux/share/openssl/usage
2026-03-12T23:13:03.3486326Z -- Installing: /__w/iot-hub-device-update/iot-hub-device-update/.workspace/vcpkg/packages/openssl_x64-linux/share/openssl/copyright
2026-03-12T23:13:03.3646114Z -- Performing post-build validation
2026-03-12T23:13:03.6220325Z Starting submission of openssl:x64-linux@3.6.1#2 to 1 binary cache(s) in the background
2026-03-12T23:13:03.6224518Z Elapsed time to handle openssl:x64-linux: 2.2 min
2026-03-12T23:13:03.6226576Z Total install time: 2.2 min
2026-03-12T23:13:03.6227427Z Installed contents are licensed to you by owners. Microsoft is not responsible for, nor does it grant any licenses to, third-party packages.
2026-03-12T23:13:03.6228163Z Packages installed in this vcpkg installation declare the following licenses:
2026-03-12T23:13:03.6228533Z Apache-2.0
2026-03-12T23:13:03.6228684Z MIT
2026-03-12T23:13:03.6228886Z openssl is compatible with built-in CMake targets:
2026-03-12T23:13:03.6229102Z
2026-03-12T23:13:03.6229187Z   find_package(OpenSSL REQUIRED)
2026-03-12T23:13:03.6229894Z   target_link_libraries(main PRIVATE OpenSSL::SSL)
2026-03-12T23:13:03.6230741Z   target_link_libraries(main PRIVATE OpenSSL::Crypto)
2026-03-12T23:13:03.6231138Z
2026-03-12T23:13:03.6231592Z Completed submission of vcpkg-cmake-get-vars:x64-linux@2025-05-29 to 1 binary cache(s) in 3.36 ms
2026-03-12T23:13:03.6232394Z Waiting for 1 remaining binary cache submissions...
2026-03-12T23:13:05.7565739Z Completed submission of openssl:x64-linux@3.6.1#2 to 1 binary cache(s) in 2.1 s (1/1)
2026-03-12T23:13:05.7566659Z All requested installations completed successfully in: 2.2 min
2026-03-12T23:13:05.7590277Z Installing e2fsprogs:x64-linux...
2026-03-12T23:13:05.7666909Z Computing installation plan...
2026-03-12T23:13:05.7745519Z The following packages will be built and installed:
2026-03-12T23:13:05.7746650Z     e2fsprogs:x64-linux@1.47 -- /__w/iot-hub-device-update/iot-hub-device-update/.workspace/iot-hub-device-update-delta/vcpkg/ports/e2fsprogs
2026-03-12T23:13:05.7747320Z Detecting compiler hash for triplet x64-linux...
2026-03-12T23:13:06.1625945Z Compiler found: /usr/bin/g++
2026-03-12T23:13:06.1672677Z Restored 0 package(s) from /github/home/.cache/vcpkg/archives in 12.5 us. Use --debug to see more details.
2026-03-12T23:13:06.1673554Z Installing 1/1 e2fsprogs:x64-linux@1.47...
2026-03-12T23:13:06.1674199Z e2fsprogs:x64-linux@1.47 package ABI: ea41e6c148033650afd87f744c8748b33799b222df201ac4925a61b63fd405c0
2026-03-12T23:13:06.1674768Z Building e2fsprogs:x64-linux@1.47...
2026-03-12T23:13:06.1675877Z /__w/iot-hub-device-update/iot-hub-device-update/.workspace/vcpkg/triplets/community/x64-linux.cmake: info: loaded community triplet from here. Community triplets are not built in the curated registry and are thus less likely to succeed.
2026-03-12T23:13:06.1677591Z /__w/iot-hub-device-update/iot-hub-device-update/.workspace/iot-hub-device-update-delta/vcpkg/ports/e2fsprogs: info: installing overlay port from here
2026-03-12T23:13:06.1825251Z CMake Warning at /__w/iot-hub-device-update/iot-hub-device-update/.workspace/iot-hub-device-update-delta/vcpkg/ports/e2fsprogs/portfile.cmake:3 (message):
2026-03-12T23:13:06.1826707Z   e2fsprogs currently requires the following packages:
2026-03-12T23:13:06.1827135Z
2026-03-12T23:13:06.1827656Z     x64: gcc-x86-64-linux-gnu g++-x86-64-linux-gnu binutils-x86-64-linux-gnu pkg-config-x86-64-linux-gnu
2026-03-12T23:13:06.1829019Z     arm: gcc-arm-linux-gnueabihf g++-arm-linux-gnueabihf binutils-arm-linux-gnueabihf pkg-config-arm-linux-gnueabihf
2026-03-12T23:13:06.1831046Z     arm64: gcc-aarch64-linux-gnu g++-aarch64-linux-gnu binutils-aarch64-linux-gnu pkg-config-aarch64-linux-gnu
2026-03-12T23:13:06.1831873Z
2026-03-12T23:13:06.1832026Z Call Stack (most recent call first):
2026-03-12T23:13:06.1832476Z   scripts/ports.cmake:206 (include)
2026-03-12T23:13:06.1832777Z
2026-03-12T23:13:06.1832782Z
2026-03-12T23:13:06.1916513Z Downloading https://github.com/tytso/e2fsprogs/archive/ff64357f839071968a727f8b5a08b0ddaedc5bbb.tar.gz -> tytso-e2fsprogs-ff64357f839071968a727f8b5a08b0ddaedc5bbb.tar.gz
2026-03-12T23:13:06.8157049Z Successfully downloaded tytso-e2fsprogs-ff64357f839071968a727f8b5a08b0ddaedc5bbb.tar.gz
2026-03-12T23:13:06.8401300Z -- Extracting source /__w/iot-hub-device-update/iot-hub-device-update/.workspace/vcpkg/downloads/tytso-e2fsprogs-ff64357f839071968a727f8b5a08b0ddaedc5bbb.tar.gz
2026-03-12T23:13:07.0551803Z -- Applying patch get_current_physblock.patch
2026-03-12T23:13:07.0582816Z -- Using source at /__w/iot-hub-device-update/iot-hub-device-update/.workspace/vcpkg/buildtrees/e2fsprogs/src/ddaedc5bbb-36d678378e.clean
2026-03-12T23:13:07.0723967Z -- Getting CMake variables for x64-linux-dbg
2026-03-12T23:13:07.3984122Z -- Getting CMake variables for x64-linux-rel
2026-03-12T23:13:07.7323945Z -- Configuring x64-linux-dbg
2026-03-12T23:13:14.3790262Z -- Configuring x64-linux-rel
2026-03-12T23:13:21.5190292Z -- Building x64-linux-dbg
2026-03-12T23:13:28.1103457Z -- Installing x64-linux-dbg
2026-03-12T23:13:28.9018758Z -- Building x64-linux-rel
2026-03-12T23:13:41.7362981Z -- Installing x64-linux-rel
2026-03-12T23:13:42.5332090Z -- Installing: /__w/iot-hub-device-update/iot-hub-device-update/.workspace/vcpkg/packages/e2fsprogs_x64-linux/share/e2fsprogs/e2fsprogs-config.cmake
2026-03-12T23:13:42.5336214Z -- Installing: /__w/iot-hub-device-update/iot-hub-device-update/.workspace/vcpkg/packages/e2fsprogs_x64-linux/share/e2fsprogs/usage
2026-03-12T23:13:42.5398257Z -- Installing: /__w/iot-hub-device-update/iot-hub-device-update/.workspace/vcpkg/packages/e2fsprogs_x64-linux/share/e2fsprogs/copyright
2026-03-12T23:13:42.5520385Z -- Adjusted RPATH of '/__w/iot-hub-device-update/iot-hub-device-update/.workspace/vcpkg/packages/e2fsprogs_x64-linux/debug/lib/e2initrd_helper' (From '' -> To '$ORIGIN')
2026-03-12T23:13:42.5601664Z -- Adjusted RPATH of '/__w/iot-hub-device-update/iot-hub-device-update/.workspace/vcpkg/packages/e2fsprogs_x64-linux/lib/e2initrd_helper' (From '' -> To '$ORIGIN')
2026-03-12T23:13:42.6448153Z -- Adjusted RPATH of '/__w/iot-hub-device-update/iot-hub-device-update/.workspace/vcpkg/packages/e2fsprogs_x64-linux/tools/e2fsprogs/bin/chattr' (From '' -> To '$ORIGIN:$ORIGIN/../../../lib')
2026-03-12T23:13:42.6485375Z -- Adjusted RPATH of '/__w/iot-hub-device-update/iot-hub-device-update/.workspace/vcpkg/packages/e2fsprogs_x64-linux/tools/e2fsprogs/bin/lsattr' (From '' -> To '$ORIGIN:$ORIGIN/../../../lib')
2026-03-12T23:13:42.6524003Z -- Adjusted RPATH of '/__w/iot-hub-device-update/iot-hub-device-update/.workspace/vcpkg/packages/e2fsprogs_x64-linux/tools/e2fsprogs/debug/bin/chattr' (From '' -> To '$ORIGIN:$ORIGIN/../../../../debug/lib')
2026-03-12T23:13:42.6562548Z -- Adjusted RPATH of '/__w/iot-hub-device-update/iot-hub-device-update/.workspace/vcpkg/packages/e2fsprogs_x64-linux/tools/e2fsprogs/debug/bin/lsattr' (From '' -> To '$ORIGIN:$ORIGIN/../../../../debug/lib')
2026-03-12T23:13:42.6631264Z -- Adjusted RPATH of '/__w/iot-hub-device-update/iot-hub-device-update/.workspace/vcpkg/packages/e2fsprogs_x64-linux/tools/e2fsprogs/debug/sbin/badblocks' (From '' -> To '$ORIGIN:$ORIGIN/../../../../debug/lib')
2026-03-12T23:13:42.6661472Z -- Adjusted RPATH of '/__w/iot-hub-device-update/iot-hub-device-update/.workspace/vcpkg/packages/e2fsprogs_x64-linux/tools/e2fsprogs/debug/sbin/blkid' (From '' -> To '$ORIGIN:$ORIGIN/../../../../debug/lib')
2026-03-12T23:13:42.6753814Z -- Adjusted RPATH of '/__w/iot-hub-device-update/iot-hub-device-update/.workspace/vcpkg/packages/e2fsprogs_x64-linux/tools/e2fsprogs/debug/sbin/debugfs' (From '' -> To '$ORIGIN:$ORIGIN/../../../../debug/lib')
2026-03-12T23:13:42.6819540Z -- Adjusted RPATH of '/__w/iot-hub-device-update/iot-hub-device-update/.workspace/vcpkg/packages/e2fsprogs_x64-linux/tools/e2fsprogs/debug/sbin/dumpe2fs' (From '' -> To '$ORIGIN:$ORIGIN/../../../../debug/lib')
2026-03-12T23:13:42.6877050Z -- Adjusted RPATH of '/__w/iot-hub-device-update/iot-hub-device-update/.workspace/vcpkg/packages/e2fsprogs_x64-linux/tools/e2fsprogs/debug/sbin/e2freefrag' (From '' -> To '$ORIGIN:$ORIGIN/../../../../debug/lib')
2026-03-12T23:13:42.6988881Z -- Adjusted RPATH of '/__w/iot-hub-device-update/iot-hub-device-update/.workspace/vcpkg/packages/e2fsprogs_x64-linux/tools/e2fsprogs/debug/sbin/e2fsck' (From '' -> To '$ORIGIN:$ORIGIN/../../../../debug/lib')
2026-03-12T23:13:42.7056901Z -- Adjusted RPATH of '/__w/iot-hub-device-update/iot-hub-device-update/.workspace/vcpkg/packages/e2fsprogs_x64-linux/tools/e2fsprogs/debug/sbin/e2image' (From '' -> To '$ORIGIN:$ORIGIN/../../../../debug/lib')
2026-03-12T23:13:42.7135857Z -- Adjusted RPATH of '/__w/iot-hub-device-update/iot-hub-device-update/.workspace/vcpkg/packages/e2fsprogs_x64-linux/tools/e2fsprogs/debug/sbin/e2label' (From '' -> To '$ORIGIN:$ORIGIN/../../../../debug/lib')
2026-03-12T23:13:42.7174905Z -- Adjusted RPATH of '/__w/iot-hub-device-update/iot-hub-device-update/.workspace/vcpkg/packages/e2fsprogs_x64-linux/tools/e2fsprogs/debug/sbin/e2mmpstatus' (From '$ORIGIN:$ORIGIN/../../../../debug/lib' -> To '$ORIGIN:$ORIGIN/../../../../debug/lib')
2026-03-12T23:13:42.7255772Z -- Adjusted RPATH of '/__w/iot-hub-device-update/iot-hub-device-update/.workspace/vcpkg/packages/e2fsprogs_x64-linux/tools/e2fsprogs/debug/sbin/e2undo' (From '' -> To '$ORIGIN:$ORIGIN/../../../../debug/lib')
2026-03-12T23:13:42.7282190Z -- Adjusted RPATH of '/__w/iot-hub-device-update/iot-hub-device-update/.workspace/vcpkg/packages/e2fsprogs_x64-linux/tools/e2fsprogs/debug/sbin/e4crypt' (From '' -> To '$ORIGIN:$ORIGIN/../../../../debug/lib')
2026-03-12T23:13:42.7339195Z -- Adjusted RPATH of '/__w/iot-hub-device-update/iot-hub-device-update/.workspace/vcpkg/packages/e2fsprogs_x64-linux/tools/e2fsprogs/debug/sbin/e4defrag' (From '' -> To '$ORIGIN:$ORIGIN/../../../../debug/lib')
2026-03-12T23:13:42.7364202Z -- Adjusted RPATH of '/__w/iot-hub-device-update/iot-hub-device-update/.workspace/vcpkg/packages/e2fsprogs_x64-linux/tools/e2fsprogs/debug/sbin/filefrag' (From '' -> To '$ORIGIN:$ORIGIN/../../../../debug/lib')
2026-03-12T23:13:42.7404962Z -- Adjusted RPATH of '/__w/iot-hub-device-update/iot-hub-device-update/.workspace/vcpkg/packages/e2fsprogs_x64-linux/tools/e2fsprogs/debug/sbin/findfs' (From '$ORIGIN:$ORIGIN/../../../../debug/lib' -> To '$ORIGIN:$ORIGIN/../../../../debug/lib')
2026-03-12T23:13:42.7435136Z -- Adjusted RPATH of '/__w/iot-hub-device-update/iot-hub-device-update/.workspace/vcpkg/packages/e2fsprogs_x64-linux/tools/e2fsprogs/debug/sbin/fsck' (From '' -> To '$ORIGIN:$ORIGIN/../../../../debug/lib')
2026-03-12T23:13:42.7494228Z -- Adjusted RPATH of '/__w/iot-hub-device-update/iot-hub-device-update/.workspace/vcpkg/packages/e2fsprogs_x64-linux/tools/e2fsprogs/debug/sbin/fsck.ext2' (From '$ORIGIN:$ORIGIN/../../../../debug/lib' -> To '$ORIGIN:$ORIGIN/../../../../debug/lib')
2026-03-12T23:13:42.7540334Z -- Adjusted RPATH of '/__w/iot-hub-device-update/iot-hub-device-update/.workspace/vcpkg/packages/e2fsprogs_x64-linux/tools/e2fsprogs/debug/sbin/fsck.ext3' (From '$ORIGIN:$ORIGIN/../../../../debug/lib' -> To '$ORIGIN:$ORIGIN/../../../../debug/lib')
2026-03-12T23:13:42.7595284Z -- Adjusted RPATH of '/__w/iot-hub-device-update/iot-hub-device-update/.workspace/vcpkg/packages/e2fsprogs_x64-linux/tools/e2fsprogs/debug/sbin/fsck.ext4' (From '$ORIGIN:$ORIGIN/../../../../debug/lib' -> To '$ORIGIN:$ORIGIN/../../../../debug/lib')
2026-03-12T23:13:42.7619741Z -- Adjusted RPATH of '/__w/iot-hub-device-update/iot-hub-device-update/.workspace/vcpkg/packages/e2fsprogs_x64-linux/tools/e2fsprogs/debug/sbin/logsave' (From '' -> To '$ORIGIN:$ORIGIN/../../../../debug/lib')
2026-03-12T23:13:42.7701764Z -- Adjusted RPATH of '/__w/iot-hub-device-update/iot-hub-device-update/.workspace/vcpkg/packages/e2fsprogs_x64-linux/tools/e2fsprogs/debug/sbin/mke2fs' (From '' -> To '$ORIGIN:$ORIGIN/../../../../debug/lib')
2026-03-12T23:13:42.7743754Z -- Adjusted RPATH of '/__w/iot-hub-device-update/iot-hub-device-update/.workspace/vcpkg/packages/e2fsprogs_x64-linux/tools/e2fsprogs/debug/sbin/mkfs.ext2' (From '$ORIGIN:$ORIGIN/../../../../debug/lib' -> To '$ORIGIN:$ORIGIN/../../../../debug/lib')
2026-03-12T23:13:42.7785175Z -- Adjusted RPATH of '/__w/iot-hub-device-update/iot-hub-device-update/.workspace/vcpkg/packages/e2fsprogs_x64-linux/tools/e2fsprogs/debug/sbin/mkfs.ext3' (From '$ORIGIN:$ORIGIN/../../../../debug/lib' -> To '$ORIGIN:$ORIGIN/../../../../debug/lib')
2026-03-12T23:13:42.7828804Z -- Adjusted RPATH of '/__w/iot-hub-device-update/iot-hub-device-update/.workspace/vcpkg/packages/e2fsprogs_x64-linux/tools/e2fsprogs/debug/sbin/mkfs.ext4' (From '$ORIGIN:$ORIGIN/../../../../debug/lib' -> To '$ORIGIN:$ORIGIN/../../../../debug/lib')
2026-03-12T23:13:42.7854094Z -- Adjusted RPATH of '/__w/iot-hub-device-update/iot-hub-device-update/.workspace/vcpkg/packages/e2fsprogs_x64-linux/tools/e2fsprogs/debug/sbin/mklost+found' (From '' -> To '$ORIGIN:$ORIGIN/../../../../debug/lib')
2026-03-12T23:13:42.7915648Z -- Adjusted RPATH of '/__w/iot-hub-device-update/iot-hub-device-update/.workspace/vcpkg/packages/e2fsprogs_x64-linux/tools/e2fsprogs/debug/sbin/resize2fs' (From '' -> To '$ORIGIN:$ORIGIN/../../../../debug/lib')
2026-03-12T23:13:42.7957002Z -- Adjusted RPATH of '/__w/iot-hub-device-update/iot-hub-device-update/.workspace/vcpkg/packages/e2fsprogs_x64-linux/tools/e2fsprogs/debug/sbin/tune2fs' (From '$ORIGIN:$ORIGIN/../../../../debug/lib' -> To '$ORIGIN:$ORIGIN/../../../../debug/lib')
2026-03-12T23:13:42.7993118Z -- Adjusted RPATH of '/__w/iot-hub-device-update/iot-hub-device-update/.workspace/vcpkg/packages/e2fsprogs_x64-linux/tools/e2fsprogs/sbin/badblocks' (From '' -> To '$ORIGIN:$ORIGIN/../../../lib')
2026-03-12T23:13:42.8018321Z -- Adjusted RPATH of '/__w/iot-hub-device-update/iot-hub-device-update/.workspace/vcpkg/packages/e2fsprogs_x64-linux/tools/e2fsprogs/sbin/blkid' (From '' -> To '$ORIGIN:$ORIGIN/../../../lib')
2026-03-12T23:13:42.8069692Z -- Adjusted RPATH of '/__w/iot-hub-device-update/iot-hub-device-update/.workspace/vcpkg/packages/e2fsprogs_x64-linux/tools/e2fsprogs/sbin/debugfs' (From '' -> To '$ORIGIN:$ORIGIN/../../../lib')
2026-03-12T23:13:42.8111172Z -- Adjusted RPATH of '/__w/iot-hub-device-update/iot-hub-device-update/.workspace/vcpkg/packages/e2fsprogs_x64-linux/tools/e2fsprogs/sbin/dumpe2fs' (From '' -> To '$ORIGIN:$ORIGIN/../../../lib')
2026-03-12T23:13:42.8148478Z -- Adjusted RPATH of '/__w/iot-hub-device-update/iot-hub-device-update/.workspace/vcpkg/packages/e2fsprogs_x64-linux/tools/e2fsprogs/sbin/e2freefrag' (From '' -> To '$ORIGIN:$ORIGIN/../../../lib')
2026-03-12T23:13:42.8210951Z -- Adjusted RPATH of '/__w/iot-hub-device-update/iot-hub-device-update/.workspace/vcpkg/packages/e2fsprogs_x64-linux/tools/e2fsprogs/sbin/e2fsck' (From '' -> To '$ORIGIN:$ORIGIN/../../../lib')
2026-03-12T23:13:42.8252886Z -- Adjusted RPATH of '/__w/iot-hub-device-update/iot-hub-device-update/.workspace/vcpkg/packages/e2fsprogs_x64-linux/tools/e2fsprogs/sbin/e2image' (From '' -> To '$ORIGIN:$ORIGIN/../../../lib')
2026-03-12T23:13:42.8297802Z -- Adjusted RPATH of '/__w/iot-hub-device-update/iot-hub-device-update/.workspace/vcpkg/packages/e2fsprogs_x64-linux/tools/e2fsprogs/sbin/e2label' (From '' -> To '$ORIGIN:$ORIGIN/../../../lib')
2026-03-12T23:13:42.8327024Z -- Adjusted RPATH of '/__w/iot-hub-device-update/iot-hub-device-update/.workspace/vcpkg/packages/e2fsprogs_x64-linux/tools/e2fsprogs/sbin/e2mmpstatus' (From '$ORIGIN:$ORIGIN/../../../lib' -> To '$ORIGIN:$ORIGIN/../../../lib')
2026-03-12T23:13:42.8388272Z -- Adjusted RPATH of '/__w/iot-hub-device-update/iot-hub-device-update/.workspace/vcpkg/packages/e2fsprogs_x64-linux/tools/e2fsprogs/sbin/e2undo' (From '' -> To '$ORIGIN:$ORIGIN/../../../lib')
2026-03-12T23:13:42.8414009Z -- Adjusted RPATH of '/__w/iot-hub-device-update/iot-hub-device-update/.workspace/vcpkg/packages/e2fsprogs_x64-linux/tools/e2fsprogs/sbin/e4crypt' (From '' -> To '$ORIGIN:$ORIGIN/../../../lib')
2026-03-12T23:13:42.8451356Z -- Adjusted RPATH of '/__w/iot-hub-device-update/iot-hub-device-update/.workspace/vcpkg/packages/e2fsprogs_x64-linux/tools/e2fsprogs/sbin/e4defrag' (From '' -> To '$ORIGIN:$ORIGIN/../../../lib')
2026-03-12T23:13:42.8476023Z -- Adjusted RPATH of '/__w/iot-hub-device-update/iot-hub-device-update/.workspace/vcpkg/packages/e2fsprogs_x64-linux/tools/e2fsprogs/sbin/filefrag' (From '' -> To '$ORIGIN:$ORIGIN/../../../lib')
2026-03-12T23:13:42.8504979Z -- Adjusted RPATH of '/__w/iot-hub-device-update/iot-hub-device-update/.workspace/vcpkg/packages/e2fsprogs_x64-linux/tools/e2fsprogs/sbin/findfs' (From '$ORIGIN:$ORIGIN/../../../lib' -> To '$ORIGIN:$ORIGIN/../../../lib')
2026-03-12T23:13:42.8531178Z -- Adjusted RPATH of '/__w/iot-hub-device-update/iot-hub-device-update/.workspace/vcpkg/packages/e2fsprogs_x64-linux/tools/e2fsprogs/sbin/fsck' (From '' -> To '$ORIGIN:$ORIGIN/../../../lib')
2026-03-12T23:13:42.8567976Z -- Adjusted RPATH of '/__w/iot-hub-device-update/iot-hub-device-update/.workspace/vcpkg/packages/e2fsprogs_x64-linux/tools/e2fsprogs/sbin/fsck.ext2' (From '$ORIGIN:$ORIGIN/../../../lib' -> To '$ORIGIN:$ORIGIN/../../../lib')
2026-03-12T23:13:42.8603589Z -- Adjusted RPATH of '/__w/iot-hub-device-update/iot-hub-device-update/.workspace/vcpkg/packages/e2fsprogs_x64-linux/tools/e2fsprogs/sbin/fsck.ext3' (From '$ORIGIN:$ORIGIN/../../../lib' -> To '$ORIGIN:$ORIGIN/../../../lib')
2026-03-12T23:13:42.8637957Z -- Adjusted RPATH of '/__w/iot-hub-device-update/iot-hub-device-update/.workspace/vcpkg/packages/e2fsprogs_x64-linux/tools/e2fsprogs/sbin/fsck.ext4' (From '$ORIGIN:$ORIGIN/../../../lib' -> To '$ORIGIN:$ORIGIN/../../../lib')
2026-03-12T23:13:42.8661689Z -- Adjusted RPATH of '/__w/iot-hub-device-update/iot-hub-device-update/.workspace/vcpkg/packages/e2fsprogs_x64-linux/tools/e2fsprogs/sbin/logsave' (From '' -> To '$ORIGIN:$ORIGIN/../../../lib')
2026-03-12T23:13:42.8708649Z -- Adjusted RPATH of '/__w/iot-hub-device-update/iot-hub-device-update/.workspace/vcpkg/packages/e2fsprogs_x64-linux/tools/e2fsprogs/sbin/mke2fs' (From '' -> To '$ORIGIN:$ORIGIN/../../../lib')
2026-03-12T23:13:42.8739210Z -- Adjusted RPATH of '/__w/iot-hub-device-update/iot-hub-device-update/.workspace/vcpkg/packages/e2fsprogs_x64-linux/tools/e2fsprogs/sbin/mkfs.ext2' (From '$ORIGIN:$ORIGIN/../../../lib' -> To '$ORIGIN:$ORIGIN/../../../lib')
2026-03-12T23:13:42.8768193Z -- Adjusted RPATH of '/__w/iot-hub-device-update/iot-hub-device-update/.workspace/vcpkg/packages/e2fsprogs_x64-linux/tools/e2fsprogs/sbin/mkfs.ext3' (From '$ORIGIN:$ORIGIN/../../../lib' -> To '$ORIGIN:$ORIGIN/../../../lib')
2026-03-12T23:13:42.8797519Z -- Adjusted RPATH of '/__w/iot-hub-device-update/iot-hub-device-update/.workspace/vcpkg/packages/e2fsprogs_x64-linux/tools/e2fsprogs/sbin/mkfs.ext4' (From '$ORIGIN:$ORIGIN/../../../lib' -> To '$ORIGIN:$ORIGIN/../../../lib')
2026-03-12T23:13:42.8820778Z -- Adjusted RPATH of '/__w/iot-hub-device-update/iot-hub-device-update/.workspace/vcpkg/packages/e2fsprogs_x64-linux/tools/e2fsprogs/sbin/mklost+found' (From '' -> To '$ORIGIN:$ORIGIN/../../../lib')
2026-03-12T23:13:42.8859816Z -- Adjusted RPATH of '/__w/iot-hub-device-update/iot-hub-device-update/.workspace/vcpkg/packages/e2fsprogs_x64-linux/tools/e2fsprogs/sbin/resize2fs' (From '' -> To '$ORIGIN:$ORIGIN/../../../lib')
2026-03-12T23:13:42.8888517Z -- Adjusted RPATH of '/__w/iot-hub-device-update/iot-hub-device-update/.workspace/vcpkg/packages/e2fsprogs_x64-linux/tools/e2fsprogs/sbin/tune2fs' (From '$ORIGIN:$ORIGIN/../../../lib' -> To '$ORIGIN:$ORIGIN/../../../lib')
2026-03-12T23:13:42.8917063Z -- Performing post-build validation
2026-03-12T23:13:42.8969305Z /__w/iot-hub-device-update/iot-hub-device-update/.workspace/iot-hub-device-update-delta/vcpkg/ports/e2fsprogs/portfile.cmake: warning: There should be no absolute paths, such as the following, in an installed package. To suppress this message, add set(VCPKG_POLICY_SKIP_ABSOLUTE_PATHS_CHECK enabled)
2026-03-12T23:13:42.8971959Z note: /__w/iot-hub-device-update/iot-hub-device-update/.workspace/vcpkg/packages
2026-03-12T23:13:42.8972926Z note: /__w/iot-hub-device-update/iot-hub-device-update/.workspace/vcpkg/installed
2026-03-12T23:13:42.8973902Z note: /__w/iot-hub-device-update/iot-hub-device-update/.workspace/vcpkg/buildtrees
2026-03-12T23:13:42.8974839Z note: /__w/iot-hub-device-update/iot-hub-device-update/.workspace/vcpkg/downloads
2026-03-12T23:13:42.8976671Z /__w/iot-hub-device-update/iot-hub-device-update/.workspace/iot-hub-device-update-delta/vcpkg/ports/e2fsprogs/portfile.cmake: note: Adding a call to `vcpkg_fixup_pkgconfig()` may fix absolute paths in .pc files
2026-03-12T23:13:42.8979044Z /__w/iot-hub-device-update/iot-hub-device-update/.workspace/vcpkg/packages/e2fsprogs_x64-linux/debug/lib/pkgconfig/blkid.pc: note: absolute paths found here
2026-03-12T23:13:42.8981269Z /__w/iot-hub-device-update/iot-hub-device-update/.workspace/vcpkg/packages/e2fsprogs_x64-linux/debug/lib/pkgconfig/com_err.pc: note: absolute paths found here
2026-03-12T23:13:42.8983296Z /__w/iot-hub-device-update/iot-hub-device-update/.workspace/vcpkg/packages/e2fsprogs_x64-linux/debug/lib/pkgconfig/e2p.pc: note: absolute paths found here
2026-03-12T23:13:42.8985211Z /__w/iot-hub-device-update/iot-hub-device-update/.workspace/vcpkg/packages/e2fsprogs_x64-linux/debug/lib/pkgconfig/ext2fs.pc: note: absolute paths found here
2026-03-12T23:13:42.8987111Z /__w/iot-hub-device-update/iot-hub-device-update/.workspace/vcpkg/packages/e2fsprogs_x64-linux/debug/lib/pkgconfig/ss.pc: note: absolute paths found here
2026-03-12T23:13:42.8989113Z /__w/iot-hub-device-update/iot-hub-device-update/.workspace/vcpkg/packages/e2fsprogs_x64-linux/debug/libexec/e2fsprogs/e2scrub_all_cron: note: absolute paths found here
2026-03-12T23:13:42.8991243Z /__w/iot-hub-device-update/iot-hub-device-update/.workspace/vcpkg/packages/e2fsprogs_x64-linux/lib/pkgconfig/blkid.pc: note: absolute paths found here
2026-03-12T23:13:42.8993092Z /__w/iot-hub-device-update/iot-hub-device-update/.workspace/vcpkg/packages/e2fsprogs_x64-linux/lib/pkgconfig/com_err.pc: note: absolute paths found here
2026-03-12T23:13:42.8994934Z /__w/iot-hub-device-update/iot-hub-device-update/.workspace/vcpkg/packages/e2fsprogs_x64-linux/lib/pkgconfig/e2p.pc: note: absolute paths found here
2026-03-12T23:13:42.8996769Z /__w/iot-hub-device-update/iot-hub-device-update/.workspace/vcpkg/packages/e2fsprogs_x64-linux/lib/pkgconfig/ext2fs.pc: note: absolute paths found here
2026-03-12T23:13:42.8998592Z /__w/iot-hub-device-update/iot-hub-device-update/.workspace/vcpkg/packages/e2fsprogs_x64-linux/lib/pkgconfig/ss.pc: note: absolute paths found here
2026-03-12T23:13:42.9000846Z /__w/iot-hub-device-update/iot-hub-device-update/.workspace/vcpkg/packages/e2fsprogs_x64-linux/libexec/e2fsprogs/e2scrub_all_cron: note: absolute paths found here
2026-03-12T23:13:42.9002831Z /__w/iot-hub-device-update/iot-hub-device-update/.workspace/vcpkg/packages/e2fsprogs_x64-linux/tools/e2fsprogs/bin/compile_et: note: absolute paths found here
2026-03-12T23:13:42.9004748Z /__w/iot-hub-device-update/iot-hub-device-update/.workspace/vcpkg/packages/e2fsprogs_x64-linux/tools/e2fsprogs/bin/mk_cmds: note: absolute paths found here
2026-03-12T23:13:42.9006702Z /__w/iot-hub-device-update/iot-hub-device-update/.workspace/vcpkg/packages/e2fsprogs_x64-linux/tools/e2fsprogs/debug/bin/compile_et: note: absolute paths found here
2026-03-12T23:13:42.9008699Z /__w/iot-hub-device-update/iot-hub-device-update/.workspace/vcpkg/packages/e2fsprogs_x64-linux/tools/e2fsprogs/debug/bin/mk_cmds: note: absolute paths found here
2026-03-12T23:13:42.9010971Z /__w/iot-hub-device-update/iot-hub-device-update/.workspace/vcpkg/packages/e2fsprogs_x64-linux/tools/e2fsprogs/debug/sbin/e2scrub: note: absolute paths found here
2026-03-12T23:13:42.9012988Z /__w/iot-hub-device-update/iot-hub-device-update/.workspace/vcpkg/packages/e2fsprogs_x64-linux/tools/e2fsprogs/debug/sbin/e2scrub_all: note: absolute paths found here
2026-03-12T23:13:42.9015276Z /__w/iot-hub-device-update/iot-hub-device-update/.workspace/vcpkg/packages/e2fsprogs_x64-linux/tools/e2fsprogs/sbin/e2scrub: note: absolute paths found here
2026-03-12T23:13:42.9017213Z /__w/iot-hub-device-update/iot-hub-device-update/.workspace/vcpkg/packages/e2fsprogs_x64-linux/tools/e2fsprogs/sbin/e2scrub_all: note: absolute paths found here
2026-03-12T23:13:42.9020396Z /__w/iot-hub-device-update/iot-hub-device-update/.workspace/iot-hub-device-update-delta/vcpkg/ports/e2fsprogs/portfile.cmake: warning: Found 1 post-build check problem(s). These are usually caused by bugs in portfile.cmake or the upstream build system. Please correct these before submitting this port to the curated registry.
2026-03-12T23:13:43.1584483Z Starting submission of e2fsprogs:x64-linux@1.47 to 1 binary cache(s) in the background
2026-03-12T23:13:43.1585350Z Elapsed time to handle e2fsprogs:x64-linux: 37 s
2026-03-12T23:13:43.1587904Z Total install time: 37 s
2026-03-12T23:13:43.1589361Z Installed contents are licensed to you by owners. Microsoft is not responsible for, nor does it grant any licenses to, third-party packages.
2026-03-12T23:13:43.1592062Z Some packages did not declare an SPDX license. Check the `copyright` file for each package for more information about their licensing.
2026-03-12T23:13:43.1592971Z The package e2fsprogs provides CMake integration:
2026-03-12T23:13:43.1593194Z
2026-03-12T23:13:43.1593284Z     find_package(e2fsprogs REQUIRED)
2026-03-12T23:13:43.1593630Z     target_include_directories(main PRIVATE ${E2FSPROGS_INCLUDE_DIRS})
2026-03-12T23:13:43.1594063Z     target_link_libraries(main PRIVATE ${E2FSPROGS_LIBRARIES})
2026-03-12T23:13:43.1594316Z
2026-03-12T23:13:43.1594435Z Waiting for 1 remaining binary cache submissions...
2026-03-12T23:13:46.0420591Z Completed submission of e2fsprogs:x64-linux@1.47 to 1 binary cache(s) in 2.9 s (1/1)
2026-03-12T23:13:46.0421207Z All requested installations completed successfully in: 37 s
2026-03-12T23:13:46.0443364Z Installing vcpkg-cmake-config:x64-linux...
2026-03-12T23:13:46.0518506Z Computing installation plan...
2026-03-12T23:13:46.0525260Z The following packages are already installed:
2026-03-12T23:13:46.0525844Z     vcpkg-cmake-config:x64-linux@2024-05-23
2026-03-12T23:13:46.0528442Z Total install time: 205 us
2026-03-12T23:13:46.0529612Z All requested installations completed successfully in: 205 us
2026-03-12T23:13:46.0555178Z Installing vcpkg-cmake:x64-linux...
2026-03-12T23:13:46.0647474Z Computing installation plan...
2026-03-12T23:13:46.0654962Z The following packages are already installed:
2026-03-12T23:13:46.0656058Z     vcpkg-cmake:x64-linux@2024-04-23
2026-03-12T23:13:46.0658130Z Total install time: 271 us
2026-03-12T23:13:46.0659899Z All requested installations completed successfully in: 271 us
2026-03-12T23:13:46.0678844Z Installing jsoncpp:x64-linux...
2026-03-12T23:13:46.0753649Z Computing installation plan...
2026-03-12T23:13:46.0833125Z The following packages will be built and installed:
2026-03-12T23:13:46.0834145Z     jsoncpp:x64-linux@1.9.6
2026-03-12T23:13:46.0835035Z Detecting compiler hash for triplet x64-linux...
2026-03-12T23:13:46.4747600Z Compiler found: /usr/bin/g++
2026-03-12T23:13:46.4782394Z Restored 0 package(s) from /github/home/.cache/vcpkg/archives in 11.4 us. Use --debug to see more details.
2026-03-12T23:13:46.4783210Z Installing 1/1 jsoncpp:x64-linux@1.9.6...
2026-03-12T23:13:46.4783710Z jsoncpp:x64-linux@1.9.6 package ABI: 805f38a446b224f45ffe13f0a4bcb9aab7a5d944db8aef6b2aff4e5af47e1f22
2026-03-12T23:13:46.4784210Z Building jsoncpp:x64-linux@1.9.6...
2026-03-12T23:13:46.4785179Z /__w/iot-hub-device-update/iot-hub-device-update/.workspace/vcpkg/triplets/community/x64-linux.cmake: info: loaded community triplet from here. Community triplets are not built in the curated registry and are thus less likely to succeed.
2026-03-12T23:13:46.5023730Z Downloading https://github.com/open-source-parsers/jsoncpp/archive/1.9.6.tar.gz -> open-source-parsers-jsoncpp-1.9.6.tar.gz
2026-03-12T23:13:47.0401085Z Successfully downloaded open-source-parsers-jsoncpp-1.9.6.tar.gz
2026-03-12T23:13:47.0427854Z -- Extracting source /__w/iot-hub-device-update/iot-hub-device-update/.workspace/vcpkg/downloads/open-source-parsers-jsoncpp-1.9.6.tar.gz
2026-03-12T23:13:47.0593869Z -- Using source at /__w/iot-hub-device-update/iot-hub-device-update/.workspace/vcpkg/buildtrees/jsoncpp/src/1.9.6-29ceffc35f.clean
2026-03-12T23:13:47.0749039Z -- Configuring x64-linux
2026-03-12T23:13:47.7777544Z -- Building x64-linux-dbg
2026-03-12T23:13:49.1385887Z -- Building x64-linux-rel
2026-03-12T23:13:51.4103192Z -- Fixing pkgconfig file: /__w/iot-hub-device-update/iot-hub-device-update/.workspace/vcpkg/packages/jsoncpp_x64-linux/lib/pkgconfig/jsoncpp.pc
2026-03-12T23:13:51.4136424Z -- Fixing pkgconfig file: /__w/iot-hub-device-update/iot-hub-device-update/.workspace/vcpkg/packages/jsoncpp_x64-linux/debug/lib/pkgconfig/jsoncpp.pc
2026-03-12T23:13:51.4164102Z -- Installing: /__w/iot-hub-device-update/iot-hub-device-update/.workspace/vcpkg/packages/jsoncpp_x64-linux/share/jsoncpp/copyright
2026-03-12T23:13:51.4197982Z -- Performing post-build validation
2026-03-12T23:13:51.4413312Z Starting submission of jsoncpp:x64-linux@1.9.6 to 1 binary cache(s) in the background
2026-03-12T23:13:51.4414312Z Elapsed time to handle jsoncpp:x64-linux: 5 s
2026-03-12T23:13:51.4418510Z Total install time: 5 s
2026-03-12T23:13:51.4419836Z Installed contents are licensed to you by owners. Microsoft is not responsible for, nor does it grant any licenses to, third-party packages.
2026-03-12T23:13:51.4421692Z Packages installed in this vcpkg installation declare the following licenses:
2026-03-12T23:13:51.4422513Z MIT
2026-03-12T23:13:51.4422719Z jsoncpp provides CMake targets:
2026-03-12T23:13:51.4422879Z
2026-03-12T23:13:51.4423017Z   # this is heuristically generated, and may not be correct
2026-03-12T23:13:51.4423340Z   find_package(jsoncpp CONFIG REQUIRED)
2026-03-12T23:13:51.4423689Z   target_link_libraries(main PRIVATE JsonCpp::JsonCpp)
2026-03-12T23:13:51.4423911Z
2026-03-12T23:13:51.4424018Z jsoncpp provides pkg-config modules:
2026-03-12T23:13:51.4424193Z
2026-03-12T23:13:51.4424285Z   # A C++ library for interacting with JSON
2026-03-12T23:13:51.4424528Z   jsoncpp
2026-03-12T23:13:51.4424617Z
2026-03-12T23:13:51.4424738Z Waiting for 1 remaining binary cache submissions...
2026-03-12T23:13:51.5685901Z Completed submission of jsoncpp:x64-linux@1.9.6 to 1 binary cache(s) in 127 ms (1/1)
2026-03-12T23:13:51.5686619Z All requested installations completed successfully in: 5 s
2026-03-12T23:13:51.5709083Z Installing libconfig:x64-linux...
2026-03-12T23:13:51.5800582Z Computing installation plan...
2026-03-12T23:13:51.5880452Z The following packages will be built and installed:
2026-03-12T23:13:51.5881042Z     libconfig:x64-linux@1.8.2
2026-03-12T23:13:51.5881527Z Detecting compiler hash for triplet x64-linux...
2026-03-12T23:13:51.9794349Z Compiler found: /usr/bin/g++
2026-03-12T23:13:51.9830497Z Restored 0 package(s) from /github/home/.cache/vcpkg/archives in 13.8 us. Use --debug to see more details.
2026-03-12T23:13:51.9831237Z Installing 1/1 libconfig:x64-linux@1.8.2...
2026-03-12T23:13:51.9831865Z libconfig:x64-linux@1.8.2 package ABI: 56fc1c85f9328318e3a4670c1df84b85ffe07bdf6e1470bef15c328e05fa999c
2026-03-12T23:13:51.9832444Z Building libconfig:x64-linux@1.8.2...
2026-03-12T23:13:51.9833616Z /__w/iot-hub-device-update/iot-hub-device-update/.workspace/vcpkg/triplets/community/x64-linux.cmake: info: loaded community triplet from here. Community triplets are not built in the curated registry and are thus less likely to succeed.
2026-03-12T23:13:52.0074124Z Downloading https://github.com/hyperrealm/libconfig/archive/v1.8.2.tar.gz -> hyperrealm-libconfig-v1.8.2.tar.gz
2026-03-12T23:13:52.6660794Z Successfully downloaded hyperrealm-libconfig-v1.8.2.tar.gz
2026-03-12T23:13:52.6761897Z -- Extracting source /__w/iot-hub-device-update/iot-hub-device-update/.workspace/vcpkg/downloads/hyperrealm-libconfig-v1.8.2.tar.gz
2026-03-12T23:13:52.7062180Z -- Applying patch static-build.diff
2026-03-12T23:13:52.7090444Z -- Using source at /__w/iot-hub-device-update/iot-hub-device-update/.workspace/vcpkg/buildtrees/libconfig/src/v1.8.2-584b353569.clean
2026-03-12T23:13:52.7242317Z -- Configuring x64-linux
2026-03-12T23:13:53.2477368Z -- Building x64-linux-dbg
2026-03-12T23:13:53.7172891Z -- Building x64-linux-rel
2026-03-12T23:13:54.5786466Z -- Fixing pkgconfig file: /__w/iot-hub-device-update/iot-hub-device-update/.workspace/vcpkg/packages/libconfig_x64-linux/lib/pkgconfig/libconfig++.pc
2026-03-12T23:13:54.5790970Z -- Fixing pkgconfig file: /__w/iot-hub-device-update/iot-hub-device-update/.workspace/vcpkg/packages/libconfig_x64-linux/lib/pkgconfig/libconfig.pc
2026-03-12T23:13:54.5844857Z -- Fixing pkgconfig file: /__w/iot-hub-device-update/iot-hub-device-update/.workspace/vcpkg/packages/libconfig_x64-linux/debug/lib/pkgconfig/libconfig++.pc
2026-03-12T23:13:54.5850111Z -- Fixing pkgconfig file: /__w/iot-hub-device-update/iot-hub-device-update/.workspace/vcpkg/packages/libconfig_x64-linux/debug/lib/pkgconfig/libconfig.pc
2026-03-12T23:13:54.5906262Z -- Installing: /__w/iot-hub-device-update/iot-hub-device-update/.workspace/vcpkg/packages/libconfig_x64-linux/share/libconfig/copyright
2026-03-12T23:13:54.5940290Z -- Performing post-build validation
2026-03-12T23:13:54.6011191Z Starting submission of libconfig:x64-linux@1.8.2 to 1 binary cache(s) in the background
2026-03-12T23:13:54.6012367Z Elapsed time to handle libconfig:x64-linux: 2.6 s
2026-03-12T23:13:54.6017429Z Total install time: 2.6 s
2026-03-12T23:13:54.6018981Z Installed contents are licensed to you by owners. Microsoft is not responsible for, nor does it grant any licenses to, third-party packages.
2026-03-12T23:13:54.6020705Z Some packages did not declare an SPDX license. Check the `copyright` file for each package for more information about their licensing.
2026-03-12T23:13:54.6021315Z libconfig provides CMake targets:
2026-03-12T23:13:54.6021486Z
2026-03-12T23:13:54.6021627Z   # this is heuristically generated, and may not be correct
2026-03-12T23:13:54.6021960Z   find_package(libconfig CONFIG REQUIRED)
2026-03-12T23:13:54.6022387Z   target_link_libraries(main PRIVATE libconfig::config libconfig::config++)
2026-03-12T23:13:54.6022680Z
2026-03-12T23:13:54.6022773Z libconfig provides pkg-config modules:
2026-03-12T23:13:54.6022942Z
2026-03-12T23:13:54.6023022Z   # C++ Configuration File Library
2026-03-12T23:13:54.6023244Z   libconfig++
2026-03-12T23:13:54.6023341Z
2026-03-12T23:13:54.6023427Z   # C Configuration File Library
2026-03-12T23:13:54.6023631Z   libconfig
2026-03-12T23:13:54.6023722Z
2026-03-12T23:13:54.6024157Z Waiting for 1 remaining binary cache submissions...
2026-03-12T23:13:54.6332004Z Completed submission of libconfig:x64-linux@1.8.2 to 1 binary cache(s) in 32 ms (1/1)
2026-03-12T23:13:54.6332948Z All requested installations completed successfully in: 2.6 s
2026-03-12T23:13:54.6353569Z Installing fmt:x64-linux...
2026-03-12T23:13:54.6431816Z Computing installation plan...
2026-03-12T23:13:54.6511477Z The following packages will be built and installed:
2026-03-12T23:13:54.6511892Z     fmt:x64-linux@12.1.0
2026-03-12T23:13:54.6512157Z Detecting compiler hash for triplet x64-linux...
2026-03-12T23:13:55.0319080Z Compiler found: /usr/bin/g++
2026-03-12T23:13:55.0353761Z Restored 0 package(s) from /github/home/.cache/vcpkg/archives in 13.9 us. Use --debug to see more details.
2026-03-12T23:13:55.0354541Z Installing 1/1 fmt:x64-linux@12.1.0...
2026-03-12T23:13:55.0354997Z fmt:x64-linux@12.1.0 package ABI: e2ca0f8f20c037101ea5616a5d8a623878d1754789f7c3686c99d9e3566b186d
2026-03-12T23:13:55.0355445Z Building fmt:x64-linux@12.1.0...
2026-03-12T23:13:55.0356445Z /__w/iot-hub-device-update/iot-hub-device-update/.workspace/vcpkg/triplets/community/x64-linux.cmake: info: loaded community triplet from here. Community triplets are not built in the curated registry and are thus less likely to succeed.
2026-03-12T23:13:55.0598922Z Downloading https://github.com/fmtlib/fmt/archive/12.1.0.tar.gz -> fmtlib-fmt-12.1.0.tar.gz
2026-03-12T23:13:55.5803245Z Successfully downloaded fmtlib-fmt-12.1.0.tar.gz
2026-03-12T23:13:55.5842924Z -- Extracting source /__w/iot-hub-device-update/iot-hub-device-update/.workspace/vcpkg/downloads/fmtlib-fmt-12.1.0.tar.gz
2026-03-12T23:13:55.6031558Z -- Using source at /__w/iot-hub-device-update/iot-hub-device-update/.workspace/vcpkg/buildtrees/fmt/src/12.1.0-54f1f91231.clean
2026-03-12T23:13:55.6186050Z -- Configuring x64-linux
2026-03-12T23:13:55.8379776Z -- Building x64-linux-dbg
2026-03-12T23:13:57.1802029Z -- Building x64-linux-rel
2026-03-12T23:14:00.1567517Z -- Fixing pkgconfig file: /__w/iot-hub-device-update/iot-hub-device-update/.workspace/vcpkg/packages/fmt_x64-linux/lib/pkgconfig/fmt.pc
2026-03-12T23:14:00.1598796Z -- Fixing pkgconfig file: /__w/iot-hub-device-update/iot-hub-device-update/.workspace/vcpkg/packages/fmt_x64-linux/debug/lib/pkgconfig/fmt.pc
2026-03-12T23:14:00.1631935Z -- Installing: /__w/iot-hub-device-update/iot-hub-device-update/.workspace/vcpkg/packages/fmt_x64-linux/share/fmt/usage
2026-03-12T23:14:00.1635721Z -- Installing: /__w/iot-hub-device-update/iot-hub-device-update/.workspace/vcpkg/packages/fmt_x64-linux/share/fmt/copyright
2026-03-12T23:14:00.1700584Z -- Performing post-build validation
2026-03-12T23:14:00.1870459Z Starting submission of fmt:x64-linux@12.1.0 to 1 binary cache(s) in the background
2026-03-12T23:14:00.1871217Z Elapsed time to handle fmt:x64-linux: 5.2 s
2026-03-12T23:14:00.1876434Z Total install time: 5.2 s
2026-03-12T23:14:00.1877436Z Installed contents are licensed to you by owners. Microsoft is not responsible for, nor does it grant any licenses to, third-party packages.
2026-03-12T23:14:00.1878342Z Packages installed in this vcpkg installation declare the following licenses:
2026-03-12T23:14:00.1878708Z MIT
2026-03-12T23:14:00.1878878Z The package fmt provides CMake targets:
2026-03-12T23:14:00.1879052Z
2026-03-12T23:14:00.1879140Z     find_package(fmt CONFIG REQUIRED)
2026-03-12T23:14:00.1879461Z     target_link_libraries(main PRIVATE fmt::fmt)
2026-03-12T23:14:00.1879660Z
2026-03-12T23:14:00.1879749Z     # Or use the header-only version
2026-03-12T23:14:00.1880212Z     find_package(fmt CONFIG REQUIRED)
2026-03-12T23:14:00.1880527Z     target_link_libraries(main PRIVATE fmt::fmt-header-only)
2026-03-12T23:14:00.1880762Z
2026-03-12T23:14:00.1880882Z Waiting for 1 remaining binary cache submissions...
2026-03-12T23:14:00.2769268Z Completed submission of fmt:x64-linux@12.1.0 to 1 binary cache(s) in 89.7 ms (1/1)
2026-03-12T23:14:00.2770433Z All requested installations completed successfully in: 5.2 s
2026-03-12T23:14:00.2794166Z Installing bsdiff:x64-linux...
2026-03-12T23:14:00.2867194Z Computing installation plan...
2026-03-12T23:14:00.2945428Z The following packages will be built and installed:
2026-03-12T23:14:00.2946779Z     bsdiff:x64-linux@1.0.0 -- /__w/iot-hub-device-update/iot-hub-device-update/.workspace/iot-hub-device-update-delta/vcpkg/ports/bsdiff
2026-03-12T23:14:00.2947920Z Detecting compiler hash for triplet x64-linux...
2026-03-12T23:14:00.6657423Z Compiler found: /usr/bin/g++
2026-03-12T23:14:00.6694935Z Restored 0 package(s) from /github/home/.cache/vcpkg/archives in 11.4 us. Use --debug to see more details.
2026-03-12T23:14:00.6695549Z Installing 1/1 bsdiff:x64-linux@1.0.0...
2026-03-12T23:14:00.6696094Z bsdiff:x64-linux@1.0.0 package ABI: da02398ec90beb0aed2920657bf6d2ee50cf0bccd543ad5ecc104ae8f0165e28
2026-03-12T23:14:00.6696653Z Building bsdiff:x64-linux@1.0.0...
2026-03-12T23:14:00.6697726Z /__w/iot-hub-device-update/iot-hub-device-update/.workspace/vcpkg/triplets/community/x64-linux.cmake: info: loaded community triplet from here. Community triplets are not built in the curated registry and are thus less likely to succeed.
2026-03-12T23:14:00.6699298Z /__w/iot-hub-device-update/iot-hub-device-update/.workspace/iot-hub-device-update-delta/vcpkg/ports/bsdiff: info: installing overlay port from here
2026-03-12T23:14:00.6921021Z Downloading https://github.com/zhuyie/bsdiff/archive/6b70bf123c725d181505c7bc181debf8236274e3.tar.gz -> zhuyie-bsdiff-6b70bf123c725d181505c7bc181debf8236274e3.tar.gz
2026-03-12T23:14:02.3026735Z Successfully downloaded zhuyie-bsdiff-6b70bf123c725d181505c7bc181debf8236274e3.tar.gz
2026-03-12T23:14:02.3347248Z -- Extracting source /__w/iot-hub-device-update/iot-hub-device-update/.workspace/vcpkg/downloads/zhuyie-bsdiff-6b70bf123c725d181505c7bc181debf8236274e3.tar.gz
2026-03-12T23:14:02.4382708Z -- Applying patch bsdiff-cmakelists.patch
2026-03-12T23:14:02.4409748Z -- Using source at /__w/iot-hub-device-update/iot-hub-device-update/.workspace/vcpkg/buildtrees/bsdiff/src/f8236274e3-4fab888b7a.clean
2026-03-12T23:14:02.4551055Z -- Configuring x64-linux-dbg
2026-03-12T23:14:03.8975293Z -- Configuring x64-linux-rel
2026-03-12T23:14:05.3319145Z -- Building x64-linux-dbg
2026-03-12T23:14:05.7180279Z -- Building x64-linux-rel
2026-03-12T23:14:06.8524577Z -- Installing: /__w/iot-hub-device-update/iot-hub-device-update/.workspace/vcpkg/packages/bsdiff_x64-linux/include/bsdiff.h
2026-03-12T23:14:06.8528844Z -- Installing: /__w/iot-hub-device-update/iot-hub-device-update/.workspace/vcpkg/packages/bsdiff_x64-linux/share/bsdiff/Findbsdiff.cmake
2026-03-12T23:14:06.8531422Z -- Installing: /__w/iot-hub-device-update/iot-hub-device-update/.workspace/vcpkg/packages/bsdiff_x64-linux/share/bsdiff/vcpkg-cmake-wrapper.cmake
2026-03-12T23:14:06.8533551Z -- Installing: /__w/iot-hub-device-update/iot-hub-device-update/.workspace/vcpkg/packages/bsdiff_x64-linux/share/bsdiff/usage
2026-03-12T23:14:06.8536666Z -- Installing: /__w/iot-hub-device-update/iot-hub-device-update/.workspace/vcpkg/packages/bsdiff_x64-linux/share/bsdiff/copyright
2026-03-12T23:14:06.8592876Z -- Adjusted RPATH of '/__w/iot-hub-device-update/iot-hub-device-update/.workspace/vcpkg/packages/bsdiff_x64-linux/bin/bsdiff' (From '' -> To '$ORIGIN:$ORIGIN/../lib')
2026-03-12T23:14:06.8619842Z -- Adjusted RPATH of '/__w/iot-hub-device-update/iot-hub-device-update/.workspace/vcpkg/packages/bsdiff_x64-linux/bin/bspatch' (From '' -> To '$ORIGIN:$ORIGIN/../lib')
2026-03-12T23:14:06.8657270Z -- Adjusted RPATH of '/__w/iot-hub-device-update/iot-hub-device-update/.workspace/vcpkg/packages/bsdiff_x64-linux/debug/bin/bsdiff' (From '' -> To '$ORIGIN:$ORIGIN/../lib')
2026-03-12T23:14:06.8688264Z -- Adjusted RPATH of '/__w/iot-hub-device-update/iot-hub-device-update/.workspace/vcpkg/packages/bsdiff_x64-linux/debug/bin/bspatch' (From '' -> To '$ORIGIN:$ORIGIN/../lib')
2026-03-12T23:14:06.8729217Z -- Performing post-build validation
2026-03-12T23:14:06.8743317Z /__w/iot-hub-device-update/iot-hub-device-update/.workspace/iot-hub-device-update-delta/vcpkg/ports/bsdiff/portfile.cmake: warning: There should be no absolute paths, such as the following, in an installed package. To suppress this message, add set(VCPKG_POLICY_SKIP_ABSOLUTE_PATHS_CHECK enabled)
2026-03-12T23:14:06.8744973Z note: /__w/iot-hub-device-update/iot-hub-device-update/.workspace/vcpkg/packages
2026-03-12T23:14:06.8745516Z note: /__w/iot-hub-device-update/iot-hub-device-update/.workspace/vcpkg/installed
2026-03-12T23:14:06.8746048Z note: /__w/iot-hub-device-update/iot-hub-device-update/.workspace/vcpkg/buildtrees
2026-03-12T23:14:06.8746565Z note: /__w/iot-hub-device-update/iot-hub-device-update/.workspace/vcpkg/downloads
2026-03-12T23:14:06.8747541Z /__w/iot-hub-device-update/iot-hub-device-update/.workspace/iot-hub-device-update-delta/vcpkg/ports/bsdiff/portfile.cmake: note: Adding a call to `vcpkg_fixup_pkgconfig()` may fix absolute paths in .pc files
2026-03-12T23:14:06.8748812Z /__w/iot-hub-device-update/iot-hub-device-update/.workspace/vcpkg/packages/bsdiff_x64-linux/debug/lib/pkgconfig/libdivsufsort.pc: note: absolute paths found here
2026-03-12T23:14:06.8750131Z /__w/iot-hub-device-update/iot-hub-device-update/.workspace/vcpkg/packages/bsdiff_x64-linux/debug/lib/pkgconfig/libdivsufsort64.pc: note: absolute paths found here
2026-03-12T23:14:06.8751278Z /__w/iot-hub-device-update/iot-hub-device-update/.workspace/vcpkg/packages/bsdiff_x64-linux/lib/pkgconfig/libdivsufsort.pc: note: absolute paths found here
2026-03-12T23:14:06.8752496Z /__w/iot-hub-device-update/iot-hub-device-update/.workspace/vcpkg/packages/bsdiff_x64-linux/lib/pkgconfig/libdivsufsort64.pc: note: absolute paths found here
2026-03-12T23:14:06.8754140Z /__w/iot-hub-device-update/iot-hub-device-update/.workspace/iot-hub-device-update-delta/vcpkg/ports/bsdiff/portfile.cmake: warning: Found 1 post-build check problem(s). These are usually caused by bugs in portfile.cmake or the upstream build system. Please correct these before submitting this port to the curated registry.
2026-03-12T23:14:06.8835813Z Starting submission of bsdiff:x64-linux@1.0.0 to 1 binary cache(s) in the background
2026-03-12T23:14:06.8836710Z Elapsed time to handle bsdiff:x64-linux: 6.2 s
2026-03-12T23:14:06.8841073Z Total install time: 6.2 s
2026-03-12T23:14:06.8842231Z Installed contents are licensed to you by owners. Microsoft is not responsible for, nor does it grant any licenses to, third-party packages.
2026-03-12T23:14:06.8844000Z Some packages did not declare an SPDX license. Check the `copyright` file for each package for more information about their licensing.
2026-03-12T23:14:06.8845134Z The package bsdiff provides CMake integration:
2026-03-12T23:14:06.8845498Z
2026-03-12T23:14:06.8845657Z     find_package(bsdiff REQUIRED)
2026-03-12T23:14:06.8846132Z     target_include_directories(main PRIVATE ${BSDIFF_INCLUDE_DIRS})
2026-03-12T23:14:06.8846548Z     target_link_libraries(main PRIVATE ${BSDIFF_LIBRARIES})
2026-03-12T23:14:06.8846777Z
2026-03-12T23:14:06.8846902Z Waiting for 1 remaining binary cache submissions...
2026-03-12T23:14:06.9464298Z Completed submission of bsdiff:x64-linux@1.0.0 to 1 binary cache(s) in 62.8 ms (1/1)
2026-03-12T23:14:06.9465073Z All requested installations completed successfully in: 6.2 s
2026-03-12T23:14:06.9555235Z Applied user-wide integration for this vcpkg root.
2026-03-12T23:14:06.9556573Z CMake projects should use: "-DCMAKE_TOOLCHAIN_FILE=/__w/iot-hub-device-update/iot-hub-device-update/.workspace/vcpkg/scripts/buildsystems/vcpkg.cmake"
2026-03-12T23:14:06.9642692Z waiting to take filesystem lock on /__w/iot-hub-device-update/iot-hub-device-update/.workspace/vcpkg/.vcpkg-root...
2026-03-12T23:14:07.1643062Z waiting to take filesystem lock on /__w/iot-hub-device-update/iot-hub-device-update/.workspace/vcpkg/.vcpkg-root...
2026-03-12T23:14:07.5647254Z No packages are installed. Did you mean `search`?
2026-03-12T23:14:07.5669567Z Building delta library (triplet: x64-linux, build type: Release)...
2026-03-12T23:14:07.5718491Z Script dir: /__w/iot-hub-device-update/iot-hub-device-update/.workspace/iot-hub-device-update-delta/src/native
2026-03-12T23:14:07.5719812Z VCPKG_TRIPLET  : x64-linux
2026-03-12T23:14:07.5720415Z BUILD_TYPE     : Release
2026-03-12T23:14:07.5720643Z STAGES         : cmake
2026-03-12T23:14:07.5787024Z CMAKE_BUILD_DIR: /__w/iot-hub-device-update/iot-hub-device-update/.workspace/iot-hub-device-update-delta/src/out/native/x64-linux/Release
2026-03-12T23:14:07.5797564Z THIS_REPO_ROOT_DIR: /__w/iot-hub-device-update/iot-hub-device-update/.workspace/iot-hub-device-update-delta
2026-03-12T23:14:07.5798462Z VCPKG_TOOLS_DIR: /__w/iot-hub-device-update/iot-hub-device-update/.workspace/iot-hub-device-update-delta/vcpkg
2026-03-12T23:14:07.5799376Z VCPKG_REPO_ROOT_DIR: /__w/iot-hub-device-update/iot-hub-device-update/.workspace/vcpkg
2026-03-12T23:14:07.5814137Z CMAKE_SOURCE_DIR: /__w/iot-hub-device-update/iot-hub-device-update/.workspace/iot-hub-device-update-delta/src/native
2026-03-12T23:14:07.5816185Z CMAKE_BUILD_DIR: /__w/iot-hub-device-update/iot-hub-device-update/.workspace/iot-hub-device-update-delta/src/out/native/x64-linux/Release
2026-03-12T23:14:07.5817113Z Using toolchain file: /__w/iot-hub-device-update/iot-hub-device-update/.workspace/vcpkg/scripts/buildsystems/vcpkg.cmake
2026-03-12T23:14:07.5817645Z Using Generator: Unix Makefiles
2026-03-12T23:14:07.5817886Z Using C Compiler: /usr/bin/gcc
2026-03-12T23:14:07.5818102Z Using C++ Compiler: /usr/bin/g++
2026-03-12T23:14:07.5819138Z /__w/iot-hub-device-update/iot-hub-device-update/.workspace/iot-hub-device-update-delta /__w/iot-hub-device-update/iot-hub-device-update/.workspace/iot-hub-device-update-delta/src/native
2026-03-12T23:14:07.5852080Z /__w/iot-hub-device-update/iot-hub-device-update/.workspace/iot-hub-device-update-delta/src/native
2026-03-12T23:14:07.5852962Z ADU_DIFFS_VERSION: 3.0.0
2026-03-12T23:14:07.6397452Z -- The C compiler identification is GNU 10.5.0
2026-03-12T23:14:07.6947962Z -- The CXX compiler identification is GNU 10.5.0
2026-03-12T23:14:07.7031523Z -- Detecting C compiler ABI info
2026-03-12T23:14:07.7708099Z -- Detecting C compiler ABI info - done
2026-03-12T23:14:07.7777738Z -- Check for working C compiler: /usr/bin/gcc - skipped
2026-03-12T23:14:07.7780896Z -- Detecting C compile features
2026-03-12T23:14:07.7785447Z -- Detecting C compile features - done
2026-03-12T23:14:07.7819243Z -- Detecting CXX compiler ABI info
2026-03-12T23:14:07.8600543Z -- Detecting CXX compiler ABI info - done
2026-03-12T23:14:07.8668702Z -- Check for working CXX compiler: /usr/bin/g++ - skipped
2026-03-12T23:14:07.8672171Z -- Detecting CXX compile features
2026-03-12T23:14:07.8677430Z -- Detecting CXX compile features - done
2026-03-12T23:14:07.9212106Z -- Looking for pthread.h
2026-03-12T23:14:07.9910860Z -- Looking for pthread.h - found
2026-03-12T23:14:07.9913141Z -- Performing Test CMAKE_HAVE_LIBC_PTHREAD
2026-03-12T23:14:08.0624237Z -- Performing Test CMAKE_HAVE_LIBC_PTHREAD - Success
2026-03-12T23:14:08.0633848Z -- Found Threads: TRUE
2026-03-12T23:14:08.0648933Z -- Found OpenSSL: /__w/iot-hub-device-update/iot-hub-device-update/.workspace/vcpkg/installed/x64-linux/lib/libcrypto.a (found version "3.6.1")
2026-03-12T23:14:08.0815963Z -- Found ZLIB: optimized;/__w/iot-hub-device-update/iot-hub-device-update/.workspace/vcpkg/installed/x64-linux/lib/libz.a;debug;/__w/iot-hub-device-update/iot-hub-device-update/.workspace/vcpkg/installed/x64-linux/debug/lib/libz.a (found version "1.3.1")
2026-03-12T23:14:08.0882135Z -- Found BZip2: optimized;/__w/iot-hub-device-update/iot-hub-device-update/.workspace/vcpkg/installed/x64-linux/lib/libbz2.a;debug;/__w/iot-hub-device-update/iot-hub-device-update/.workspace/vcpkg/installed/x64-linux/debug/lib/libbz2d.a (found version "1.0.8")
2026-03-12T23:14:08.0888550Z -- Looking for BZ2_bzCompressInit
2026-03-12T23:14:08.1604065Z -- Looking for BZ2_bzCompressInit - found
2026-03-12T23:14:08.1617682Z CMake Warning (dev) at /usr/share/cmake-3.22/Modules/FindPackageHandleStandardArgs.cmake:438 (message):
2026-03-12T23:14:08.1618692Z   The package name passed to `find_package_handle_standard_args` (BSDIFF)
2026-03-12T23:14:08.1619473Z   does not match the name of the calling package (bsdiff).  This can lead to
2026-03-12T23:14:08.1620784Z   problems in calling code that expects `find_package` result variables
2026-03-12T23:14:08.1621403Z   (e.g., `_FOUND`) to follow a certain pattern.
2026-03-12T23:14:08.1621842Z Call Stack (most recent call first):
2026-03-12T23:14:08.1622970Z   /__w/iot-hub-device-update/iot-hub-device-update/.workspace/vcpkg/installed/x64-linux/share/bsdiff/Findbsdiff.cmake:34 (FIND_PACKAGE_HANDLE_STANDARD_ARGS)
2026-03-12T23:14:08.1624745Z   /__w/iot-hub-device-update/iot-hub-device-update/.workspace/vcpkg/installed/x64-linux/share/bsdiff/vcpkg-cmake-wrapper.cmake:4 (_find_package)
2026-03-12T23:14:08.1626349Z   /__w/iot-hub-device-update/iot-hub-device-update/.workspace/vcpkg/scripts/buildsystems/vcpkg.cmake:862 (include)
2026-03-12T23:14:08.1627344Z   io/compressed/CMakeLists.txt:35 (find_package)
2026-03-12T23:14:08.1628000Z This warning is for project developers.  Use -Wno-dev to suppress it.
2026-03-12T23:14:08.1628497Z
2026-03-12T23:14:08.1629131Z -- Found BSDIFF: /__w/iot-hub-device-update/iot-hub-device-update/.workspace/vcpkg/installed/x64-linux/include
2026-03-12T23:14:08.2211743Z CMake Warning (dev) at /usr/share/cmake-3.22/Modules/FindPackageHandleStandardArgs.cmake:438 (message):
2026-03-12T23:14:08.2212880Z   The package name passed to `find_package_handle_standard_args` (E2FSPROGS)
2026-03-12T23:14:08.2213740Z   does not match the name of the calling package (e2fsprogs).  This can lead
2026-03-12T23:14:08.2214930Z   to problems in calling code that expects `find_package` result variables
2026-03-12T23:14:08.2215642Z   (e.g., `_FOUND`) to follow a certain pattern.
2026-03-12T23:14:08.2216115Z Call Stack (most recent call first):
2026-03-12T23:14:08.2217372Z   /__w/iot-hub-device-update/iot-hub-device-update/.workspace/vcpkg/installed/x64-linux/share/e2fsprogs/e2fsprogs-config.cmake:28 (FIND_PACKAGE_HANDLE_STANDARD_ARGS)
2026-03-12T23:14:08.2219204Z   /__w/iot-hub-device-update/iot-hub-device-update/.workspace/vcpkg/scripts/buildsystems/vcpkg.cmake:908 (_find_package)
2026-03-12T23:14:08.2231685Z   tools/dumpextfs/CMakeLists.txt:7 (find_package)
2026-03-12T23:14:08.2232450Z This warning is for project developers.  Use -Wno-dev to suppress it.
2026-03-12T23:14:08.2232931Z
2026-03-12T23:14:08.2233545Z -- Found E2FSPROGS: /__w/iot-hub-device-update/iot-hub-device-update/.workspace/vcpkg/installed/x64-linux/include
2026-03-12T23:14:08.2410258Z -- Configuring done
2026-03-12T23:14:08.3376276Z -- Generating done
2026-03-12T23:14:08.3448753Z -- Build files have been written to: /__w/iot-hub-device-update/iot-hub-device-update/.workspace/iot-hub-device-update-delta/src/out/native/x64-linux/Release
2026-03-12T23:14:08.3524568Z Finished setting up build folders with cmake.
2026-03-12T23:14:08.3563675Z Script dir: /__w/iot-hub-device-update/iot-hub-device-update/.workspace/iot-hub-device-update-delta/src/native
2026-03-12T23:14:08.3565062Z VCPKG_TRIPLET  : x64-linux
2026-03-12T23:14:08.3565619Z BUILD_TYPE     : Release
2026-03-12T23:14:08.3565888Z STAGES         : build
2026-03-12T23:14:08.3621267Z CMAKE_BUILD_DIR: /__w/iot-hub-device-update/iot-hub-device-update/.workspace/iot-hub-device-update-delta/src/out/native/x64-linux/Release
2026-03-12T23:14:08.3631421Z THIS_REPO_ROOT_DIR: /__w/iot-hub-device-update/iot-hub-device-update/.workspace/iot-hub-device-update-delta
2026-03-12T23:14:08.3632809Z VCPKG_TOOLS_DIR: /__w/iot-hub-device-update/iot-hub-device-update/.workspace/iot-hub-device-update-delta/vcpkg
2026-03-12T23:14:08.3633617Z VCPKG_REPO_ROOT_DIR: /__w/iot-hub-device-update/iot-hub-device-update/.workspace/vcpkg
2026-03-12T23:14:08.3647884Z /__w/iot-hub-device-update/iot-hub-device-update/.workspace/iot-hub-device-update-delta/src/out/native/x64-linux/Release /__w/iot-hub-device-update/iot-hub-device-update/.workspace/iot-hub-device-update-delta/src/native
2026-03-12T23:14:08.4034572Z [  1%] Building CXX object errors/CMakeFiles/errors.dir/adu_log.cpp.o
2026-03-12T23:14:08.4210438Z [  2%] Building CXX object errors/CMakeFiles/errors.dir/user_exception.cpp.o
2026-03-12T23:14:09.0806155Z [  2%] Linking CXX static library liberrors.a
2026-03-12T23:14:09.1453610Z [  2%] Built target errors
2026-03-12T23:14:09.1641979Z [  3%] Building CXX object io/sequential/CMakeFiles/io_sequential.dir/reader.cpp.o
2026-03-12T23:14:10.1517870Z [  3%] Building CXX object io/sequential/CMakeFiles/io_sequential.dir/reader_impl.cpp.o
2026-03-12T23:14:10.9073498Z [  4%] Building CXX object io/sequential/CMakeFiles/io_sequential.dir/writer.cpp.o
2026-03-12T23:14:11.9316861Z [  5%] Building CXX object io/sequential/CMakeFiles/io_sequential.dir/writer_impl.cpp.o
2026-03-12T23:14:12.6892271Z [  5%] Linking CXX static library libio_sequential.a
2026-03-12T23:14:12.7626204Z [  5%] Built target io_sequential
2026-03-12T23:14:12.7816799Z [  6%] Building CXX object io/CMakeFiles/io.dir/all_zeros_io_device.cpp.o
2026-03-12T23:14:13.5658226Z [  7%] Building CXX object io/CMakeFiles/io.dir/reader.cpp.o
2026-03-12T23:14:15.0153952Z [  7%] Building CXX object io/CMakeFiles/io.dir/writer.cpp.o
2026-03-12T23:14:15.6050721Z [  8%] Building CXX object io/CMakeFiles/io.dir/uint64_t_endian.cpp.o
2026-03-12T23:14:15.6455288Z [  9%] Linking CXX static library libio.a
2026-03-12T23:14:15.7213140Z [  9%] Built target io
2026-03-12T23:14:15.7403088Z [ 10%] Building CXX object hashing/CMakeFiles/hashing.dir/algorithm.cpp.o
2026-03-12T23:14:16.2691356Z [ 11%] Building CXX object hashing/CMakeFiles/hashing.dir/hash.cpp.o
2026-03-12T23:14:18.1621905Z [ 11%] Building CXX object hashing/CMakeFiles/hashing.dir/hasher.cpp.o
2026-03-12T23:14:19.7569756Z [ 12%] Building CXX object hashing/CMakeFiles/hashing.dir/hexstring_convert.cpp.o
2026-03-12T23:14:20.2540399Z [ 12%] Linking CXX static library libhashing.a
2026-03-12T23:14:20.3331930Z [ 12%] Built target hashing
2026-03-12T23:14:20.3532765Z [ 13%] Building CXX object io/gtest/CMakeFiles/io_gtest.dir/main.cpp.o
2026-03-12T23:14:21.6191040Z [ 13%] Building CXX object io/gtest/CMakeFiles/io_gtest.dir/nul_io_device_test.cpp.o
2026-03-12T23:14:23.2045963Z [ 14%] Building CXX object io/gtest/CMakeFiles/io_gtest.dir/io_device_test.cpp.o
2026-03-12T23:14:24.8449073Z [ 15%] Building CXX object io/gtest/CMakeFiles/io_gtest.dir/io_device_view_test.cpp.o
2026-03-12T23:14:26.5662622Z [ 15%] Building CXX object io/gtest/CMakeFiles/io_gtest.dir/reader_test.cpp.o
2026-03-12T23:14:28.9554510Z [ 16%] Linking CXX executable ../../test/bin/io_gtest
2026-03-12T23:14:29.2964170Z [ 16%] Built target io_gtest
2026-03-12T23:14:29.3173290Z [ 16%] Building CXX object io/buffer/gtest/CMakeFiles/io_buffer_gtest.dir/common.cpp.o
2026-03-12T23:14:31.1194637Z [ 17%] Building CXX object io/buffer/gtest/CMakeFiles/io_buffer_gtest.dir/main.cpp.o
2026-03-12T23:14:32.3957200Z [ 17%] Building CXX object io/buffer/gtest/CMakeFiles/io_buffer_gtest.dir/test_reader_and_writer_interaction.cpp.o
2026-03-12T23:14:34.7636114Z [ 18%] Building CXX object io/buffer/gtest/CMakeFiles/io_buffer_gtest.dir/test_io_device.cpp.o
2026-03-12T23:14:36.7020884Z [ 19%] Building CXX object io/buffer/gtest/CMakeFiles/io_buffer_gtest.dir/test_reader_factory.cpp.o
2026-03-12T23:14:38.6046205Z [ 19%] Building CXX object io/buffer/gtest/CMakeFiles/io_buffer_gtest.dir/test_writer.cpp.o
2026-03-12T23:14:40.5927344Z [ 20%] Linking CXX executable ../../../test/bin/io_buffer_gtest
2026-03-12T23:14:40.9384810Z [ 20%] Built target io_buffer_gtest
2026-03-12T23:14:40.9585359Z [ 20%] Building CXX object io/compressed/CMakeFiles/io_compressed.dir/bsdiff_compressor.cpp.o
2026-03-12T23:14:41.8949498Z [ 21%] Building CXX object io/compressed/CMakeFiles/io_compressed.dir/bspatch_decompression_reader.cpp.o
2026-03-12T23:14:43.1336605Z [ 22%] Building CXX object io/compressed/CMakeFiles/io_compressed.dir/writer_to_reader_channel.cpp.o
2026-03-12T23:14:44.3099317Z [ 22%] Building CXX object io/compressed/CMakeFiles/io_compressed.dir/zlib_compression_reader.cpp.o
2026-03-12T23:14:49.5445383Z [ 23%] Building CXX object io/compressed/CMakeFiles/io_compressed.dir/zlib_compression_writer.cpp.o
2026-03-12T23:14:54.6063246Z [ 24%] Building CXX object io/compressed/CMakeFiles/io_compressed.dir/zlib_decompression_reader.cpp.o
2026-03-12T23:14:55.7467284Z [ 24%] Building CXX object io/compressed/CMakeFiles/io_compressed.dir/zlib_decompression_writer.cpp.o
2026-03-12T23:14:56.7834815Z [ 25%] Building CXX object io/compressed/CMakeFiles/io_compressed.dir/zstd_compression_reader.cpp.o
2026-03-12T23:14:57.7500665Z [ 25%] Building CXX object io/compressed/CMakeFiles/io_compressed.dir/zstd_compression_writer.cpp.o
2026-03-12T23:14:58.9192308Z [ 26%] Building CXX object io/compressed/CMakeFiles/io_compressed.dir/zstd_decompression_reader.cpp.o
2026-03-12T23:14:59.9827203Z [ 27%] Building CXX object io/compressed/CMakeFiles/io_compressed.dir/zstd_decompression_writer.cpp.o
2026-03-12T23:15:01.0576563Z [ 27%] Building CXX object io/compressed/CMakeFiles/io_compressed.dir/bsdiff_stream_wrappers.cpp.o
2026-03-12T23:15:02.0014852Z [ 28%] Building CXX object io/compressed/CMakeFiles/io_compressed.dir/zstd_wrappers.cpp.o
2026-03-12T23:15:02.5699758Z [ 28%] Linking CXX static library libio_compressed.a
2026-03-12T23:15:02.7269904Z [ 28%] Built target io_compressed
2026-03-12T23:15:02.7461502Z [ 29%] Building CXX object io/file/CMakeFiles/io_file.dir/io_device.cpp.o
2026-03-12T23:15:03.6977167Z [ 29%] Building CXX object io/file/CMakeFiles/io_file.dir/binary_file_writer.cpp.o
2026-03-12T23:15:04.3684837Z [ 30%] Building CXX object io/file/CMakeFiles/io_file.dir/file.cpp.o
2026-03-12T23:15:05.1866331Z [ 31%] Linking CXX static library libio_file.a
2026-03-12T23:15:05.2556126Z [ 31%] Built target io_file
2026-03-12T23:15:05.2749142Z [ 31%] Building CXX object diffs/core/CMakeFiles/diffs_core.dir/archive.cpp.o
2026-03-12T23:15:08.5427854Z [ 32%] Building CXX object diffs/core/CMakeFiles/diffs_core.dir/cookbook.cpp.o
2026-03-12T23:15:10.6786038Z [ 33%] Building CXX object diffs/core/CMakeFiles/diffs_core.dir/item_definition.cpp.o
2026-03-12T23:15:12.8538360Z [ 33%] Building CXX object diffs/core/CMakeFiles/diffs_core.dir/item_definition_helpers.cpp.o
2026-03-12T23:15:14.7045372Z [ 34%] Building CXX object diffs/core/CMakeFiles/diffs_core.dir/kitchen.cpp.o
2026-03-12T23:15:22.5061423Z [ 34%] Building CXX object diffs/core/CMakeFiles/diffs_core.dir/pantry.cpp.o
2026-03-12T23:15:24.1615428Z [ 35%] Building CXX object diffs/core/CMakeFiles/diffs_core.dir/prepared_item.cpp.o
2026-03-12T23:15:31.5082952Z [ 36%] Building CXX object diffs/core/CMakeFiles/diffs_core.dir/recipe.cpp.o
2026-03-12T23:15:37.0261522Z [ 36%] Building CXX object diffs/core/CMakeFiles/diffs_core.dir/slicer.cpp.o
2026-03-12T23:15:44.9647596Z [ 37%] Linking CXX static library libdiffs_core.a
2026-03-12T23:15:45.2610634Z [ 37%] Built target diffs_core
2026-03-12T23:15:45.2805293Z [ 38%] Building CXX object test_utility/CMakeFiles/test_utility.dir/buffer_helpers.cpp.o
2026-03-12T23:15:46.8762265Z [ 38%] Building CXX object test_utility/CMakeFiles/test_utility.dir/reader_validation.cpp.o
2026-03-12T23:15:48.2956275Z [ 39%] Building CXX object test_utility/CMakeFiles/test_utility.dir/random_data_file.cpp.o
2026-03-12T23:15:48.7748850Z [ 39%] Building CXX object test_utility/CMakeFiles/test_utility.dir/read_test_file.cpp.o
2026-03-12T23:15:49.8299342Z [ 40%] Linking CXX static library libtest_utility.a
2026-03-12T23:15:49.9107517Z [ 40%] Built target test_utility
2026-03-12T23:15:49.9314019Z [ 41%] Building CXX object io/compressed/gtest/CMakeFiles/io_compressed_gtest.dir/compression_util.cpp.o
2026-03-12T23:15:50.9717399Z [ 42%] Building CXX object io/compressed/gtest/CMakeFiles/io_compressed_gtest.dir/common.cpp.o
2026-03-12T23:15:51.9154258Z [ 42%] Building CXX object io/compressed/gtest/CMakeFiles/io_compressed_gtest.dir/main.cpp.o
2026-03-12T23:15:53.4273519Z [ 43%] Building CXX object io/compressed/gtest/CMakeFiles/io_compressed_gtest.dir/test_bspatch_decompression_reader.cpp.o
2026-03-12T23:15:56.7674553Z [ 44%] Building CXX object io/compressed/gtest/CMakeFiles/io_compressed_gtest.dir/test_zlib_compression_reader.cpp.o
2026-03-12T23:15:59.7793172Z [ 44%] Building CXX object io/compressed/gtest/CMakeFiles/io_compressed_gtest.dir/test_zlib_compression_writer.cpp.o
2026-03-12T23:16:02.8988287Z [ 45%] Building CXX object io/compressed/gtest/CMakeFiles/io_compressed_gtest.dir/test_zlib_decompression_reader.cpp.o
2026-03-12T23:16:05.8159781Z [ 45%] Building CXX object io/compressed/gtest/CMakeFiles/io_compressed_gtest.dir/test_zstd_compression_writer.cpp.o
2026-03-12T23:16:09.1720966Z [ 46%] Building CXX object io/compressed/gtest/CMakeFiles/io_compressed_gtest.dir/test_zstd_decompression_reader.cpp.o
2026-03-12T23:16:12.3174884Z [ 47%] Building CXX object io/compressed/gtest/CMakeFiles/io_compressed_gtest.dir/test_zstd_decompression_writer.cpp.o
2026-03-12T23:16:14.8548745Z [ 47%] Linking CXX executable ../../../test/bin/io_compressed_gtest
2026-03-12T23:16:15.5067175Z [ 47%] Built target io_compressed_gtest
2026-03-12T23:16:15.5275688Z [ 47%] Building CXX object io/file/gtest/CMakeFiles/io_file_gtest.dir/main.cpp.o
2026-03-12T23:16:16.8271811Z [ 48%] Building CXX object io/file/gtest/CMakeFiles/io_file_gtest.dir/test_binary_file_writer.cpp.o
2026-03-12T23:16:19.7269045Z [ 48%] Building CXX object io/file/gtest/CMakeFiles/io_file_gtest.dir/test_io_device.cpp.o
2026-03-12T23:16:22.7354406Z [ 49%] Linking CXX executable ../../../test/bin/io_file_gtest
2026-03-12T23:16:23.2173542Z [ 49%] Built target io_file_gtest
2026-03-12T23:16:23.2355412Z [ 49%] Building CXX object io/hashed/CMakeFiles/io_hashed.dir/hashed_sequential_writer.cpp.o
2026-03-12T23:16:24.6928205Z [ 50%] Linking CXX static library libio_hashed.a
2026-03-12T23:16:24.7547944Z [ 50%] Built target io_hashed
2026-03-12T23:16:24.7742134Z [ 51%] Building CXX object io/hashed/gtest/CMakeFiles/io_hashed_gtest.dir/io_hashed_gtest.cpp.o
2026-03-12T23:16:28.2795451Z [ 51%] Linking CXX executable ../../../test/bin/io_hashed_gtest
2026-03-12T23:16:28.5907246Z [ 51%] Built target io_hashed_gtest
2026-03-12T23:16:28.6090927Z [ 51%] Building CXX object diffs/recipes/compressed/CMakeFiles/diffs_recipes_compressed.dir/bspatch_decompression_recipe.cpp.o
2026-03-12T23:16:31.1004809Z [ 52%] Building CXX object diffs/recipes/compressed/CMakeFiles/diffs_recipes_compressed.dir/zlib_compression_recipe.cpp.o
2026-03-12T23:16:33.4711837Z [ 52%] Building CXX object diffs/recipes/compressed/CMakeFiles/diffs_recipes_compressed.dir/zlib_decompression_recipe.cpp.o
2026-03-12T23:16:35.9209537Z [ 53%] Building CXX object diffs/recipes/compressed/CMakeFiles/diffs_recipes_compressed.dir/zstd_decompression_recipe.cpp.o
2026-03-12T23:16:38.5109399Z [ 54%] Linking CXX static library libdiffs_recipes_compressed.a
2026-03-12T23:16:38.6275400Z [ 54%] Built target diffs_recipes_compressed
2026-03-12T23:16:38.6452490Z [ 54%] Building CXX object diffs/recipes/basic/CMakeFiles/diffs_recipes_basic.dir/all_zeros_recipe.cpp.o
2026-03-12T23:16:40.5345938Z [ 55%] Building CXX object diffs/recipes/basic/CMakeFiles/diffs_recipes_basic.dir/chain_recipe.cpp.o
2026-03-12T23:16:42.5206580Z [ 56%] Building CXX object diffs/recipes/basic/CMakeFiles/diffs_recipes_basic.dir/slice_recipe.cpp.o
2026-03-12T23:16:45.2426674Z [ 56%] Linking CXX static library libdiffs_recipes_basic.a
2026-03-12T23:16:45.3407326Z [ 56%] Built target diffs_recipes_basic
2026-03-12T23:16:45.3599468Z [ 57%] Building CXX object diffs/serialization/standard/CMakeFiles/diffs_serialization_standard.dir/builtin_recipe_types.cpp.o
2026-03-12T23:16:48.4036134Z [ 57%] Building CXX object diffs/serialization/standard/CMakeFiles/diffs_serialization_standard.dir/deserializer.cpp.o
2026-03-12T23:16:53.8338736Z [ 58%] Building CXX object diffs/serialization/standard/CMakeFiles/diffs_serialization_standard.dir/serializer.cpp.o
2026-03-12T23:16:57.5724165Z [ 59%] Linking CXX static library libdiffs_serialization_standard.a
2026-03-12T23:16:57.7262884Z [ 59%] Built target diffs_serialization_standard
2026-03-12T23:16:57.7451189Z [ 60%] Building CXX object diffs/serialization/legacy/CMakeFiles/diffs_serialization_legacy.dir/deserializer.cpp.o
2026-03-12T23:17:04.3247555Z [ 60%] Building CXX object diffs/serialization/legacy/CMakeFiles/diffs_serialization_legacy.dir/legacy_recipe_type.cpp.o
2026-03-12T23:17:04.9880254Z [ 61%] Building CXX object diffs/serialization/legacy/CMakeFiles/diffs_serialization_legacy.dir/serializer.cpp.o
2026-03-12T23:17:05.0064249Z [ 61%] Linking CXX static library libdiffs_serialization_legacy.a
2026-03-12T23:17:05.1305704Z [ 61%] Built target diffs_serialization_legacy
2026-03-12T23:17:05.1490817Z [ 61%] Building CXX object diffs/api/CMakeFiles/adudiffapi.dir/aduapi_type_conversion.cpp.o
2026-03-12T23:17:06.7860597Z [ 62%] Building CXX object diffs/api/CMakeFiles/adudiffapi.dir/apply_session.cpp.o
2026-03-12T23:17:11.8932272Z [ 62%] Building CXX object diffs/api/CMakeFiles/adudiffapi.dir/create_session.cpp.o
2026-03-12T23:17:15.7870828Z [ 63%] Building CXX object diffs/api/CMakeFiles/adudiffapi.dir/diff_api.cpp.o
2026-03-12T23:17:17.3852244Z [ 64%] Building CXX object diffs/api/CMakeFiles/adudiffapi.dir/diffa_api.cpp.o
2026-03-12T23:17:20.1111418Z [ 64%] Building CXX object diffs/api/CMakeFiles/adudiffapi.dir/diffc_api.cpp.o
2026-03-12T23:17:22.9986949Z [ 65%] Building CXX object diffs/api/CMakeFiles/adudiffapi.dir/legacy_apply_session.cpp.o
2026-03-12T23:17:28.5063658Z [ 65%] Building CXX object diffs/api/CMakeFiles/adudiffapi.dir/legacy_adudiffapply.cpp.o
2026-03-12T23:17:29.1988772Z [ 66%] Linking CXX shared library ../../bin/libadudiffapi.so
2026-03-12T23:17:30.0021974Z [ 66%] Built target adudiffapi
2026-03-12T23:17:30.0216468Z [ 67%] Building CXX object diffs/core/gtest/CMakeFiles/diffs_core_gtest.dir/common.cpp.o
2026-03-12T23:17:31.5310914Z [ 67%] Building CXX object diffs/core/gtest/CMakeFiles/diffs_core_gtest.dir/main.cpp.o
2026-03-12T23:17:32.7536812Z [ 68%] Building CXX object diffs/core/gtest/CMakeFiles/diffs_core_gtest.dir/test_cookbook.cpp.o
2026-03-12T23:17:32.7721785Z [ 68%] Building CXX object diffs/core/gtest/CMakeFiles/diffs_core_gtest.dir/test_item_definition.cpp.o
2026-03-12T23:17:37.1197190Z [ 69%] Building CXX object diffs/core/gtest/CMakeFiles/diffs_core_gtest.dir/test_kitchen.cpp.o
2026-03-12T23:17:37.1379495Z [ 70%] Building CXX object diffs/core/gtest/CMakeFiles/diffs_core_gtest.dir/test_pantry.cpp.o
2026-03-12T23:17:37.1561408Z [ 70%] Building CXX object diffs/core/gtest/CMakeFiles/diffs_core_gtest.dir/test_prepared_item.cpp.o
2026-03-12T23:17:37.1746086Z [ 71%] Linking CXX executable ../../../test/bin/diffs_core_gtest
2026-03-12T23:17:37.6537717Z [ 71%] Built target diffs_core_gtest
2026-03-12T23:17:37.6741602Z [ 72%] Building CXX object diffs/recipes/basic/gtest/CMakeFiles/diffs_recipes_basic_gtest.dir/common.cpp.o
2026-03-12T23:17:39.2139589Z [ 72%] Building CXX object diffs/recipes/basic/gtest/CMakeFiles/diffs_recipes_basic_gtest.dir/main.cpp.o
2026-03-12T23:17:40.4510112Z [ 73%] Building CXX object diffs/recipes/basic/gtest/CMakeFiles/diffs_recipes_basic_gtest.dir/test_all_zeros_recipe.cpp.o
2026-03-12T23:17:45.7973440Z [ 74%] Building CXX object diffs/recipes/basic/gtest/CMakeFiles/diffs_recipes_basic_gtest.dir/test_chain_recipe.cpp.o
2026-03-12T23:17:51.8041416Z [ 74%] Building CXX object diffs/recipes/basic/gtest/CMakeFiles/diffs_recipes_basic_gtest.dir/test_kitchen_slicing.cpp.o
2026-03-12T23:17:54.4630342Z [ 75%] Building CXX object diffs/recipes/basic/gtest/CMakeFiles/diffs_recipes_basic_gtest.dir/test_slice_recipe.cpp.o
2026-03-12T23:18:00.8553321Z [ 76%] Linking CXX executable ../../../../test/bin/diffs_recipes_basic_gtest
2026-03-12T23:18:01.4376330Z [ 76%] Built target diffs_recipes_basic_gtest
2026-03-12T23:18:01.4569227Z [ 76%] Building CXX object diffs/recipes/compressed/gtest/CMakeFiles/diffs_recipes_compressed_gtest.dir/main.cpp.o
2026-03-12T23:18:02.9425114Z [ 77%] Building CXX object diffs/recipes/compressed/gtest/CMakeFiles/diffs_recipes_compressed_gtest.dir/test_bspatch_decompression_recipe.cpp.o
2026-03-12T23:18:08.4668254Z [ 77%] Building CXX object diffs/recipes/compressed/gtest/CMakeFiles/diffs_recipes_compressed_gtest.dir/test_zlib_compression_recipe.cpp.o
2026-03-12T23:18:13.7154733Z [ 78%] Building CXX object diffs/recipes/compressed/gtest/CMakeFiles/diffs_recipes_compressed_gtest.dir/test_zlib_decompression_recipe.cpp.o
2026-03-12T23:18:18.9150406Z [ 79%] Building CXX object diffs/recipes/compressed/gtest/CMakeFiles/diffs_recipes_compressed_gtest.dir/test_zstd_compression_recipe.cpp.o
2026-03-12T23:18:22.1429048Z [ 79%] Building CXX object diffs/recipes/compressed/gtest/CMakeFiles/diffs_recipes_compressed_gtest.dir/test_zstd_decompression_recipe.cpp.o
2026-03-12T23:18:28.1227172Z [ 80%] Linking CXX executable ../../../../test/bin/diffs_recipes_compressed_gtest
2026-03-12T23:18:28.8093727Z [ 80%] Built target diffs_recipes_compressed_gtest
2026-03-12T23:18:28.8293164Z [ 81%] Building CXX object diffs/serialization/legacy/gtest/CMakeFiles/diffs_serialization_legacy_gtest.dir/main.cpp.o
2026-03-12T23:18:30.2610781Z [ 82%] Building CXX object diffs/serialization/legacy/gtest/CMakeFiles/diffs_serialization_legacy_gtest.dir/test_serializer.cpp.o
2026-03-12T23:18:33.1654132Z [ 82%] Linking CXX executable ../../../../test/bin/diffs_serialization_legacy_gtest
2026-03-12T23:18:33.6510777Z [ 82%] Built target diffs_serialization_legacy_gtest
2026-03-12T23:18:33.6715246Z [ 83%] Building CXX object archives/cpio_archives/CMakeFiles/cpio_archives.dir/cpio_archive.cpp.o
2026-03-12T23:18:35.7112758Z [ 83%] Building CXX object archives/cpio_archives/CMakeFiles/cpio_archives.dir/cpio_file.cpp.o
2026-03-12T23:18:37.5771148Z [ 84%] Building CXX object archives/cpio_archives/CMakeFiles/cpio_archives.dir/hexadecimal_data.cpp.o
2026-03-12T23:18:37.8066306Z [ 85%] Building CXX object archives/cpio_archives/CMakeFiles/cpio_archives.dir/octal_data.cpp.o
2026-03-12T23:18:38.0337754Z [ 85%] Building CXX object archives/cpio_archives/CMakeFiles/cpio_archives.dir/string_data.cpp.o
2026-03-12T23:18:38.4280909Z [ 86%] Linking CXX static library libcpio_archives.a
2026-03-12T23:18:38.5210531Z [ 86%] Built target cpio_archives
2026-03-12T23:18:38.5409148Z [ 87%] Building CXX object archives/cpio_archives/gtest/CMakeFiles/cpio_archives_gtest.dir/main.cpp.o
2026-03-12T23:18:39.7875317Z [ 87%] Building CXX object archives/cpio_archives/gtest/CMakeFiles/cpio_archives_gtest.dir/test_create_archive.cpp.o
2026-03-12T23:18:42.2931674Z [ 88%] Linking CXX executable ../../../test/bin/cpio_archives_gtest
2026-03-12T23:18:42.6417865Z [ 88%] Built target cpio_archives_gtest
2026-03-12T23:18:42.6624499Z [ 89%] Building CXX object tools/applydiff/CMakeFiles/applydiff.dir/applydiff.cpp.o
2026-03-12T23:18:43.0349495Z [ 89%] Linking CXX executable ../../bin/applydiff
2026-03-12T23:18:43.1252098Z [ 89%] Built target applydiff
2026-03-12T23:18:43.1458301Z [ 89%] Building CXX object tools/dumpdiff/CMakeFiles/dumpdiff.dir/dumpdiff.cpp.o
2026-03-12T23:18:47.6191127Z [ 90%] Linking CXX executable ../../bin/dumpdiff
2026-03-12T23:18:48.3439479Z [ 90%] Built target dumpdiff
2026-03-12T23:18:48.3646085Z [ 91%] Building CXX object tools/dumpextfs/CMakeFiles/dumpextfs.dir/dump_json.cpp.o
2026-03-12T23:18:50.3153350Z [ 91%] Building CXX object tools/dumpextfs/CMakeFiles/dumpextfs.dir/load_ext4.cpp.o
2026-03-12T23:18:52.2054180Z [ 92%] Building CXX object tools/dumpextfs/CMakeFiles/dumpextfs.dir/main.cpp.o
2026-03-12T23:18:52.8411496Z [ 92%] Linking CXX executable ../../bin/dumpextfs
2026-03-12T23:18:52.9536908Z /usr/bin/ld: /__w/iot-hub-device-update/iot-hub-device-update/.workspace/vcpkg/installed/x64-linux/lib/libcrypto.a(libcrypto-lib-dso_dlfcn.o): in function `dlfcn_globallookup':
2026-03-12T23:18:52.9538679Z dso_dlfcn.c:(.text+0x17): warning: Using 'dlopen' in statically linked applications requires at runtime the shared libraries from the glibc version used for linking
2026-03-12T23:18:52.9686836Z /usr/bin/ld: /__w/iot-hub-device-update/iot-hub-device-update/.workspace/vcpkg/installed/x64-linux/lib/libcrypto.a(libcrypto-lib-bio_addr.o): in function `BIO_lookup_ex':
2026-03-12T23:18:52.9688704Z bio_addr.c:(.text+0xda6): warning: Using 'getaddrinfo' in statically linked applications requires at runtime the shared libraries from the glibc version used for linking
2026-03-12T23:18:52.9749148Z /usr/bin/ld: /__w/iot-hub-device-update/iot-hub-device-update/.workspace/vcpkg/installed/x64-linux/lib/libcrypto.a(libcrypto-lib-bio_sock.o): in function `BIO_gethostbyname':
2026-03-12T23:18:52.9752192Z bio_sock.c:(.text+0x75): warning: Using 'gethostbyname' in statically linked applications requires at runtime the shared libraries from the glibc version used for linking
2026-03-12T23:18:53.3263324Z [ 92%] Built target dumpextfs
2026-03-12T23:18:53.3468293Z [ 93%] Building CXX object tools/extract/CMakeFiles/extract.dir/extract.cpp.o
2026-03-12T23:18:59.2203799Z [ 93%] Linking CXX executable ../../bin/extract
2026-03-12T23:18:59.9237549Z [ 93%] Built target extract
2026-03-12T23:18:59.9429751Z [ 94%] Building CXX object tools/makecpio/CMakeFiles/makecpio.dir/makecpio_tool.cpp.o
2026-03-12T23:19:01.2151483Z [ 95%] Linking CXX executable ../../bin/makecpio
2026-03-12T23:19:01.3299317Z [ 95%] Built target makecpio
2026-03-12T23:19:01.3496159Z [ 95%] Building CXX object tools/recompress/CMakeFiles/recompress.dir/recompress.cpp.o
2026-03-12T23:19:03.4861454Z [ 96%] Building CXX object tools/recompress/CMakeFiles/recompress.dir/recompress_tool.cpp.o
2026-03-12T23:19:10.0964591Z [ 96%] Building CXX object tools/recompress/CMakeFiles/recompress.dir/swupdate_helpers.cpp.o
2026-03-12T23:19:11.4736188Z [ 97%] Linking CXX executable ../../bin/recompress
2026-03-12T23:19:11.8540821Z [ 97%] Built target recompress
2026-03-12T23:19:11.8723270Z [ 98%] Building CXX object tools/zstd_compress_file/CMakeFiles/zstd_compress_file.dir/zstd_compress_file.cpp.o
2026-03-12T23:19:12.9056415Z [ 98%] Building CXX object tools/zstd_compress_file/CMakeFiles/zstd_compress_file.dir/compress_utility.cpp.o
2026-03-12T23:19:15.7718110Z [ 99%] Building CXX object tools/zstd_compress_file/CMakeFiles/zstd_compress_file.dir/get_file_hash.cpp.o
2026-03-12T23:19:17.5594202Z [100%] Linking CXX executable ../../bin/zstd_compress_file
2026-03-12T23:19:17.8902651Z [100%] Built target zstd_compress_file
2026-03-12T23:19:17.9026889Z Make succeeded!
2026-03-12T23:19:17.9157107Z CPack: Create package using DEB
2026-03-12T23:19:17.9157773Z CPack: Install projects
2026-03-12T23:19:17.9158709Z CPack: - Run preinstall target for: adu_diffs
2026-03-12T23:19:18.8667247Z CPack: - Install project: adu_diffs []
2026-03-12T23:19:18.9346333Z CPack: Create package
2026-03-12T23:19:18.9355721Z -- CPACK_DEBIAN_PACKAGE_DEPENDS not set, the package will have no dependencies.
2026-03-12T23:19:21.0260478Z CPack: - package: /__w/iot-hub-device-update/iot-hub-device-update/.workspace/iot-hub-device-update-delta/src/out/native/x64-linux/Release/_packages/ms-adu_diffs_3.0.0_x86_64.deb generated.
2026-03-12T23:19:21.0278487Z Package build succeeded!
2026-03-12T23:19:21.0293181Z  new Debian package, version 2.0.
2026-03-12T23:19:21.0293685Z  size 15421966 bytes: control archive=425 bytes.
2026-03-12T23:19:21.0314712Z      244 bytes,    10 lines      control
2026-03-12T23:19:21.0315270Z      179 bytes,     3 lines      md5sums
2026-03-12T23:19:21.0315739Z  Architecture: amd64
2026-03-12T23:19:21.0315968Z  Description: Device Update Delta Processor
2026-03-12T23:19:21.0316370Z  Homepage: https://github.com/Azure/iot-hub-device-update-delta
2026-03-12T23:19:21.0316716Z  Maintainer: ADU Developers
2026-03-12T23:19:21.0316934Z  Package: ms-adu_diffs
2026-03-12T23:19:21.0317128Z  Priority: extra
2026-03-12T23:19:21.0317294Z  Section: admin
2026-03-12T23:19:21.0317460Z  Version: 3.0.0
2026-03-12T23:19:21.0317622Z  Installed-Size: 54511
2026-03-12T23:19:21.0317804Z
2026-03-12T23:19:21.0327933Z Copying VCPKG binaries and license files.
2026-03-12T23:19:21.0371572Z Copying base license file: /__w/iot-hub-device-update/iot-hub-device-update/.workspace/iot-hub-device-update-delta/licenses/LICENSE.linux to /__w/iot-hub-device-update/iot-hub-device-update/.workspace/iot-hub-device-update-delta/src/out/native/x64-linux/Release/bin/NOTICE
2026-03-12T23:19:21.0648844Z Binaries (/__w/iot-hub-device-update/iot-hub-device-update/.workspace/iot-hub-device-update-delta/src/out/native/x64-linux/Release):
2026-03-12T23:19:21.0657867Z LICENSE.bsdiff
2026-03-12T23:19:21.0658419Z LICENSE.bzip2
2026-03-12T23:19:21.0659131Z LICENSE.e2fsprogs
2026-03-12T23:19:21.0659457Z LICENSE.jsoncpp
2026-03-12T23:19:21.0659829Z LICENSE.libconfig
2026-03-12T23:19:21.0660309Z LICENSE.openssl
2026-03-12T23:19:21.0660586Z LICENSE.zlib
2026-03-12T23:19:21.0660839Z LICENSE.zstd
2026-03-12T23:19:21.0661083Z NOTICE
2026-03-12T23:19:21.0661314Z applydiff
2026-03-12T23:19:21.0661558Z bsdiff
2026-03-12T23:19:21.0661777Z bspatch
2026-03-12T23:19:21.0662012Z dumpdiff
2026-03-12T23:19:21.0662258Z dumpextfs
2026-03-12T23:19:21.0662496Z extract
2026-03-12T23:19:21.0662738Z libadudiffapi.so
2026-03-12T23:19:21.0663018Z makecpio
2026-03-12T23:19:21.0663270Z recompress
2026-03-12T23:19:21.0663552Z zstd_compress_file
2026-03-12T23:19:21.0667268Z Test Binaries (/__w/iot-hub-device-update/iot-hub-device-update/.workspace/iot-hub-device-update-delta/src/out/native/x64-linux/Release):
2026-03-12T23:19:21.0673276Z cpio_archives_gtest
2026-03-12T23:19:21.0673640Z diffs_core_gtest
2026-03-12T23:19:21.0673941Z diffs_recipes_basic_gtest
2026-03-12T23:19:21.0674332Z diffs_recipes_compressed_gtest
2026-03-12T23:19:21.0674734Z diffs_serialization_legacy_gtest
2026-03-12T23:19:21.0674975Z io_buffer_gtest
2026-03-12T23:19:21.0675145Z io_compressed_gtest
2026-03-12T23:19:21.0675320Z io_file_gtest
2026-03-12T23:19:21.0675469Z io_gtest
2026-03-12T23:19:21.0675617Z io_hashed_gtest
2026-03-12T23:19:21.0679484Z Installing delta library to system...
2026-03-12T23:19:21.0694855Z Installing from .deb package...
2026-03-12T23:19:21.0859303Z Selecting previously unselected package ms-adu_diffs.
2026-03-12T23:19:21.1065370Z (Reading database ... 44470 files and directories currently installed.)
2026-03-12T23:19:21.1081876Z Preparing to unpack .../ms-adu_diffs_3.0.0_x86_64.deb ...
2026-03-12T23:19:21.1095014Z Unpacking ms-adu_diffs (3.0.0) ...
2026-03-12T23:19:21.3446046Z Setting up ms-adu_diffs (3.0.0) ...
2026-03-12T23:19:21.3541772Z Installing header file...
2026-03-12T23:19:21.3557175Z Installed adudiffapi.h to /usr/include/
2026-03-12T23:19:23.0237076Z Listing the state of dependencies:
2026-03-12T23:19:23.0278026Z build-essential 12.9ubuntu3 (amd64)
2026-03-12T23:19:23.0278434Z clang 1:14.0-55~exp2 (amd64)
2026-03-12T23:19:23.0278693Z clang-tidy 1:14.0-55~exp2 (amd64)
2026-03-12T23:19:23.0278956Z cmake 3.22.1-1ubuntu1.22.04.2 (amd64)
2026-03-12T23:19:23.0279225Z cppcheck 2.7-1 (amd64)
2026-03-12T23:19:23.0279449Z curl 7.81.0-1ubuntu1.23 (amd64)
2026-03-12T23:19:23.0279686Z file 1:5.41-3ubuntu0.1 (amd64)
2026-03-12T23:19:23.0280156Z g++ 4:11.2.0-1ubuntu1 (amd64)
2026-03-12T23:19:23.0280386Z gcc 4:11.2.0-1ubuntu1 (amd64)
2026-03-12T23:19:23.0280613Z git 1:2.34.1-1ubuntu1.17 (amd64)
2026-03-12T23:19:23.0280942Z libcurl4-openssl-dev:amd64 7.81.0-1ubuntu1.23 (amd64)
2026-03-12T23:19:23.0281282Z libssl-dev:amd64 3.0.2-0ubuntu1.21 (amd64)
2026-03-12T23:19:23.0281582Z libxml2-dev:amd64 2.9.13+dfsg-1ubuntu0.11 (amd64)
2026-03-12T23:19:23.0282009Z lsb-release 11.1.0ubuntu4 (all)
2026-03-12T23:19:23.0282372Z make 4.3-4.1build1 (amd64)
2026-03-12T23:19:23.0282699Z ninja-build 1.10.1-1 (amd64)
2026-03-12T23:19:23.0283075Z pkg-config 0.29.2-1ubuntu3 (amd64)
2026-03-12T23:19:23.0283509Z uuid-dev:amd64 2.37.2-4ubuntu3.5 (amd64)
2026-03-12T23:19:23.0283952Z wget 1.21.2-2ubuntu1.1 (amd64)
2026-03-12T23:19:23.0371967Z ##[group]Run scripts/build.sh --clean --build-unit-tests --build-packages --type MinSizeRel --work-folder $GITHUB_WORKSPACE/.workspace
2026-03-12T23:19:23.0372923Z [36;1mscripts/build.sh --clean --build-unit-tests --build-packages --type MinSizeRel --work-folder $GITHUB_WORKSPACE/.workspace[0m
2026-03-12T23:19:23.0373574Z shell: sh -e {0}
2026-03-12T23:19:23.0373755Z ##[endgroup]
2026-03-12T23:19:23.1057491Z [1;34m*[0m Using cmake from build environment: /__w/iot-hub-device-update/iot-hub-device-update/.workspace/deviceupdate-cmake/bin/cmake
2026-03-12T23:19:23.1058086Z
2026-03-12T23:19:23.1058271Z [4m[1m[1;32mBuilding ADU Agent[0m
2026-03-12T23:19:23.1058626Z [1;34m*[0m Clean build: true
2026-03-12T23:19:23.1058952Z [1;34m*[0m Documentation: false
2026-03-12T23:19:23.1059682Z [1;34m*[0m Platform layer: linux
2026-03-12T23:19:23.1060360Z [1;34m*[0m Trace target deps: false
2026-03-12T23:19:23.1061402Z [1;34m*[0m Step handlers: microsoft/apt,microsoft/script,microsoft/simulator,microsoft/swupdate_v2
2026-03-12T23:19:23.1062324Z [1;34m*[0m Build type: MinSizeRel
2026-03-12T23:19:23.1065104Z [1;34m*[0m Log directory: /var/log/adu
2026-03-12T23:19:23.1065671Z [1;34m*[0m Enable console log: true
2026-03-12T23:19:23.1066179Z [1;34m*[0m Enable file log: true
2026-03-12T23:19:23.1066675Z [1;34m*[0m Logging library: zlog
2026-03-12T23:19:23.1067521Z [1;34m*[0m Output directory: /__w/iot-hub-device-update/iot-hub-device-update/scripts/../out
2026-03-12T23:19:23.1068356Z [1;34m*[0m Build unit tests: true
2026-03-12T23:19:23.1068837Z [1;34m*[0m Coverage mode: false
2026-03-12T23:19:23.1069323Z [1;34m*[0m Enable E2E testing: false
2026-03-12T23:19:23.1069820Z [1;34m*[0m Build packages: true
2026-03-12T23:19:23.1071047Z [1;34m*[0m CMake: /__w/iot-hub-device-update/iot-hub-device-update/.workspace/deviceupdate-cmake/bin/cmake
2026-03-12T23:19:23.1099115Z [1;34m*[0m CMake version: 3.23.2
2026-03-12T23:19:23.1100415Z [1;34m*[0m shellcheck: /__w/iot-hub-device-update/iot-hub-device-update/.workspace/deviceupdate-shellcheck
2026-03-12T23:19:23.1116870Z [1;34m*[0m shellcheck version: 0.8.0
2026-03-12T23:19:23.1118264Z [1;34m*[0m Static analysis: (none)
2026-03-12T23:19:23.1119108Z [1;34m*[0m Include Test Root Keys: false
2026-03-12T23:19:23.1119582Z [1;34m*[0m Use Curl, not DO, for RootKey Package Download? false
2026-03-12T23:19:23.1119836Z
2026-03-12T23:19:23.1154713Z Configuring build (clean build requested)...
2026-03-12T23:19:23.1194007Z -- System processor: x86_64
2026-03-12T23:19:23.1646613Z -- The C compiler identification is GNU 10.5.0
2026-03-12T23:19:23.2185075Z -- The CXX compiler identification is GNU 10.5.0
2026-03-12T23:19:23.2260819Z -- Detecting C compiler ABI info
2026-03-12T23:19:23.2771580Z -- Detecting C compiler ABI info - done
2026-03-12T23:19:23.2853993Z -- Check for working C compiler: /usr/bin/gcc - skipped
2026-03-12T23:19:23.2857223Z -- Detecting C compile features
2026-03-12T23:19:23.2863058Z -- Detecting C compile features - done
2026-03-12T23:19:23.2901122Z -- Detecting CXX compiler ABI info
2026-03-12T23:19:23.3494840Z -- Detecting CXX compiler ABI info - done
2026-03-12T23:19:23.3575152Z -- Check for working CXX compiler: /usr/bin/g++ - skipped
2026-03-12T23:19:23.3578812Z -- Detecting CXX compile features
2026-03-12T23:19:23.3584778Z -- Detecting CXX compile features - done
2026-03-12T23:19:23.3592440Z --
2026-03-12T23:19:23.3592889Z -- CMAKE_SYSTEM_NAME: Linux
2026-03-12T23:19:23.3593337Z -- CMAKE_SYSTEM_VERSION: 6.14.0-1017-azure
2026-03-12T23:19:23.3593824Z -- CMAKE_SYSTEM_PROCESSOR: x86_64
2026-03-12T23:19:23.3594264Z -- CMAKE_GENERATOR: Ninja
2026-03-12T23:19:23.3594662Z -- CMAKE_GENERATOR_PLATFORM:
2026-03-12T23:19:23.3595066Z -- CMAKE_BUILD_TYPE: MinSizeRel
2026-03-12T23:19:23.3595480Z -- CMAKE_C_COMPILER: /usr/bin/gcc
2026-03-12T23:19:23.3595935Z -- CMAKE_CXX_COMPILER: /usr/bin/g++
2026-03-12T23:19:23.3596573Z -- CMAKE_BINARY_DIR: /__w/iot-hub-device-update/iot-hub-device-update/out
2026-03-12T23:19:23.3597756Z -- CMAKE_SOURCE_DIR: /__w/iot-hub-device-update/iot-hub-device-update
2026-03-12T23:19:23.3598455Z -- CMAKE_BUILD_TYPE: MinSizeRel
2026-03-12T23:19:23.3598853Z --
2026-03-12T23:19:23.4779417Z -- Found Python3: /usr/bin/python3.10 (found version "3.10.12") found components: Interpreter
2026-03-12T23:19:23.4791730Z -- Generating result.h from result_codes.json (reason: cache file missing)...
2026-03-12T23:19:23.4793049Z -- Generating extension result code headers...
2026-03-12T23:19:23.5438968Z -- Extension headers generation output:
2026-03-12T23:19:23.5439726Z Generating header for extension 'swupdate_handler_v2'...
2026-03-12T23:19:23.5440706Z   JSON: /__w/iot-hub-device-update/iot-hub-device-update/src/extensions/step_handlers/swupdate_handler_v2/swupdate_handler_result_codes.json
2026-03-12T23:19:23.5441907Z   Output: /__w/iot-hub-device-update/iot-hub-device-update/src/inc/aduc/swupdate_handler_result_codes.h
2026-03-12T23:19:23.5442419Z   SUCCESS: Generated swupdate_handler_result_codes.h
2026-03-12T23:19:23.5442638Z
2026-03-12T23:19:23.5442755Z Successfully generated headers for 1 extension(s)
2026-03-12T23:19:23.5442960Z
2026-03-12T23:19:23.5753923Z Overwriting file at /__w/iot-hub-device-update/iot-hub-device-update/src/inc/aduc/result.h
2026-03-12T23:19:23.5754794Z Generating result.h file at: /__w/iot-hub-device-update/iot-hub-device-update/src/inc/aduc/result.h
2026-03-12T23:19:23.5755756Z Loading extensions config from: /__w/iot-hub-device-update/iot-hub-device-update/scripts/error_code_generator_defs/extension_configs.json
2026-03-12T23:19:23.5756635Z Found extension: SWUpdate Handler v2 Extended Result Codes (swupdate_handler_result_codes.h)
2026-03-12T23:19:23.5757121Z Parsing JSON file...
2026-03-12T23:19:23.5757339Z Generating result.h file...
2026-03-12T23:19:23.5757727Z Updated /__w/iot-hub-device-update/iot-hub-device-update/src/inc/aduc/result.h
2026-03-12T23:19:23.5799783Z -- clang-format not found, skipping formatting of result.h
2026-03-12T23:19:23.5800690Z -- result.h generated successfully and cache updated
2026-03-12T23:19:23.5801944Z -- Copying test data from '/__w/iot-hub-device-update/iot-hub-device-update/src' to '/__w/iot-hub-device-update/iot-hub-device-update/.workspace/adu/testdata'
2026-03-12T23:19:23.6146558Z -- Found Parson: /usr/local/include
2026-03-12T23:19:23.6226662Z -- Found IotHubClient: /usr/local/include/azureiot
2026-03-12T23:19:23.6279182Z -- Looking for include file stdint.h
2026-03-12T23:19:23.6747428Z -- Looking for include file stdint.h - found
2026-03-12T23:19:23.6752150Z -- Looking for include file stdbool.h
2026-03-12T23:19:23.7202089Z -- Looking for include file stdbool.h - found
2026-03-12T23:19:23.7726055Z -- target architecture: x86_64
2026-03-12T23:19:23.7742852Z -- Performing Test CXX_FLAG_CXX11
2026-03-12T23:19:23.8336149Z -- Performing Test CXX_FLAG_CXX11 - Success
2026-03-12T23:19:23.8420998Z -- target architecture: x86_64
2026-03-12T23:19:23.8510263Z -- target architecture: x86_64
2026-03-12T23:19:23.8597734Z -- target architecture: x86_64
2026-03-12T23:19:23.8667354Z -- target architecture: x86_64
2026-03-12T23:19:23.8725979Z -- target architecture: x86_64
2026-03-12T23:19:23.8813100Z -- target architecture: x86_64
2026-03-12T23:19:23.8883190Z -- target architecture: x86_64
2026-03-12T23:19:23.9044355Z -- Found Git: /usr/bin/git (found version "2.34.1")
2026-03-12T23:19:23.9059804Z fatal: not a git repository (or any parent up to mount point /)
2026-03-12T23:19:23.9060769Z Stopping at filesystem boundary (GIT_DISCOVERY_ACROSS_FILESYSTEM not set).
2026-03-12T23:19:23.9062874Z CMake Warning at src/agent/CMakeLists.txt:54 (message):
2026-03-12T23:19:23.9063561Z   Git version info not found, DO NOT release from this build tree!
2026-03-12T23:19:23.9063961Z
2026-03-12T23:19:23.9063965Z
2026-03-12T23:19:23.9112543Z -- target architecture: x86_64
2026-03-12T23:19:23.9156727Z -- ADUC_IOT_HUB_PROTOCOL: IotHub_Protocol_from_Config
2026-03-12T23:19:23.9219091Z -- target architecture: x86_64
2026-03-12T23:19:23.9274839Z -- target architecture: x86_64
2026-03-12T23:19:23.9348946Z -- target architecture: x86_64
2026-03-12T23:19:23.9417401Z -- target architecture: x86_64
2026-03-12T23:19:23.9550360Z -- target architecture: x86_64
2026-03-12T23:19:23.9623584Z -- target architecture: x86_64
2026-03-12T23:19:23.9694103Z -- target architecture: x86_64
2026-03-12T23:19:23.9779821Z -- target architecture: x86_64
2026-03-12T23:19:23.9863434Z -- target architecture: x86_64
2026-03-12T23:19:23.9946640Z -- target architecture: x86_64
2026-03-12T23:19:24.0017899Z -- target architecture: x86_64
2026-03-12T23:19:24.0079658Z -- target architecture: x86_64
2026-03-12T23:19:24.0146606Z -- target architecture: x86_64
2026-03-12T23:19:24.0217262Z -- target architecture: x86_64
2026-03-12T23:19:24.0298764Z -- target architecture: x86_64
2026-03-12T23:19:24.0389200Z -- target architecture: x86_64
2026-03-12T23:19:24.0472309Z -- target architecture: x86_64
2026-03-12T23:19:24.0562874Z -- target architecture: x86_64
2026-03-12T23:19:24.0644218Z -- target architecture: x86_64
2026-03-12T23:19:24.0717044Z -- target architecture: x86_64
2026-03-12T23:19:24.0795856Z -- target architecture: x86_64
2026-03-12T23:19:24.0861476Z -- target architecture: x86_64
2026-03-12T23:19:24.0930665Z -- target architecture: x86_64
2026-03-12T23:19:24.0969331Z -- Looking for pthread.h
2026-03-12T23:19:24.1522701Z -- Looking for pthread.h - found
2026-03-12T23:19:24.1526259Z -- Performing Test CMAKE_HAVE_LIBC_PTHREAD
2026-03-12T23:19:24.2073542Z -- Performing Test CMAKE_HAVE_LIBC_PTHREAD - Success
2026-03-12T23:19:24.2088963Z -- Found Threads: TRUE
2026-03-12T23:19:24.2662446Z -- Found CURL: /usr/lib/x86_64-linux-gnu/libcurl.so (found suitable version "7.81.0", minimum required is "7.44")
2026-03-12T23:19:24.3123550Z -- Found OpenSSL: /usr/lib/x86_64-linux-gnu/libcrypto.so (found version "3.0.2")
2026-03-12T23:19:24.3581266Z -- Found LibXml2: /usr/lib/x86_64-linux-gnu/libxml2.so (found version "2.9.13")
2026-03-12T23:19:24.3824658Z -- Found CURL: /usr/lib/x86_64-linux-gnu/libcurl.so (found version "7.81.0")
2026-03-12T23:19:24.3894982Z -- target architecture: x86_64
2026-03-12T23:19:24.3974944Z -- target architecture: x86_64
2026-03-12T23:19:24.4095695Z -- target architecture: x86_64
2026-03-12T23:19:24.4227905Z -- Skipping Microsoft Delta Download Handler (ADUC_BUILD_DELTA_HANDLER is OFF)
2026-03-12T23:19:24.4278901Z    Step handler to build:
2026-03-12T23:19:24.4327236Z       handler:microsoft/apt subdirectory:apt_handler
2026-03-12T23:19:24.4379269Z -- target architecture: x86_64
2026-03-12T23:19:24.4430448Z       handler:microsoft/script subdirectory:script_handler
2026-03-12T23:19:24.4485185Z -- target architecture: x86_64
2026-03-12T23:19:24.4552107Z       handler:microsoft/simulator subdirectory:simulator_handler
2026-03-12T23:19:24.4601523Z       handler:microsoft/swupdate_v2 subdirectory:swupdate_handler_v2
2026-03-12T23:19:24.4666986Z -- target architecture: x86_64
2026-03-12T23:19:24.4739704Z -- target architecture: x86_64
2026-03-12T23:19:24.4940585Z -- target architecture: x86_64
2026-03-12T23:19:24.5017444Z -- target architecture: x86_64
2026-03-12T23:19:24.5040535Z -- ADUC_ENABLE_E2E_TESTING="false"
2026-03-12T23:19:24.5199527Z -- target architecture: x86_64
2026-03-12T23:19:24.5315432Z -- target architecture: x86_64
2026-03-12T23:19:24.5476029Z -- target architecture: x86_64
2026-03-12T23:19:24.5548689Z -- target architecture: x86_64
2026-03-12T23:19:24.5741470Z -- target architecture: x86_64
2026-03-12T23:19:24.5987938Z -- target architecture: x86_64
2026-03-12T23:19:24.6054732Z -- target architecture: x86_64
2026-03-12T23:19:24.6128066Z -- target architecture: x86_64
2026-03-12T23:19:24.6195845Z -- target architecture: x86_64
2026-03-12T23:19:24.6265113Z -- target architecture: x86_64
2026-03-12T23:19:24.6346876Z -- target architecture: x86_64
2026-03-12T23:19:24.6410603Z -- target architecture: x86_64
2026-03-12T23:19:24.6498445Z -- target architecture: x86_64
2026-03-12T23:19:24.6577408Z -- target architecture: x86_64
2026-03-12T23:19:24.6757501Z -- target architecture: x86_64
2026-03-12T23:19:24.6837312Z -- target architecture: x86_64
2026-03-12T23:19:24.6917459Z -- target architecture: x86_64
2026-03-12T23:19:24.7059487Z -- target architecture: x86_64
2026-03-12T23:19:24.7142545Z -- target architecture: x86_64
2026-03-12T23:19:24.7241427Z -- target architecture: x86_64
2026-03-12T23:19:24.7304923Z -- target architecture: x86_64
2026-03-12T23:19:24.7374046Z -- target architecture: x86_64
2026-03-12T23:19:24.7436787Z -- target architecture: x86_64
2026-03-12T23:19:24.7514980Z -- target architecture: x86_64
2026-03-12T23:19:24.7577230Z -- target architecture: x86_64
2026-03-12T23:19:24.7647546Z -- target architecture: x86_64
2026-03-12T23:19:24.7710406Z -- target architecture: x86_64
2026-03-12T23:19:24.7790938Z -- target architecture: x86_64
2026-03-12T23:19:24.7867399Z -- target architecture: x86_64
2026-03-12T23:19:24.7937437Z -- target architecture: x86_64
2026-03-12T23:19:24.7992792Z -- target architecture: x86_64
2026-03-12T23:19:24.8142047Z -- target architecture: x86_64
2026-03-12T23:19:24.8280321Z -- target architecture: x86_64
2026-03-12T23:19:24.8370865Z -- target architecture: x86_64
2026-03-12T23:19:24.8435188Z -- target architecture: x86_64
2026-03-12T23:19:24.8517904Z -- target architecture: x86_64
2026-03-12T23:19:24.8593589Z -- target architecture: x86_64
2026-03-12T23:19:24.8682959Z -- target architecture: x86_64
2026-03-12T23:19:24.8808269Z -- target architecture: x86_64
2026-03-12T23:19:24.9049562Z -- Configuring done
2026-03-12T23:19:25.3892321Z -- Generating done
2026-03-12T23:19:25.4192519Z -- Build files have been written to: /__w/iot-hub-device-update/iot-hub-device-update/out
2026-03-12T23:19:25.5873443Z [1/348] Building C object src/agent/adu_core_export_helpers/CMakeFiles/adu_core_export_helpers.dir/src/adu_core_export_helpers.c.o
2026-03-12T23:19:25.5875258Z [2/348] Building C object src/agent/adu_core_export_helpers/tests/CMakeFiles/adu_core_export_helpers_unit_test.dir/__/src/adu_core_export_helpers.c.o
2026-03-12T23:19:25.6987215Z [3/348] Building C object src/agent/CMakeFiles/AducIotAgent.dir/src/health_management.c.o
2026-03-12T23:19:25.7609819Z [4/348] Building C object src/agent/adu_core_interface/CMakeFiles/adu_core_interface.dir/src/device_properties.c.o
2026-03-12T23:19:25.7873375Z [5/348] Building C object src/agent/adu_core_interface/CMakeFiles/adu_core_interface.dir/src/adu_core_interface.c.o
2026-03-12T23:19:25.7879530Z [6/348] Building C object src/agent/adu_core_interface/CMakeFiles/adu_core_interface.dir/src/startup_msg_helper.c.o
2026-03-12T23:19:25.8561323Z [7/348] Building C object src/agent/adu_core_interface/tests/startup_msg_helper_tests/CMakeFiles/startup_msg_helper_unit_test.dir/__/__/src/startup_msg_helper.c.o
2026-03-12T23:19:25.9147273Z [8/348] Building C object src/agent/CMakeFiles/AducIotAgent.dir/src/main.c.o
2026-03-12T23:19:26.0514097Z [9/348] Building C object src/agent/adu_core_interface/tests/health_management_tests/CMakeFiles/health_management_unit_test.dir/__/__/__/src/health_management.c.o
2026-03-12T23:19:26.2877783Z [10/348] Building C object src/agent/adu_core_interface/tests/device_properties_tests/CMakeFiles/device_properties_unit_test.dir/__/__/src/device_properties.c.o
2026-03-12T23:19:26.5999004Z [11/348] Building C object src/agent/device_info_interface/CMakeFiles/device_info_interface.dir/src/device_info_interface.c.o
2026-03-12T23:19:26.8533088Z [12/348] Building C object src/agent/pnp_helper/CMakeFiles/pnp_helper.dir/src/pnp_protocol.c.o
2026-03-12T23:19:27.3579619Z [13/348] Building CXX object src/adu-shell/CMakeFiles/adu-shell.dir/src/main.cpp.o
2026-03-12T23:19:27.4071146Z [14/348] Building C object src/agent/shutdown_service/CMakeFiles/shutdown_service.dir/src/shutdown_service.c.o
2026-03-12T23:19:27.4539863Z [15/348] Building CXX object src/agent/adu_core_export_helpers/tests/CMakeFiles/adu_core_export_helpers_unit_test.dir/adu_core_export_helpers_ut.cpp.o
2026-03-12T23:19:27.6871894Z [16/348] Building C object src/agent/api/CMakeFiles/apisvc.dir/src/apisvc.c.o
2026-03-12T23:19:28.0391340Z [17/348] Building CXX object src/agent/adu_core_interface/tests/health_management_tests/CMakeFiles/health_management_unit_test.dir/health_management_ut.cpp.o
2026-03-12T23:19:28.1451661Z [18/348] Building C object src/agent/command_helper/CMakeFiles/command_helper.dir/src/command_helper.c.o
2026-03-12T23:19:28.1834970Z [19/348] Building CXX object src/agent/adu_core_interface/tests/startup_msg_helper_tests/CMakeFiles/startup_msg_helper_unit_test.dir/startup_msg_helper_ut.cpp.o
2026-03-12T23:19:28.3524210Z [20/348] Building C object src/agent/command_helper/tests/CMakeFiles/command_helper_unit_test.dir/__/src/command_helper.c.o
2026-03-12T23:19:28.5346344Z [21/348] Building C object src/agent_orchestration/CMakeFiles/agent_orchestration.dir/src/agent_orchestration.c.o
2026-03-12T23:19:29.1585807Z [22/348] Building CXX object src/agent/shutdown_service/tests/CMakeFiles/shutdown_service_unit_tests.dir/shutdown_service_ut.cpp.o
2026-03-12T23:19:29.3842226Z [23/348] Building CXX object src/adu-shell/CMakeFiles/adu-shell.dir/src/adushell_action.cpp.o
2026-03-12T23:19:29.8373340Z [24/348] Building CXX object src/agent/adu_core_interface/tests/device_properties_tests/CMakeFiles/device_properties_unit_test.dir/device_properties_ut.cpp.o
2026-03-12T23:19:30.4315864Z [25/348] Building CXX object src/agent/command_helper/tests/CMakeFiles/command_helper_unit_test.dir/command_helper_ut.cpp.o
2026-03-12T23:19:30.4594321Z [26/348] Building CXX object src/agent/api/tests/CMakeFiles/apisvc_unit_tests.dir/apisvc_unit_tests.cpp.o
2026-03-12T23:19:30.8612592Z [27/348] Building CXX object src/agent_orchestration/tests/CMakeFiles/agent_orchestration_unit_test.dir/main.cpp.o
2026-03-12T23:19:31.2316755Z [28/348] Building CXX object src/adu-shell/CMakeFiles/adu-shell.dir/src/common_tasks.cpp.o
2026-03-12T23:19:31.7388274Z [29/348] Building CXX object src/adu-shell/CMakeFiles/adu-shell.dir/src/script_tasks.cpp.o
2026-03-12T23:19:31.7659379Z [30/348] Building CXX object src/agent/pnp_helper/tests/CMakeFiles/pnp_helper_unit_tests.dir/pnp_protocol_ut.cpp.o
2026-03-12T23:19:31.9485633Z [31/348] Building CXX object src/agent_orchestration/tests/CMakeFiles/agent_orchestration_unit_test.dir/agent_orchestration_ut.cpp.o
2026-03-12T23:19:31.9677847Z [32/348] Building CXX object src/adu-shell/CMakeFiles/adu-shell.dir/src/aptget_tasks.cpp.o
2026-03-12T23:19:32.0861492Z [33/348] Building C object src/adu_types/CMakeFiles/adu_types.dir/src/adu_types.c.o
2026-03-12T23:19:32.0933359Z [34/348] Building CXX object src/adu-shell/tests/CMakeFiles/adu_shell_unit_test.dir/__/src/adushell_action.cpp.o
2026-03-12T23:19:32.5709604Z [35/348] Building C object src/adu_workflow/CMakeFiles/agent_workflow.dir/src/agent_workflow.c.o
2026-03-12T23:19:33.0109492Z [36/348] Building CXX object src/adu-shell/tests/CMakeFiles/adu_shell_unit_test.dir/__/src/common_tasks.cpp.o
2026-03-12T23:19:33.5253947Z [37/348] Building CXX object src/adu-shell/tests/CMakeFiles/adu_shell_unit_test.dir/__/src/script_tasks.cpp.o
2026-03-12T23:19:33.5888468Z [38/348] Building CXX object src/adu-shell/tests/CMakeFiles/adu_shell_unit_test.dir/__/src/aptget_tasks.cpp.o
2026-03-12T23:19:33.7138190Z [39/348] Building C object src/communication_abstraction/CMakeFiles/communication_abstraction.dir/src/client_handle_helper.c.o
2026-03-12T23:19:34.0028339Z [40/348] Building C object src/communication_managers/iothub_communication_manager/CMakeFiles/iothub_communication_manager.dir/src/iothub_communication_manager.c.o
2026-03-12T23:19:34.1532245Z [41/348] Building CXX object src/adu-shell/tests/CMakeFiles/adu_shell_unit_test.dir/adushell_ut.cpp.o
2026-03-12T23:19:34.8440397Z [42/348] Building CXX object src/adu_types/tests/CMakeFiles/adu_types_unit_tests.dir/adu_types_ut.cpp.o
2026-03-12T23:19:35.0041923Z [43/348] Building CXX object src/diagnostics_component/diagnostics_async_helper/CMakeFiles/diagnostics_async_helper.dir/src/diagnostics_async_helper.cpp.o
2026-03-12T23:19:35.0143234Z [44/348] Building CXX object src/adu_workflow/tests/CMakeFiles/agent_workflow_unit_test.dir/main.cpp.o
2026-03-12T23:19:35.0493509Z [45/348] Building CXX object src/adu_workflow/tests/CMakeFiles/agent_workflow_unit_test.dir/agent_workflow_ut.cpp.o
2026-03-12T23:19:35.0495944Z FAILED: src/adu_workflow/tests/CMakeFiles/agent_workflow_unit_test.dir/agent_workflow_ut.cpp.o
2026-03-12T23:19:35.0509540Z /usr/bin/g++ -DADUC_ENABLE_CONSOLE_LOG=true -DADUC_ENABLE_FILE_LOG=true -DADUC_LOG_FOLDER=\"/var/log/adu\" -DADUC_TEST_DATA_FOLDER=\"/__w/iot-hub-device-update/iot-hub-device-update/.workspace/adu/testdata\" -DADUC_USE_ZLOGGING=1 -DARCHITECTURE_x86_64=1 -I/usr/local/lib/cmake/inc -I/usr/local/lib/cmake/pal/linux -I/__w/iot-hub-device-update/iot-hub-device-update/src/adu_workflow/tests/inc -I/__w/iot-hub-device-update/iot-hub-device-update/src/inc -I/__w/iot-hub-device-update/iot-hub-device-update/src/adu_types/inc -I/__w/iot-hub-device-update/iot-hub-device-update/src/sdk/inc -I/__w/iot-hub-device-update/iot-hub-device-update/src/adu_workflow/inc -I/__w/iot-hub-device-update/iot-hub-device-update/src/utils/c_utils/inc -I/__w/iot-hub-device-update/iot-hub-device-update/src/logging/inc -I/__w/iot-hub-device-update/iot-hub-device-update/src/logging/zlog/inc -I/__w/iot-hub-device-update/iot-hub-device-update/src/utils/config_utils/inc -I/__w/iot-hub-device-update/iot-hub-device-update/src/libaducpal/inc -I/__w/iot-hub-device-update/iot-hub-device-update/src/utils/test_utils/inc -I/__w/iot-hub-device-update/iot-hub-device-update/src/utils/workflow_utils/inc -I/__w/iot-hub-device-update/iot-hub-device-update/src/viewstatemgr/inc -I/__w/iot-hub-device-update/iot-hub-device-update/src/utils/workflow_data_utils/inc -I/__w/iot-hub-device-update/iot-hub-device-update/src/agent_orchestration/inc -isystem /usr/local/include/azureiot -Werror -D_FILE_OFFSET_BITS=64 -fPIE -D_FORTIFY_SOURCE=2 -fstack-protector-strong -Wformat -Werror=format-security -fno-rtti -Os -DNDEBUG -std=gnu++17 -MD -MT src/adu_workflow/tests/CMakeFiles/agent_workflow_unit_test.dir/agent_workflow_ut.cpp.o -MF src/adu_workflow/tests/CMakeFiles/agent_workflow_unit_test.dir/agent_workflow_ut.cpp.o.d -o src/adu_workflow/tests/CMakeFiles/agent_workflow_unit_test.dir/agent_workflow_ut.cpp.o -c /__w/iot-hub-device-update/iot-hub-device-update/src/adu_workflow/tests/agent_workflow_ut.cpp
2026-03-12T23:19:35.0532433Z /__w/iot-hub-device-update/iot-hub-device-update/src/adu_workflow/tests/agent_workflow_ut.cpp: In function 'void CATCH2_INTERNAL_TEST_103()':
2026-03-12T23:19:35.0534821Z /__w/iot-hub-device-update/iot-hub-device-update/src/adu_workflow/tests/agent_workflow_ut.cpp:1465:54: error: 'MockReportStateCallback_WithCounter' was not declared in this scope; did you mean 'MockRestoreCallback_WithCounter'?
2026-03-12T23:19:35.0536958Z  1465 |     workflowData.ReportStateAndResultAsyncCallback = MockReportStateCallback_WithCounter;
2026-03-12T23:19:35.0537937Z       |                                                      ^~~~~~~~~~~~~~~~~~~~~~~~~~~~~~~~~~~
2026-03-12T23:19:35.0538638Z       |                                                      MockRestoreCallback_WithCounter
2026-03-12T23:19:35.0539907Z /__w/iot-hub-device-update/iot-hub-device-update/src/adu_workflow/tests/agent_workflow_ut.cpp: In function 'void CATCH2_INTERNAL_TEST_106()':
2026-03-12T23:19:35.0542419Z /__w/iot-hub-device-update/iot-hub-device-update/src/adu_workflow/tests/agent_workflow_ut.cpp:1509:54: error: 'MockReportStateCallback_WithCounter' was not declared in this scope; did you mean 'MockRestoreCallback_WithCounter'?
2026-03-12T23:19:35.0544469Z  1509 |     workflowData.ReportStateAndResultAsyncCallback = MockReportStateCallback_WithCounter;
2026-03-12T23:19:35.0545410Z       |                                                      ^~~~~~~~~~~~~~~~~~~~~~~~~~~~~~~~~~~
2026-03-12T23:19:35.0546035Z       |                                                      MockRestoreCallback_WithCounter
2026-03-12T23:19:35.0547150Z /__w/iot-hub-device-update/iot-hub-device-update/src/adu_workflow/tests/agent_workflow_ut.cpp: In function 'void CATCH2_INTERNAL_TEST_109()':
2026-03-12T23:19:35.0549658Z /__w/iot-hub-device-update/iot-hub-device-update/src/adu_workflow/tests/agent_workflow_ut.cpp:1558:54: error: 'MockReportStateCallback_WithCounter' was not declared in this scope; did you mean 'MockRestoreCallback_WithCounter'?
2026-03-12T23:19:35.0551969Z  1558 |     workflowData.ReportStateAndResultAsyncCallback = MockReportStateCallback_WithCounter;
2026-03-12T23:19:35.0552949Z       |                                                      ^~~~~~~~~~~~~~~~~~~~~~~~~~~~~~~~~~~
2026-03-12T23:19:35.0553639Z       |                                                      MockRestoreCallback_WithCounter
2026-03-12T23:19:35.0554870Z /__w/iot-hub-device-update/iot-hub-device-update/src/adu_workflow/tests/agent_workflow_ut.cpp: In function 'void CATCH2_INTERNAL_TEST_112()':
2026-03-12T23:19:35.0557169Z /__w/iot-hub-device-update/iot-hub-device-update/src/adu_workflow/tests/agent_workflow_ut.cpp:1602:54: error: 'MockReportStateCallback_WithCounter' was not declared in this scope; did you mean 'MockRestoreCallback_WithCounter'?
2026-03-12T23:19:35.0559582Z  1602 |     workflowData.ReportStateAndResultAsyncCallback = MockReportStateCallback_WithCounter;
2026-03-12T23:19:35.0560781Z       |                                                      ^~~~~~~~~~~~~~~~~~~~~~~~~~~~~~~~~~~
2026-03-12T23:19:35.0561493Z       |                                                      MockRestoreCallback_WithCounter
2026-03-12T23:19:35.0562756Z /__w/iot-hub-device-update/iot-hub-device-update/src/adu_workflow/tests/agent_workflow_ut.cpp: In function 'void CATCH2_INTERNAL_TEST_115()':
2026-03-12T23:19:35.0565113Z /__w/iot-hub-device-update/iot-hub-device-update/src/adu_workflow/tests/agent_workflow_ut.cpp:1641:54: error: 'MockReportStateCallback_WithCounter' was not declared in this scope; did you mean 'MockRestoreCallback_WithCounter'?
2026-03-12T23:19:35.0567254Z  1641 |     workflowData.ReportStateAndResultAsyncCallback = MockReportStateCallback_WithCounter;
2026-03-12T23:19:35.0568258Z       |                                                      ^~~~~~~~~~~~~~~~~~~~~~~~~~~~~~~~~~~
2026-03-12T23:19:35.0568963Z       |                                                      MockRestoreCallback_WithCounter
2026-03-12T23:19:35.0570605Z /__w/iot-hub-device-update/iot-hub-device-update/src/adu_workflow/tests/agent_workflow_ut.cpp: In function 'void CATCH2_INTERNAL_TEST_118()':
2026-03-12T23:19:35.0572963Z /__w/iot-hub-device-update/iot-hub-device-update/src/adu_workflow/tests/agent_workflow_ut.cpp:1682:54: error: 'MockReportStateCallback_WithCounter' was not declared in this scope; did you mean 'MockRestoreCallback_WithCounter'?
2026-03-12T23:19:35.0575119Z  1682 |     workflowData.ReportStateAndResultAsyncCallback = MockReportStateCallback_WithCounter;
2026-03-12T23:19:35.0576003Z       |                                                      ^~~~~~~~~~~~~~~~~~~~~~~~~~~~~~~~~~~
2026-03-12T23:19:35.0576613Z       |                                                      MockRestoreCallback_WithCounter
2026-03-12T23:19:35.0577858Z /__w/iot-hub-device-update/iot-hub-device-update/src/adu_workflow/tests/agent_workflow_ut.cpp: In function 'void CATCH2_INTERNAL_TEST_121()':
2026-03-12T23:19:35.0580340Z /__w/iot-hub-device-update/iot-hub-device-update/src/adu_workflow/tests/agent_workflow_ut.cpp:1724:54: error: 'MockReportStateCallback_WithCounter' was not declared in this scope; did you mean 'MockRestoreCallback_WithCounter'?
2026-03-12T23:19:35.0582501Z  1724 |     workflowData.ReportStateAndResultAsyncCallback = MockReportStateCallback_WithCounter;
2026-03-12T23:19:35.0583479Z       |                                                      ^~~~~~~~~~~~~~~~~~~~~~~~~~~~~~~~~~~
2026-03-12T23:19:35.0584141Z       |                                                      MockRestoreCallback_WithCounter
2026-03-12T23:19:35.0585392Z /__w/iot-hub-device-update/iot-hub-device-update/src/adu_workflow/tests/agent_workflow_ut.cpp: In function 'void CATCH2_INTERNAL_TEST_124()':
2026-03-12T23:19:35.0587988Z /__w/iot-hub-device-update/iot-hub-device-update/src/adu_workflow/tests/agent_workflow_ut.cpp:1760:54: error: 'MockReportStateCallback_WithCounter' was not declared in this scope; did you mean 'MockRestoreCallback_WithCounter'?
2026-03-12T23:19:35.0590362Z  1760 |     workflowData.ReportStateAndResultAsyncCallback = MockReportStateCallback_WithCounter;
2026-03-12T23:19:35.0591351Z       |                                                      ^~~~~~~~~~~~~~~~~~~~~~~~~~~~~~~~~~~
2026-03-12T23:19:35.0592023Z       |                                                      MockRestoreCallback_WithCounter
2026-03-12T23:19:35.0593268Z /__w/iot-hub-device-update/iot-hub-device-update/src/adu_workflow/tests/agent_workflow_ut.cpp: In function 'void CATCH2_INTERNAL_TEST_127()':
2026-03-12T23:19:35.0595625Z /__w/iot-hub-device-update/iot-hub-device-update/src/adu_workflow/tests/agent_workflow_ut.cpp:1797:54: error: 'MockReportStateCallback_WithCounter' was not declared in this scope; did you mean 'MockRestoreCallback_WithCounter'?
2026-03-12T23:19:35.0597937Z  1797 |     workflowData.ReportStateAndResultAsyncCallback = MockReportStateCallback_WithCounter;
2026-03-12T23:19:35.0598924Z       |                                                      ^~~~~~~~~~~~~~~~~~~~~~~~~~~~~~~~~~~
2026-03-12T23:19:35.0599603Z       |                                                      MockRestoreCallback_WithCounter
2026-03-12T23:19:35.0601173Z /__w/iot-hub-device-update/iot-hub-device-update/src/adu_workflow/tests/agent_workflow_ut.cpp: In function 'void CATCH2_INTERNAL_TEST_130()':
2026-03-12T23:19:35.0603552Z /__w/iot-hub-device-update/iot-hub-device-update/src/adu_workflow/tests/agent_workflow_ut.cpp:1836:54: error: 'MockReportStateCallback_WithCounter' was not declared in this scope; did you mean 'MockRestoreCallback_WithCounter'?
2026-03-12T23:19:35.0605640Z  1836 |     workflowData.ReportStateAndResultAsyncCallback = MockReportStateCallback_WithCounter;
2026-03-12T23:19:35.0606612Z       |                                                      ^~~~~~~~~~~~~~~~~~~~~~~~~~~~~~~~~~~
2026-03-12T23:19:35.0607293Z       |                                                      MockRestoreCallback_WithCounter
2026-03-12T23:19:35.0608536Z /__w/iot-hub-device-update/iot-hub-device-update/src/adu_workflow/tests/agent_workflow_ut.cpp: In function 'void CATCH2_INTERNAL_TEST_133()':
2026-03-12T23:19:35.0611012Z /__w/iot-hub-device-update/iot-hub-device-update/src/adu_workflow/tests/agent_workflow_ut.cpp:1865:54: error: 'MockReportStateCallback_WithCounter' was not declared in this scope; did you mean 'MockRestoreCallback_WithCounter'?
2026-03-12T23:19:35.0613091Z  1865 |     workflowData.ReportStateAndResultAsyncCallback = MockReportStateCallback_WithCounter;
2026-03-12T23:19:35.0614088Z       |                                                      ^~~~~~~~~~~~~~~~~~~~~~~~~~~~~~~~~~~
2026-03-12T23:19:35.0614773Z       |                                                      MockRestoreCallback_WithCounter
2026-03-12T23:19:35.0616021Z /__w/iot-hub-device-update/iot-hub-device-update/src/adu_workflow/tests/agent_workflow_ut.cpp: In function 'void CATCH2_INTERNAL_TEST_136()':
2026-03-12T23:19:35.0618373Z /__w/iot-hub-device-update/iot-hub-device-update/src/adu_workflow/tests/agent_workflow_ut.cpp:1894:54: error: 'MockReportStateCallback_WithCounter' was not declared in this scope; did you mean 'MockRestoreCallback_WithCounter'?
2026-03-12T23:19:35.0620598Z  1894 |     workflowData.ReportStateAndResultAsyncCallback = MockReportStateCallback_WithCounter;
2026-03-12T23:19:35.0621506Z       |                                                      ^~~~~~~~~~~~~~~~~~~~~~~~~~~~~~~~~~~
2026-03-12T23:19:35.0622195Z       |                                                      MockRestoreCallback_WithCounter
2026-03-12T23:19:35.0623434Z /__w/iot-hub-device-update/iot-hub-device-update/src/adu_workflow/tests/agent_workflow_ut.cpp: In function 'void CATCH2_INTERNAL_TEST_139()':
2026-03-12T23:19:35.0625763Z /__w/iot-hub-device-update/iot-hub-device-update/src/adu_workflow/tests/agent_workflow_ut.cpp:1926:54: error: 'MockReportStateCallback_WithCounter' was not declared in this scope; did you mean 'MockRestoreCallback_WithCounter'?
2026-03-12T23:19:35.0628103Z  1926 |     workflowData.ReportStateAndResultAsyncCallback = MockReportStateCallback_WithCounter;
2026-03-12T23:19:35.0629124Z       |                                                      ^~~~~~~~~~~~~~~~~~~~~~~~~~~~~~~~~~~
2026-03-12T23:19:35.0629828Z       |                                                      MockRestoreCallback_WithCounter
2026-03-12T23:19:35.0631316Z /__w/iot-hub-device-update/iot-hub-device-update/src/adu_workflow/tests/agent_workflow_ut.cpp: In function 'void CATCH2_INTERNAL_TEST_142()':
2026-03-12T23:19:35.0633696Z /__w/iot-hub-device-update/iot-hub-device-update/src/adu_workflow/tests/agent_workflow_ut.cpp:1956:54: error: 'MockReportStateCallback_WithCounter' was not declared in this scope; did you mean 'MockRestoreCallback_WithCounter'?
2026-03-12T23:19:35.0636107Z  1956 |     workflowData.ReportStateAndResultAsyncCallback = MockReportStateCallback_WithCounter;
2026-03-12T23:19:35.0637099Z       |                                                      ^~~~~~~~~~~~~~~~~~~~~~~~~~~~~~~~~~~
2026-03-12T23:19:35.0637789Z       |                                                      MockRestoreCallback_WithCounter
2026-03-12T23:19:35.0639049Z /__w/iot-hub-device-update/iot-hub-device-update/src/adu_workflow/tests/agent_workflow_ut.cpp: In function 'void CATCH2_INTERNAL_TEST_145()':
2026-03-12T23:19:35.0641719Z /__w/iot-hub-device-update/iot-hub-device-update/src/adu_workflow/tests/agent_workflow_ut.cpp:1991:54: error: 'MockReportStateCallback_WithCounter' was not declared in this scope; did you mean 'MockRestoreCallback_WithCounter'?
2026-03-12T23:19:35.0643856Z  1991 |     workflowData.ReportStateAndResultAsyncCallback = MockReportStateCallback_WithCounter;
2026-03-12T23:19:35.0644828Z       |                                                      ^~~~~~~~~~~~~~~~~~~~~~~~~~~~~~~~~~~
2026-03-12T23:19:35.0645523Z       |                                                      MockRestoreCallback_WithCounter
2026-03-12T23:19:35.0646778Z /__w/iot-hub-device-update/iot-hub-device-update/src/adu_workflow/tests/agent_workflow_ut.cpp: In function 'void CATCH2_INTERNAL_TEST_148()':
2026-03-12T23:19:35.0649127Z /__w/iot-hub-device-update/iot-hub-device-update/src/adu_workflow/tests/agent_workflow_ut.cpp:2027:54: error: 'MockReportStateCallback_WithCounter' was not declared in this scope; did you mean 'MockRestoreCallback_WithCounter'?
2026-03-12T23:19:35.0671414Z  2027 |     workflowData.ReportStateAndResultAsyncCallback = MockReportStateCallback_WithCounter;
2026-03-12T23:19:35.0672390Z       |                                                      ^~~~~~~~~~~~~~~~~~~~~~~~~~~~~~~~~~~
2026-03-12T23:19:35.0673042Z       |                                                      MockRestoreCallback_WithCounter
2026-03-12T23:19:35.0674369Z /__w/iot-hub-device-update/iot-hub-device-update/src/adu_workflow/tests/agent_workflow_ut.cpp: In function 'void CATCH2_INTERNAL_TEST_151()':
2026-03-12T23:19:35.0676685Z /__w/iot-hub-device-update/iot-hub-device-update/src/adu_workflow/tests/agent_workflow_ut.cpp:2055:54: error: 'MockReportStateCallback_WithCounter' was not declared in this scope; did you mean 'MockRestoreCallback_WithCounter'?
2026-03-12T23:19:35.0678831Z  2055 |     workflowData.ReportStateAndResultAsyncCallback = MockReportStateCallback_WithCounter;
2026-03-12T23:19:35.0679794Z       |                                                      ^~~~~~~~~~~~~~~~~~~~~~~~~~~~~~~~~~~
2026-03-12T23:19:35.0680710Z       |                                                      MockRestoreCallback_WithCounter
2026-03-12T23:19:35.0681911Z /__w/iot-hub-device-update/iot-hub-device-update/src/adu_workflow/tests/agent_workflow_ut.cpp: In function 'void CATCH2_INTERNAL_TEST_154()':
2026-03-12T23:19:35.0684193Z /__w/iot-hub-device-update/iot-hub-device-update/src/adu_workflow/tests/agent_workflow_ut.cpp:2091:54: error: 'MockReportStateCallback_WithCounter' was not declared in this scope; did you mean 'MockRestoreCallback_WithCounter'?
2026-03-12T23:19:35.0686588Z  2091 |     workflowData.ReportStateAndResultAsyncCallback = MockReportStateCallback_WithCounter;
2026-03-12T23:19:35.0687603Z       |                                                      ^~~~~~~~~~~~~~~~~~~~~~~~~~~~~~~~~~~
2026-03-12T23:19:35.0688282Z       |                                                      MockRestoreCallback_WithCounter
2026-03-12T23:19:35.0689532Z /__w/iot-hub-device-update/iot-hub-device-update/src/adu_workflow/tests/agent_workflow_ut.cpp: In function 'void CATCH2_INTERNAL_TEST_157()':
2026-03-12T23:19:35.0692010Z /__w/iot-hub-device-update/iot-hub-device-update/src/adu_workflow/tests/agent_workflow_ut.cpp:2120:54: error: 'MockReportStateCallback_WithCounter' was not declared in this scope; did you mean 'MockRestoreCallback_WithCounter'?
2026-03-12T23:19:35.0694090Z  2120 |     workflowData.ReportStateAndResultAsyncCallback = MockReportStateCallback_WithCounter;
2026-03-12T23:19:35.0695366Z       |                                                      ^~~~~~~~~~~~~~~~~~~~~~~~~~~~~~~~~~~
2026-03-12T23:19:35.0696075Z       |                                                      MockRestoreCallback_WithCounter
2026-03-12T23:19:35.0697316Z /__w/iot-hub-device-update/iot-hub-device-update/src/adu_workflow/tests/agent_workflow_ut.cpp: In function 'void CATCH2_INTERNAL_TEST_160()':
2026-03-12T23:19:35.0699615Z /__w/iot-hub-device-update/iot-hub-device-update/src/adu_workflow/tests/agent_workflow_ut.cpp:2152:54: error: 'MockReportStateCallback_WithCounter' was not declared in this scope; did you mean 'MockRestoreCallback_WithCounter'?
2026-03-12T23:19:35.0701953Z  2152 |     workflowData.ReportStateAndResultAsyncCallback = MockReportStateCallback_WithCounter;
2026-03-12T23:19:35.0702944Z       |                                                      ^~~~~~~~~~~~~~~~~~~~~~~~~~~~~~~~~~~
2026-03-12T23:19:35.0703615Z       |                                                      MockRestoreCallback_WithCounter
2026-03-12T23:19:35.0704899Z /__w/iot-hub-device-update/iot-hub-device-update/src/adu_workflow/tests/agent_workflow_ut.cpp: In function 'void CATCH2_INTERNAL_TEST_163()':
2026-03-12T23:19:35.0707273Z /__w/iot-hub-device-update/iot-hub-device-update/src/adu_workflow/tests/agent_workflow_ut.cpp:2183:54: error: 'MockReportStateCallback_WithCounter' was not declared in this scope; did you mean 'MockRestoreCallback_WithCounter'?
2026-03-12T23:19:35.0709396Z  2183 |     workflowData.ReportStateAndResultAsyncCallback = MockReportStateCallback_WithCounter;
2026-03-12T23:19:35.0720591Z       |                                                      ^~~~~~~~~~~~~~~~~~~~~~~~~~~~~~~~~~~
2026-03-12T23:19:35.0721278Z       |                                                      MockRestoreCallback_WithCounter
2026-03-12T23:19:35.0722563Z /__w/iot-hub-device-update/iot-hub-device-update/src/adu_workflow/tests/agent_workflow_ut.cpp: In function 'void CATCH2_INTERNAL_TEST_175()':
2026-03-12T23:19:35.0724959Z /__w/iot-hub-device-update/iot-hub-device-update/src/adu_workflow/tests/agent_workflow_ut.cpp:2319:58: error: 'MockReportStateCallback_WithCounter' was not declared in this scope; did you mean 'MockRestoreCallback_WithCounter'?
2026-03-12T23:19:35.0727110Z  2319 |         workflowData.ReportStateAndResultAsyncCallback = MockReportStateCallback_WithCounter;
2026-03-12T23:19:35.0728112Z       |                                                          ^~~~~~~~~~~~~~~~~~~~~~~~~~~~~~~~~~~
2026-03-12T23:19:35.0728812Z       |                                                          MockRestoreCallback_WithCounter
2026-03-12T23:19:35.0730764Z /__w/iot-hub-device-update/iot-hub-device-update/src/adu_workflow/tests/agent_workflow_ut.cpp:2341:58: error: 'MockReportStateCallback_WithCounter' was not declared in this scope; did you mean 'MockRestoreCallback_WithCounter'?
2026-03-12T23:19:35.0732817Z  2341 |         workflowData.ReportStateAndResultAsyncCallback = MockReportStateCallback_WithCounter;
2026-03-12T23:19:35.0733788Z       |                                                          ^~~~~~~~~~~~~~~~~~~~~~~~~~~~~~~~~~~
2026-03-12T23:19:35.0734742Z       |                                                          MockRestoreCallback_WithCounter
2026-03-12T23:19:35.0736010Z /__w/iot-hub-device-update/iot-hub-device-update/src/adu_workflow/tests/agent_workflow_ut.cpp: In function 'void CATCH2_INTERNAL_TEST_179()':
2026-03-12T23:19:35.0738285Z /__w/iot-hub-device-update/iot-hub-device-update/src/adu_workflow/tests/agent_workflow_ut.cpp:2373:58: error: 'MockReportStateCallback_WithCounter' was not declared in this scope; did you mean 'MockRestoreCallback_WithCounter'?
2026-03-12T23:19:35.0740499Z  2373 |         workflowData.ReportStateAndResultAsyncCallback = MockReportStateCallback_WithCounter;
2026-03-12T23:19:35.0741468Z       |                                                          ^~~~~~~~~~~~~~~~~~~~~~~~~~~~~~~~~~~
2026-03-12T23:19:35.0742141Z       |                                                          MockRestoreCallback_WithCounter
2026-03-12T23:19:35.0744134Z /__w/iot-hub-device-update/iot-hub-device-update/src/adu_workflow/tests/agent_workflow_ut.cpp:2404:58: error: 'MockReportStateCallback_WithCounter' was not declared in this scope; did you mean 'MockRestoreCallback_WithCounter'?
2026-03-12T23:19:35.0746145Z  2404 |         workflowData.ReportStateAndResultAsyncCallback = MockReportStateCallback_WithCounter;
2026-03-12T23:19:35.0747134Z       |                                                          ^~~~~~~~~~~~~~~~~~~~~~~~~~~~~~~~~~~
2026-03-12T23:19:35.0747815Z       |                                                          MockRestoreCallback_WithCounter
2026-03-12T23:19:35.0749625Z /__w/iot-hub-device-update/iot-hub-device-update/src/adu_workflow/tests/agent_workflow_ut.cpp:2436:58: error: 'MockReportStateCallback_WithCounter' was not declared in this scope; did you mean 'MockRestoreCallback_WithCounter'?
2026-03-12T23:19:35.0772098Z  2436 |         workflowData.ReportStateAndResultAsyncCallback = MockReportStateCallback_WithCounter;
2026-03-12T23:19:35.0773158Z       |                                                          ^~~~~~~~~~~~~~~~~~~~~~~~~~~~~~~~~~~
2026-03-12T23:19:35.0773925Z       |                                                          MockRestoreCallback_WithCounter
2026-03-12T23:19:35.0775216Z /__w/iot-hub-device-update/iot-hub-device-update/src/adu_workflow/tests/agent_workflow_ut.cpp: In function 'void CATCH2_INTERNAL_TEST_191()':
2026-03-12T23:19:35.0777622Z /__w/iot-hub-device-update/iot-hub-device-update/src/adu_workflow/tests/agent_workflow_ut.cpp:2602:54: error: 'MockReportStateCallback_WithCounter' was not declared in this scope; did you mean 'MockRestoreCallback_WithCounter'?
2026-03-12T23:19:35.0779754Z  2602 |     workflowData.ReportStateAndResultAsyncCallback = MockReportStateCallback_WithCounter;
2026-03-12T23:19:35.0780881Z       |                                                      ^~~~~~~~~~~~~~~~~~~~~~~~~~~~~~~~~~~
2026-03-12T23:19:35.0781582Z       |                                                      MockRestoreCallback_WithCounter
2026-03-12T23:19:35.0782857Z /__w/iot-hub-device-update/iot-hub-device-update/src/adu_workflow/tests/agent_workflow_ut.cpp: In function 'void CATCH2_INTERNAL_TEST_194()':
2026-03-12T23:19:35.0785249Z /__w/iot-hub-device-update/iot-hub-device-update/src/adu_workflow/tests/agent_workflow_ut.cpp:2650:54: error: 'MockReportStateCallback_WithCounter' was not declared in this scope; did you mean 'MockRestoreCallback_WithCounter'?
2026-03-12T23:19:35.0787357Z  2650 |     workflowData.ReportStateAndResultAsyncCallback = MockReportStateCallback_WithCounter;
2026-03-12T23:19:35.0788321Z       |                                                      ^~~~~~~~~~~~~~~~~~~~~~~~~~~~~~~~~~~
2026-03-12T23:19:35.0788994Z       |                                                      MockRestoreCallback_WithCounter
2026-03-12T23:19:35.0790399Z /__w/iot-hub-device-update/iot-hub-device-update/src/adu_workflow/tests/agent_workflow_ut.cpp: In function 'void CATCH2_INTERNAL_TEST_197()':
2026-03-12T23:19:35.0793056Z /__w/iot-hub-device-update/iot-hub-device-update/src/adu_workflow/tests/agent_workflow_ut.cpp:2693:58: error: 'MockReportStateCallback_WithCounter' was not declared in this scope; did you mean 'MockRestoreCallback_WithCounter'?
2026-03-12T23:19:35.0795218Z  2693 |         workflowData.ReportStateAndResultAsyncCallback = MockReportStateCallback_WithCounter;
2026-03-12T23:19:35.0796197Z       |                                                          ^~~~~~~~~~~~~~~~~~~~~~~~~~~~~~~~~~~
2026-03-12T23:19:35.0796902Z       |                                                          MockRestoreCallback_WithCounter
2026-03-12T23:19:35.0798708Z /__w/iot-hub-device-update/iot-hub-device-update/src/adu_workflow/tests/agent_workflow_ut.cpp:2740:58: error: 'MockReportStateCallback_WithCounter' was not declared in this scope; did you mean 'MockRestoreCallback_WithCounter'?
2026-03-12T23:19:35.0811149Z  2740 |         workflowData.ReportStateAndResultAsyncCallback = MockReportStateCallback_WithCounter;
2026-03-12T23:19:35.0812430Z       |                                                          ^~~~~~~~~~~~~~~~~~~~~~~~~~~~~~~~~~~
2026-03-12T23:19:35.0813124Z       |                                                          MockRestoreCallback_WithCounter
2026-03-12T23:19:35.0814902Z /__w/iot-hub-device-update/iot-hub-device-update/src/adu_workflow/tests/agent_workflow_ut.cpp:2769:58: error: 'MockReportStateCallback_WithCounter' was not declared in this scope; did you mean 'MockRestoreCallback_WithCounter'?
2026-03-12T23:19:35.0816998Z  2769 |         workflowData.ReportStateAndResultAsyncCallback = MockReportStateCallback_WithCounter;
2026-03-12T23:19:35.0817994Z       |                                                          ^~~~~~~~~~~~~~~~~~~~~~~~~~~~~~~~~~~
2026-03-12T23:19:35.0818730Z       |                                                          MockRestoreCallback_WithCounter
2026-03-12T23:19:35.0820204Z /__w/iot-hub-device-update/iot-hub-device-update/src/adu_workflow/tests/agent_workflow_ut.cpp: In function 'void CATCH2_INTERNAL_TEST_219()':
2026-03-12T23:19:35.0822602Z /__w/iot-hub-device-update/iot-hub-device-update/src/adu_workflow/tests/agent_workflow_ut.cpp:2997:58: error: 'MockReportStateCallback_WithCounter' was not declared in this scope; did you mean 'MockRestoreCallback_WithCounter'?
2026-03-12T23:19:35.0824732Z  2997 |         workflowData.ReportStateAndResultAsyncCallback = MockReportStateCallback_WithCounter;
2026-03-12T23:19:35.0825742Z       |                                                          ^~~~~~~~~~~~~~~~~~~~~~~~~~~~~~~~~~~
2026-03-12T23:19:35.0826438Z       |                                                          MockRestoreCallback_WithCounter
2026-03-12T23:19:35.0828282Z /__w/iot-hub-device-update/iot-hub-device-update/src/adu_workflow/tests/agent_workflow_ut.cpp:3024:58: error: 'MockReportStateCallback_WithCounter' was not declared in this scope; did you mean 'MockRestoreCallback_WithCounter'?
2026-03-12T23:19:35.0830573Z  3024 |         workflowData.ReportStateAndResultAsyncCallback = MockReportStateCallback_WithCounter;
2026-03-12T23:19:35.0831585Z       |                                                          ^~~~~~~~~~~~~~~~~~~~~~~~~~~~~~~~~~~
2026-03-12T23:19:35.0832290Z       |                                                          MockRestoreCallback_WithCounter
2026-03-12T23:19:35.0834108Z /__w/iot-hub-device-update/iot-hub-device-update/src/adu_workflow/tests/agent_workflow_ut.cpp:3054:58: error: 'MockReportStateCallback_WithCounter' was not declared in this scope; did you mean 'MockRestoreCallback_WithCounter'?
2026-03-12T23:19:35.0836221Z  3054 |         workflowData.ReportStateAndResultAsyncCallback = MockReportStateCallback_WithCounter;
2026-03-12T23:19:35.0837211Z       |                                                          ^~~~~~~~~~~~~~~~~~~~~~~~~~~~~~~~~~~
2026-03-12T23:19:35.0837900Z       |                                                          MockRestoreCallback_WithCounter
2026-03-12T23:19:35.0838723Z In file included from /usr/local/include/catch2/catch_test_macros.hpp:15,
2026-03-12T23:19:35.0839565Z                  from /usr/local/include/catch2/catch_template_test_macros.hpp:20,
2026-03-12T23:19:35.0860889Z                  from /usr/local/include/catch2/catch_all.hpp:37,
2026-03-12T23:19:35.0861846Z                  from /__w/iot-hub-device-update/iot-hub-device-update/src/adu_workflow/tests/agent_workflow_ut.cpp:24:
2026-03-12T23:19:35.0863395Z /__w/iot-hub-device-update/iot-hub-device-update/src/adu_workflow/tests/agent_workflow_ut.cpp: In function 'void CATCH2_INTERNAL_TEST_224()':
2026-03-12T23:19:35.0865321Z /__w/iot-hub-device-update/iot-hub-device-update/src/adu_workflow/tests/agent_workflow_ut.cpp:3138:1: error: cannot declare static function inside another function
2026-03-12T23:19:35.0866623Z  3138 | TEST_CASE("State transition edge cases")
2026-03-12T23:19:35.0867114Z       | ^~~~~~~~~
2026-03-12T23:19:35.0868124Z /__w/iot-hub-device-update/iot-hub-device-update/src/adu_workflow/tests/agent_workflow_ut.cpp:3138:1: error: expected identifier before '{' token
2026-03-12T23:19:35.0869575Z  3138 | TEST_CASE("State transition edge cases")
2026-03-12T23:19:35.0870254Z       | ^~~~~~~~~
2026-03-12T23:19:35.0871398Z /__w/iot-hub-device-update/iot-hub-device-update/src/adu_workflow/tests/agent_workflow_ut.cpp:3139:1: error: a function-definition is not allowed here before '{' token
2026-03-12T23:19:35.0872613Z  3139 | {
2026-03-12T23:19:35.0872902Z       | ^
2026-03-12T23:19:35.0873403Z In file included from /usr/local/include/catch2/catch_test_macros.hpp:15,
2026-03-12T23:19:35.0874271Z                  from /usr/local/include/catch2/catch_template_test_macros.hpp:20,
2026-03-12T23:19:35.0875017Z                  from /usr/local/include/catch2/catch_all.hpp:37,
2026-03-12T23:19:35.0876005Z                  from /__w/iot-hub-device-update/iot-hub-device-update/src/adu_workflow/tests/agent_workflow_ut.cpp:24:
2026-03-12T23:19:35.0877649Z /__w/iot-hub-device-update/iot-hub-device-update/src/adu_workflow/tests/agent_workflow_ut.cpp:3206:1: error: cannot declare static function inside another function
2026-03-12T23:19:35.0878997Z  3206 | TEST_CASE("WorkflowHandlerMapEntry coverage")
2026-03-12T23:19:35.0879524Z       | ^~~~~~~~~
2026-03-12T23:19:35.0880758Z /__w/iot-hub-device-update/iot-hub-device-update/src/adu_workflow/tests/agent_workflow_ut.cpp:3206:1: error: expected identifier before '{' token
2026-03-12T23:19:35.0882010Z  3206 | TEST_CASE("WorkflowHandlerMapEntry coverage")
2026-03-12T23:19:35.0882524Z       | ^~~~~~~~~
2026-03-12T23:19:35.0883677Z /__w/iot-hub-device-update/iot-hub-device-update/src/adu_workflow/tests/agent_workflow_ut.cpp:3207:1: error: a function-definition is not allowed here before '{' token
2026-03-12T23:19:35.0884937Z  3207 | {
2026-03-12T23:19:35.0885227Z       | ^
2026-03-12T23:19:35.0885743Z In file included from /usr/local/include/catch2/catch_test_macros.hpp:15,
2026-03-12T23:19:35.0886581Z                  from /usr/local/include/catch2/catch_template_test_macros.hpp:20,
2026-03-12T23:19:35.0887330Z                  from /usr/local/include/catch2/catch_all.hpp:37,
2026-03-12T23:19:35.0888323Z                  from /__w/iot-hub-device-update/iot-hub-device-update/src/adu_workflow/tests/agent_workflow_ut.cpp:24:
2026-03-12T23:19:35.0900216Z /__w/iot-hub-device-update/iot-hub-device-update/src/adu_workflow/tests/agent_workflow_ut.cpp:3268:1: error: cannot declare static function inside another function
2026-03-12T23:19:35.0901584Z  3268 | TEST_CASE("Edge cases for agent_workflow")
2026-03-12T23:19:35.0902079Z       | ^~~~~~~~~
2026-03-12T23:19:35.0903100Z /__w/iot-hub-device-update/iot-hub-device-update/src/adu_workflow/tests/agent_workflow_ut.cpp:3268:1: error: expected identifier before '{' token
2026-03-12T23:19:35.0904307Z  3268 | TEST_CASE("Edge cases for agent_workflow")
2026-03-12T23:19:35.0904793Z       | ^~~~~~~~~
2026-03-12T23:19:35.0905953Z /__w/iot-hub-device-update/iot-hub-device-update/src/adu_workflow/tests/agent_workflow_ut.cpp:3269:1: error: a function-definition is not allowed here before '{' token
2026-03-12T23:19:35.0907235Z  3269 | {
2026-03-12T23:19:35.0907515Z       | ^
2026-03-12T23:19:35.0908234Z In file included from /usr/local/include/catch2/catch_test_macros.hpp:15,
2026-03-12T23:19:35.0909089Z                  from /usr/local/include/catch2/catch_template_test_macros.hpp:20,
2026-03-12T23:19:35.0909839Z                  from /usr/local/include/catch2/catch_all.hpp:37,
2026-03-12T23:19:35.0910950Z                  from /__w/iot-hub-device-update/iot-hub-device-update/src/adu_workflow/tests/agent_workflow_ut.cpp:24:
2026-03-12T23:19:35.0912702Z /__w/iot-hub-device-update/iot-hub-device-update/src/adu_workflow/tests/agent_workflow_ut.cpp:3305:1: error: cannot declare static function inside another function
2026-03-12T23:19:35.0914147Z  3305 | TEST_CASE("Full workflow with Install failure and Restore")
2026-03-12T23:19:35.0914753Z       | ^~~~~~~~~
2026-03-12T23:19:35.0915802Z /__w/iot-hub-device-update/iot-hub-device-update/src/adu_workflow/tests/agent_workflow_ut.cpp:3305:1: error: expected identifier before '{' token
2026-03-12T23:19:35.0917405Z  3305 | TEST_CASE("Full workflow with Install failure and Restore")
2026-03-12T23:19:35.0918076Z       | ^~~~~~~~~
2026-03-12T23:19:35.0919298Z /__w/iot-hub-device-update/iot-hub-device-update/src/adu_workflow/tests/agent_workflow_ut.cpp:3306:1: error: a function-definition is not allowed here before '{' token
2026-03-12T23:19:35.0920774Z  3306 | {
2026-03-12T23:19:35.0921077Z       | ^
2026-03-12T23:19:35.0921595Z In file included from /usr/local/include/catch2/catch_test_macros.hpp:15,
2026-03-12T23:19:35.0922475Z                  from /usr/local/include/catch2/catch_template_test_macros.hpp:20,
2026-03-12T23:19:35.0923223Z                  from /usr/local/include/catch2/catch_all.hpp:37,
2026-03-12T23:19:35.0924179Z                  from /__w/iot-hub-device-update/iot-hub-device-update/src/adu_workflow/tests/agent_workflow_ut.cpp:24:
2026-03-12T23:19:35.0925872Z /__w/iot-hub-device-update/iot-hub-device-update/src/adu_workflow/tests/agent_workflow_ut.cpp:3336:1: error: cannot declare static function inside another function
2026-03-12T23:19:35.0927229Z  3336 | TEST_CASE("Full workflow with backup failure")
2026-03-12T23:19:35.0927767Z       | ^~~~~~~~~
2026-03-12T23:19:35.0928794Z /__w/iot-hub-device-update/iot-hub-device-update/src/adu_workflow/tests/agent_workflow_ut.cpp:3336:1: error: expected identifier before '{' token
2026-03-12T23:19:35.0950324Z  3336 | TEST_CASE("Full workflow with backup failure")
2026-03-12T23:19:35.0950884Z       | ^~~~~~~~~
2026-03-12T23:19:35.0951981Z /__w/iot-hub-device-update/iot-hub-device-update/src/adu_workflow/tests/agent_workflow_ut.cpp:3337:1: error: a function-definition is not allowed here before '{' token
2026-03-12T23:19:35.0953206Z  3337 | {
2026-03-12T23:19:35.0953488Z       | ^
2026-03-12T23:19:35.0953983Z In file included from /usr/local/include/catch2/catch_test_macros.hpp:15,
2026-03-12T23:19:35.0954811Z                  from /usr/local/include/catch2/catch_template_test_macros.hpp:20,
2026-03-12T23:19:35.0955567Z                  from /usr/local/include/catch2/catch_all.hpp:37,
2026-03-12T23:19:35.0956556Z                  from /__w/iot-hub-device-update/iot-hub-device-update/src/adu_workflow/tests/agent_workflow_ut.cpp:24:
2026-03-12T23:19:35.0958255Z /__w/iot-hub-device-update/iot-hub-device-update/src/adu_workflow/tests/agent_workflow_ut.cpp:3366:1: error: cannot declare static function inside another function
2026-03-12T23:19:35.0959603Z  3366 | TEST_CASE("Full workflow with download failure")
2026-03-12T23:19:35.0960312Z       | ^~~~~~~~~
2026-03-12T23:19:35.0961359Z /__w/iot-hub-device-update/iot-hub-device-update/src/adu_workflow/tests/agent_workflow_ut.cpp:3366:1: error: expected identifier before '{' token
2026-03-12T23:19:35.0962577Z  3366 | TEST_CASE("Full workflow with download failure")
2026-03-12T23:19:35.0963086Z       | ^~~~~~~~~
2026-03-12T23:19:35.0964241Z /__w/iot-hub-device-update/iot-hub-device-update/src/adu_workflow/tests/agent_workflow_ut.cpp:3367:1: error: a function-definition is not allowed here before '{' token
2026-03-12T23:19:35.0965537Z  3367 | {
2026-03-12T23:19:35.0965833Z       | ^
2026-03-12T23:19:35.0966561Z In file included from /usr/local/include/catch2/catch_test_macros.hpp:15,
2026-03-12T23:19:35.0967409Z                  from /usr/local/include/catch2/catch_template_test_macros.hpp:20,
2026-03-12T23:19:35.0968129Z                  from /usr/local/include/catch2/catch_all.hpp:37,
2026-03-12T23:19:35.0969113Z                  from /__w/iot-hub-device-update/iot-hub-device-update/src/adu_workflow/tests/agent_workflow_ut.cpp:24:
2026-03-12T23:19:35.0971053Z /__w/iot-hub-device-update/iot-hub-device-update/src/adu_workflow/tests/agent_workflow_ut.cpp:3396:1: error: cannot declare static function inside another function
2026-03-12T23:19:35.0972454Z  3396 | TEST_CASE("Full workflow with Apply failure triggers Restore")
2026-03-12T23:19:35.0973057Z       | ^~~~~~~~~
2026-03-12T23:19:35.0974133Z /__w/iot-hub-device-update/iot-hub-device-update/src/adu_workflow/tests/agent_workflow_ut.cpp:3396:1: error: expected identifier before '{' token
2026-03-12T23:19:35.0975781Z  3396 | TEST_CASE("Full workflow with Apply failure triggers Restore")
2026-03-12T23:19:35.0976429Z       | ^~~~~~~~~
2026-03-12T23:19:35.0977604Z /__w/iot-hub-device-update/iot-hub-device-update/src/adu_workflow/tests/agent_workflow_ut.cpp:3397:1: error: a function-definition is not allowed here before '{' token
2026-03-12T23:19:35.0978886Z  3397 | {
2026-03-12T23:19:35.0979186Z       | ^
2026-03-12T23:19:35.0990437Z /__w/iot-hub-device-update/iot-hub-device-update/src/adu_workflow/tests/agent_workflow_ut.cpp:3426:1: error: expected '}' at end of input
2026-03-12T23:19:35.0991601Z  3426 | }
2026-03-12T23:19:35.0991916Z       | ^
2026-03-12T23:19:35.0992814Z /__w/iot-hub-device-update/iot-hub-device-update/src/adu_workflow/tests/agent_workflow_ut.cpp:3075:1: note: to match this '{'
2026-03-12T23:19:35.0993895Z  3075 | {
2026-03-12T23:19:35.0994198Z       | ^
2026-03-12T23:19:35.0994727Z In file included from /usr/local/include/catch2/catch_test_macros.hpp:15,
2026-03-12T23:19:35.0995604Z                  from /usr/local/include/catch2/catch_template_test_macros.hpp:20,
2026-03-12T23:19:35.0996390Z                  from /usr/local/include/catch2/catch_all.hpp:37,
2026-03-12T23:19:35.0997452Z                  from /__w/iot-hub-device-update/iot-hub-device-update/src/adu_workflow/tests/agent_workflow_ut.cpp:24:
2026-03-12T23:19:35.0998896Z /__w/iot-hub-device-update/iot-hub-device-update/src/adu_workflow/tests/agent_workflow_ut.cpp: At global scope:
2026-03-12T23:19:35.1001005Z /__w/iot-hub-device-update/iot-hub-device-update/src/adu_workflow/tests/agent_workflow_ut.cpp:3396:1: error: 'void CATCH2_INTERNAL_TEST_251()' used but never defined [-Werror]
2026-03-12T23:19:35.1002531Z  3396 | TEST_CASE("Full workflow with Apply failure triggers Restore")
2026-03-12T23:19:35.1003124Z       | ^~~~~~~~~
2026-03-12T23:19:35.1004301Z /__w/iot-hub-device-update/iot-hub-device-update/src/adu_workflow/tests/agent_workflow_ut.cpp:3366:1: error: 'void CATCH2_INTERNAL_TEST_248()' used but never defined [-Werror]
2026-03-12T23:19:35.1005716Z  3366 | TEST_CASE("Full workflow with download failure")
2026-03-12T23:19:35.1006223Z       | ^~~~~~~~~
2026-03-12T23:19:35.1007407Z /__w/iot-hub-device-update/iot-hub-device-update/src/adu_workflow/tests/agent_workflow_ut.cpp:3336:1: error: 'void CATCH2_INTERNAL_TEST_245()' used but never defined [-Werror]
2026-03-12T23:19:35.1008788Z  3336 | TEST_CASE("Full workflow with backup failure")
2026-03-12T23:19:35.1009297Z       | ^~~~~~~~~
2026-03-12T23:19:35.1010758Z /__w/iot-hub-device-update/iot-hub-device-update/src/adu_workflow/tests/agent_workflow_ut.cpp:3305:1: error: 'void CATCH2_INTERNAL_TEST_242()' used but never defined [-Werror]
2026-03-12T23:19:35.1012210Z  3305 | TEST_CASE("Full workflow with Install failure and Restore")
2026-03-12T23:19:35.1012798Z       | ^~~~~~~~~
2026-03-12T23:19:35.1013971Z /__w/iot-hub-device-update/iot-hub-device-update/src/adu_workflow/tests/agent_workflow_ut.cpp:3268:1: error: 'void CATCH2_INTERNAL_TEST_238()' used but never defined [-Werror]
2026-03-12T23:19:35.1015348Z  3268 | TEST_CASE("Edge cases for agent_workflow")
2026-03-12T23:19:35.1016056Z       | ^~~~~~~~~
2026-03-12T23:19:35.1017281Z /__w/iot-hub-device-update/iot-hub-device-update/src/adu_workflow/tests/agent_workflow_ut.cpp:3206:1: error: 'void CATCH2_INTERNAL_TEST_235()' used but never defined [-Werror]
2026-03-12T23:19:35.1018708Z  3206 | TEST_CASE("WorkflowHandlerMapEntry coverage")
2026-03-12T23:19:35.1019223Z       | ^~~~~~~~~
2026-03-12T23:19:35.1040797Z /__w/iot-hub-device-update/iot-hub-device-update/src/adu_workflow/tests/agent_workflow_ut.cpp:3138:1: error: 'void CATCH2_INTERNAL_TEST_231()' used but never defined [-Werror]
2026-03-12T23:19:35.1042129Z  3138 | TEST_CASE("State transition edge cases")
2026-03-12T23:19:35.1042588Z       | ^~~~~~~~~
2026-03-12T23:19:35.1042948Z cc1plus: all warnings being treated as errors
2026-03-12T23:19:35.1388802Z [46/348] Building C object src/diagnostics_component/diagnostics_devicename/CMakeFiles/diagnostics_devicename.dir/src/diagnostics_devicename.c.o
2026-03-12T23:19:35.4916149Z [47/348] Building CXX object src/communication_abstraction/tests/CMakeFiles/communication_abstraction_unit_tests.dir/client_handle_helper_ut.cpp.o
2026-03-12T23:19:36.0313520Z [48/348] Building CXX object src/diagnostics_component/diagnostics_async_helper/tests/CMakeFiles/diagnostics_async_helper_ut.dir/diagnostics_async_helper_ut.cpp.o
2026-03-12T23:19:36.2032069Z [49/348] Building CXX object src/diagnostics_component/diagnostics_devicename/tests/CMakeFiles/diagnostics_devicename_ut.dir/diagnostics_devicename_ut.cpp.o
2026-03-12T23:19:36.2035259Z FAILED: src/diagnostics_component/diagnostics_devicename/tests/CMakeFiles/diagnostics_devicename_ut.dir/diagnostics_devicename_ut.cpp.o
2026-03-12T23:19:36.2044955Z /usr/bin/g++ -DADUC_ENABLE_CONSOLE_LOG=true -DADUC_ENABLE_FILE_LOG=true -DADUC_LOG_FOLDER=\"/var/log/adu\" -DARCHITECTURE_x86_64=1 -I/usr/local/lib/cmake/inc -I/usr/local/lib/cmake/pal/linux -I/__w/iot-hub-device-update/iot-hub-device-update/src/diagnostics_component/diagnostics_devicename/inc -I/__w/iot-hub-device-update/iot-hub-device-update/src/utils/c_utils/inc -I/__w/iot-hub-device-update/iot-hub-device-update/src/inc -I/__w/iot-hub-device-update/iot-hub-device-update/src/adu_types/inc -I/__w/iot-hub-device-update/iot-hub-device-update/src/sdk/inc -isystem /usr/local/include/azureiot -Werror -D_FILE_OFFSET_BITS=64 -fPIE -D_FORTIFY_SOURCE=2 -fstack-protector-strong -Wformat -Werror=format-security -fno-rtti -Os -DNDEBUG -std=gnu++17 -MD -MT src/diagnostics_component/diagnostics_devicename/tests/CMakeFiles/diagnostics_devicename_ut.dir/diagnostics_devicename_ut.cpp.o -MF src/diagnostics_component/diagnostics_devicename/tests/CMakeFiles/diagnostics_devicename_ut.dir/diagnostics_devicename_ut.cpp.o.d -o src/diagnostics_component/diagnostics_devicename/tests/CMakeFiles/diagnostics_devicename_ut.dir/diagnostics_devicename_ut.cpp.o -c /__w/iot-hub-device-update/iot-hub-device-update/src/diagnostics_component/diagnostics_devicename/tests/diagnostics_devicename_ut.cpp
2026-03-12T23:19:36.2055222Z /__w/iot-hub-device-update/iot-hub-device-update/src/diagnostics_component/diagnostics_devicename/tests/diagnostics_devicename_ut.cpp:623:1: error: expected '}' at end of input
2026-03-12T23:19:36.2056601Z   623 | }
2026-03-12T23:19:36.2056856Z       | ^
2026-03-12T23:19:36.2058000Z /__w/iot-hub-device-update/iot-hub-device-update/src/diagnostics_component/diagnostics_devicename/tests/diagnostics_devicename_ut.cpp:21:1: note: to match this '{'
2026-03-12T23:19:36.2059252Z    21 | {
2026-03-12T23:19:36.2059500Z       | ^
2026-03-12T23:19:36.2061258Z /__w/iot-hub-device-update/iot-hub-device-update/src/diagnostics_component/diagnostics_devicename/tests/diagnostics_devicename_ut.cpp: In destructor 'DiagnosticsDeviceNameTestHelper::~DiagnosticsDeviceNameTestHelper()':
2026-03-12T23:19:36.2063955Z /__w/iot-hub-device-update/iot-hub-device-update/src/diagnostics_component/diagnostics_devicename/tests/diagnostics_devicename_ut.cpp:35:8: error: expected unqualified-id before string constant
2026-03-12T23:19:36.2065446Z    35 | extern "C"
2026-03-12T23:19:36.2066017Z       |        ^~~
2026-03-12T23:19:36.2068147Z /__w/iot-hub-device-update/iot-hub-device-update/src/diagnostics_component/diagnostics_devicename/tests/diagnostics_devicename_ut.cpp: In constructor 'DiagnosticsDeviceNameTestHelper::~DiagnosticsDeviceNameTestHelper()::DiagnosticsDeviceNameTestHelper::DiagnosticsDeviceNameTestHelper()':
2026-03-12T23:19:36.2071413Z /__w/iot-hub-device-update/iot-hub-device-update/src/diagnostics_component/diagnostics_devicename/tests/diagnostics_devicename_ut.cpp:89:9: error: 'g_fail_STRING_new' was not declared in this scope
2026-03-12T23:19:36.2072288Z    89 |         g_fail_STRING_new = false;
2026-03-12T23:19:36.2072549Z       |         ^~~~~~~~~~~~~~~~~
2026-03-12T23:19:36.2073530Z /__w/iot-hub-device-update/iot-hub-device-update/src/diagnostics_component/diagnostics_devicename/tests/diagnostics_devicename_ut.cpp:90:9: error: 'g_fail_STRING_sprintf' was not declared in this scope; did you mean 'STRING_sprintf'?
2026-03-12T23:19:36.2074787Z    90 |         g_fail_STRING_sprintf = false;
2026-03-12T23:19:36.2075057Z       |         ^~~~~~~~~~~~~~~~~~~~~
2026-03-12T23:19:36.2075287Z       |         STRING_sprintf
2026-03-12T23:19:36.2076133Z /__w/iot-hub-device-update/iot-hub-device-update/src/diagnostics_component/diagnostics_devicename/tests/diagnostics_devicename_ut.cpp:91:9: error: 'g_fail_mallocAndStrcpy_s' was not declared in this scope
2026-03-12T23:19:36.2077033Z    91 |         g_fail_mallocAndStrcpy_s = false;
2026-03-12T23:19:36.2077302Z       |         ^~~~~~~~~~~~~~~~~~~~~~~~
2026-03-12T23:19:36.2078590Z /__w/iot-hub-device-update/iot-hub-device-update/src/diagnostics_component/diagnostics_devicename/tests/diagnostics_devicename_ut.cpp: In destructor 'DiagnosticsDeviceNameTestHelper::~DiagnosticsDeviceNameTestHelper()::DiagnosticsDeviceNameTestHelper::~DiagnosticsDeviceNameTestHelper()':
2026-03-12T23:19:36.2080736Z /__w/iot-hub-device-update/iot-hub-device-update/src/diagnostics_component/diagnostics_devicename/tests/diagnostics_devicename_ut.cpp:96:9: error: 'g_fail_STRING_new' was not declared in this scope
2026-03-12T23:19:36.2081617Z    96 |         g_fail_STRING_new = false;
2026-03-12T23:19:36.2081861Z       |         ^~~~~~~~~~~~~~~~~
2026-03-12T23:19:36.2082810Z /__w/iot-hub-device-update/iot-hub-device-update/src/diagnostics_component/diagnostics_devicename/tests/diagnostics_devicename_ut.cpp:97:9: error: 'g_fail_STRING_sprintf' was not declared in this scope; did you mean 'STRING_sprintf'?
2026-03-12T23:19:36.2083774Z    97 |         g_fail_STRING_sprintf = false;
2026-03-12T23:19:36.2084016Z       |         ^~~~~~~~~~~~~~~~~~~~~
2026-03-12T23:19:36.2084256Z       |         STRING_sprintf
2026-03-12T23:19:36.2085024Z /__w/iot-hub-device-update/iot-hub-device-update/src/diagnostics_component/diagnostics_devicename/tests/diagnostics_devicename_ut.cpp:98:9: error: 'g_fail_mallocAndStrcpy_s' was not declared in this scope
2026-03-12T23:19:36.2085841Z    98 |         g_fail_mallocAndStrcpy_s = false;
2026-03-12T23:19:36.2086082Z       |         ^~~~~~~~~~~~~~~~~~~~~~~~
2026-03-12T23:19:36.2086406Z In file included from /usr/local/include/catch2/catch_test_macros.hpp:15,
2026-03-12T23:19:36.2086842Z                  from /usr/local/include/catch2/catch_template_test_macros.hpp:20,
2026-03-12T23:19:36.2087228Z                  from /usr/local/include/catch2/catch_all.hpp:37,
2026-03-12T23:19:36.2087894Z                  from /__w/iot-hub-device-update/iot-hub-device-update/src/diagnostics_component/diagnostics_devicename/tests/diagnostics_devicename_ut.cpp:12:
2026-03-12T23:19:36.2089167Z /__w/iot-hub-device-update/iot-hub-device-update/src/diagnostics_component/diagnostics_devicename/tests/diagnostics_devicename_ut.cpp: In destructor 'DiagnosticsDeviceNameTestHelper::~DiagnosticsDeviceNameTestHelper()':
2026-03-12T23:19:36.2090856Z /__w/iot-hub-device-update/iot-hub-device-update/src/diagnostics_component/diagnostics_devicename/tests/diagnostics_devicename_ut.cpp:107:1: error: cannot declare static function inside another function
2026-03-12T23:19:36.2091859Z   107 | TEST_CASE("DiagnosticsComponent_SetDeviceName")
2026-03-12T23:19:36.2092146Z       | ^~~~~~~~~
2026-03-12T23:19:36.2092818Z /__w/iot-hub-device-update/iot-hub-device-update/src/diagnostics_component/diagnostics_devicename/tests/diagnostics_devicename_ut.cpp:107:1: error: expected identifier before '{' token
2026-03-12T23:19:36.2093598Z   107 | TEST_CASE("DiagnosticsComponent_SetDeviceName")
2026-03-12T23:19:36.2093860Z       | ^~~~~~~~~
2026-03-12T23:19:36.2094592Z /__w/iot-hub-device-update/iot-hub-device-update/src/diagnostics_component/diagnostics_devicename/tests/diagnostics_devicename_ut.cpp:108:1: error: a function-definition is not allowed here before '{' token
2026-03-12T23:19:36.2095382Z   108 | {
2026-03-12T23:19:36.2095525Z       | ^
2026-03-12T23:19:36.2095774Z In file included from /usr/local/include/catch2/catch_test_macros.hpp:15,
2026-03-12T23:19:36.2096320Z                  from /usr/local/include/catch2/catch_template_test_macros.hpp:20,
2026-03-12T23:19:36.2096702Z                  from /usr/local/include/catch2/catch_all.hpp:37,
2026-03-12T23:19:36.2097362Z                  from /__w/iot-hub-device-update/iot-hub-device-update/src/diagnostics_component/diagnostics_devicename/tests/diagnostics_devicename_ut.cpp:12:
2026-03-12T23:19:36.2098526Z /__w/iot-hub-device-update/iot-hub-device-update/src/diagnostics_component/diagnostics_devicename/tests/diagnostics_devicename_ut.cpp:210:1: error: cannot declare static function inside another function
2026-03-12T23:19:36.2099436Z   210 | TEST_CASE("DiagnosticsComponent_SetDeviceName - Reuse without destroy")
2026-03-12T23:19:36.2099788Z       | ^~~~~~~~~
2026-03-12T23:19:36.2100647Z /__w/iot-hub-device-update/iot-hub-device-update/src/diagnostics_component/diagnostics_devicename/tests/diagnostics_devicename_ut.cpp:210:1: error: expected identifier before '{' token
2026-03-12T23:19:36.2101551Z   210 | TEST_CASE("DiagnosticsComponent_SetDeviceName - Reuse without destroy")
2026-03-12T23:19:36.2101907Z       | ^~~~~~~~~
2026-03-12T23:19:36.2102670Z /__w/iot-hub-device-update/iot-hub-device-update/src/diagnostics_component/diagnostics_devicename/tests/diagnostics_devicename_ut.cpp:211:1: error: a function-definition is not allowed here before '{' token
2026-03-12T23:19:36.2103477Z   211 | {
2026-03-12T23:19:36.2103618Z       | ^
2026-03-12T23:19:36.2103881Z In file included from /usr/local/include/catch2/catch_test_macros.hpp:15,
2026-03-12T23:19:36.2104317Z                  from /usr/local/include/catch2/catch_template_test_macros.hpp:20,
2026-03-12T23:19:36.2104713Z                  from /usr/local/include/catch2/catch_all.hpp:37,
2026-03-12T23:19:36.2105376Z                  from /__w/iot-hub-device-update/iot-hub-device-update/src/diagnostics_component/diagnostics_devicename/tests/diagnostics_devicename_ut.cpp:12:
2026-03-12T23:19:36.2106545Z /__w/iot-hub-device-update/iot-hub-device-update/src/diagnostics_component/diagnostics_devicename/tests/diagnostics_devicename_ut.cpp:290:1: error: cannot declare static function inside another function
2026-03-12T23:19:36.2107403Z   290 | TEST_CASE("DiagnosticsComponent_GetDeviceName")
2026-03-12T23:19:36.2107671Z       | ^~~~~~~~~
2026-03-12T23:19:36.2108345Z /__w/iot-hub-device-update/iot-hub-device-update/src/diagnostics_component/diagnostics_devicename/tests/diagnostics_devicename_ut.cpp:290:1: error: expected identifier before '{' token
2026-03-12T23:19:36.2109127Z   290 | TEST_CASE("DiagnosticsComponent_GetDeviceName")
2026-03-12T23:19:36.2109384Z       | ^~~~~~~~~
2026-03-12T23:19:36.2110351Z /__w/iot-hub-device-update/iot-hub-device-update/src/diagnostics_component/diagnostics_devicename/tests/diagnostics_devicename_ut.cpp:291:1: error: a function-definition is not allowed here before '{' token
2026-03-12T23:19:36.2111159Z   291 | {
2026-03-12T23:19:36.2111304Z       | ^
2026-03-12T23:19:36.2111557Z In file included from /usr/local/include/catch2/catch_test_macros.hpp:15,
2026-03-12T23:19:36.2111998Z                  from /usr/local/include/catch2/catch_template_test_macros.hpp:20,
2026-03-12T23:19:36.2112512Z                  from /usr/local/include/catch2/catch_all.hpp:37,
2026-03-12T23:19:36.2113179Z                  from /__w/iot-hub-device-update/iot-hub-device-update/src/diagnostics_component/diagnostics_devicename/tests/diagnostics_devicename_ut.cpp:12:
2026-03-12T23:19:36.2114343Z /__w/iot-hub-device-update/iot-hub-device-update/src/diagnostics_component/diagnostics_devicename/tests/diagnostics_devicename_ut.cpp:344:1: error: cannot declare static function inside another function
2026-03-12T23:19:36.2115220Z   344 | TEST_CASE("DiagnosticsComponent_DestroyDeviceName")
2026-03-12T23:19:36.2115506Z       | ^~~~~~~~~
2026-03-12T23:19:36.2116172Z /__w/iot-hub-device-update/iot-hub-device-update/src/diagnostics_component/diagnostics_devicename/tests/diagnostics_devicename_ut.cpp:344:1: error: expected identifier before '{' token
2026-03-12T23:19:36.2117072Z   344 | TEST_CASE("DiagnosticsComponent_DestroyDeviceName")
2026-03-12T23:19:36.2117342Z       | ^~~~~~~~~
2026-03-12T23:19:36.2118081Z /__w/iot-hub-device-update/iot-hub-device-update/src/diagnostics_component/diagnostics_devicename/tests/diagnostics_devicename_ut.cpp:345:1: error: a function-definition is not allowed here before '{' token
2026-03-12T23:19:36.2118868Z   345 | {
2026-03-12T23:19:36.2119003Z       | ^
2026-03-12T23:19:36.2119259Z In file included from /usr/local/include/catch2/catch_test_macros.hpp:15,
2026-03-12T23:19:36.2119687Z                  from /usr/local/include/catch2/catch_template_test_macros.hpp:20,
2026-03-12T23:19:36.2120303Z                  from /usr/local/include/catch2/catch_all.hpp:37,
2026-03-12T23:19:36.2120960Z                  from /__w/iot-hub-device-update/iot-hub-device-update/src/diagnostics_component/diagnostics_devicename/tests/diagnostics_devicename_ut.cpp:12:
2026-03-12T23:19:36.2122131Z /__w/iot-hub-device-update/iot-hub-device-update/src/diagnostics_component/diagnostics_devicename/tests/diagnostics_devicename_ut.cpp:373:1: error: cannot declare static function inside another function
2026-03-12T23:19:36.2123017Z   373 | TEST_CASE("DiagnosticsComponent_GetDeviceName - Edge Cases")
2026-03-12T23:19:36.2123326Z       | ^~~~~~~~~
2026-03-12T23:19:36.2124002Z /__w/iot-hub-device-update/iot-hub-device-update/src/diagnostics_component/diagnostics_devicename/tests/diagnostics_devicename_ut.cpp:373:1: error: expected identifier before '{' token
2026-03-12T23:19:36.2124820Z   373 | TEST_CASE("DiagnosticsComponent_GetDeviceName - Edge Cases")
2026-03-12T23:19:36.2125126Z       | ^~~~~~~~~
2026-03-12T23:19:36.2125859Z /__w/iot-hub-device-update/iot-hub-device-update/src/diagnostics_component/diagnostics_devicename/tests/diagnostics_devicename_ut.cpp:374:1: error: a function-definition is not allowed here before '{' token
2026-03-12T23:19:36.2126640Z   374 | {
2026-03-12T23:19:36.2126782Z       | ^
2026-03-12T23:19:36.2127030Z In file included from /usr/local/include/catch2/catch_test_macros.hpp:15,
2026-03-12T23:19:36.2127465Z                  from /usr/local/include/catch2/catch_template_test_macros.hpp:20,
2026-03-12T23:19:36.2127839Z                  from /usr/local/include/catch2/catch_all.hpp:37,
2026-03-12T23:19:36.2128498Z                  from /__w/iot-hub-device-update/iot-hub-device-update/src/diagnostics_component/diagnostics_devicename/tests/diagnostics_devicename_ut.cpp:12:
2026-03-12T23:19:36.2129668Z /__w/iot-hub-device-update/iot-hub-device-update/src/diagnostics_component/diagnostics_devicename/tests/diagnostics_devicename_ut.cpp:417:1: error: cannot declare static function inside another function
2026-03-12T23:19:36.2130742Z   417 | TEST_CASE("DiagnosticsComponent_SetDeviceName - Special Characters and Unicode")
2026-03-12T23:19:36.2131132Z       | ^~~~~~~~~
2026-03-12T23:19:36.2131792Z /__w/iot-hub-device-update/iot-hub-device-update/src/diagnostics_component/diagnostics_devicename/tests/diagnostics_devicename_ut.cpp:417:1: error: expected identifier before '{' token
2026-03-12T23:19:36.2132680Z   417 | TEST_CASE("DiagnosticsComponent_SetDeviceName - Special Characters and Unicode")
2026-03-12T23:19:36.2133059Z       | ^~~~~~~~~
2026-03-12T23:19:36.2133929Z /__w/iot-hub-device-update/iot-hub-device-update/src/diagnostics_component/diagnostics_devicename/tests/diagnostics_devicename_ut.cpp:418:1: error: a function-definition is not allowed here before '{' token
2026-03-12T23:19:36.2134726Z   418 | {
2026-03-12T23:19:36.2134863Z       | ^
2026-03-12T23:19:36.2135118Z In file included from /usr/local/include/catch2/catch_test_macros.hpp:15,
2026-03-12T23:19:36.2135551Z                  from /usr/local/include/catch2/catch_template_test_macros.hpp:20,
2026-03-12T23:19:36.2135923Z                  from /usr/local/include/catch2/catch_all.hpp:37,
2026-03-12T23:19:36.2136580Z                  from /__w/iot-hub-device-update/iot-hub-device-update/src/diagnostics_component/diagnostics_devicename/tests/diagnostics_devicename_ut.cpp:12:
2026-03-12T23:19:36.2137853Z /__w/iot-hub-device-update/iot-hub-device-update/src/diagnostics_component/diagnostics_devicename/tests/diagnostics_devicename_ut.cpp:508:1: error: cannot declare static function inside another function
2026-03-12T23:19:36.2138703Z   508 | TEST_CASE("DiagnosticsComponent - Stress Testing")
2026-03-12T23:19:36.2138977Z       | ^~~~~~~~~
2026-03-12T23:19:36.2139668Z /__w/iot-hub-device-update/iot-hub-device-update/src/diagnostics_component/diagnostics_devicename/tests/diagnostics_devicename_ut.cpp:508:1: error: expected identifier before '{' token
2026-03-12T23:19:36.2140593Z   508 | TEST_CASE("DiagnosticsComponent - Stress Testing")
2026-03-12T23:19:36.2140866Z       | ^~~~~~~~~
2026-03-12T23:19:36.2141610Z /__w/iot-hub-device-update/iot-hub-device-update/src/diagnostics_component/diagnostics_devicename/tests/diagnostics_devicename_ut.cpp:509:1: error: a function-definition is not allowed here before '{' token
2026-03-12T23:19:36.2142402Z   509 | {
2026-03-12T23:19:36.2142539Z       | ^
2026-03-12T23:19:36.2142800Z In file included from /usr/local/include/catch2/catch_test_macros.hpp:15,
2026-03-12T23:19:36.2143237Z                  from /usr/local/include/catch2/catch_template_test_macros.hpp:20,
2026-03-12T23:19:36.2143620Z                  from /usr/local/include/catch2/catch_all.hpp:37,
2026-03-12T23:19:36.2144276Z                  from /__w/iot-hub-device-update/iot-hub-device-update/src/diagnostics_component/diagnostics_devicename/tests/diagnostics_devicename_ut.cpp:12:
2026-03-12T23:19:36.2145446Z /__w/iot-hub-device-update/iot-hub-device-update/src/diagnostics_component/diagnostics_devicename/tests/diagnostics_devicename_ut.cpp:559:1: error: cannot declare static function inside another function
2026-03-12T23:19:36.2146350Z   559 | TEST_CASE("DiagnosticsComponent_SetDeviceName - STRING_new failure")
2026-03-12T23:19:36.2146686Z       | ^~~~~~~~~
2026-03-12T23:19:36.2147354Z /__w/iot-hub-device-update/iot-hub-device-update/src/diagnostics_component/diagnostics_devicename/tests/diagnostics_devicename_ut.cpp:559:1: error: expected identifier before '{' token
2026-03-12T23:19:36.2148198Z   559 | TEST_CASE("DiagnosticsComponent_SetDeviceName - STRING_new failure")
2026-03-12T23:19:36.2148535Z       | ^~~~~~~~~
2026-03-12T23:19:36.2149269Z /__w/iot-hub-device-update/iot-hub-device-update/src/diagnostics_component/diagnostics_devicename/tests/diagnostics_devicename_ut.cpp:560:1: error: a function-definition is not allowed here before '{' token
2026-03-12T23:19:36.2150145Z   560 | {
2026-03-12T23:19:36.2150287Z       | ^
2026-03-12T23:19:36.2150536Z In file included from /usr/local/include/catch2/catch_test_macros.hpp:15,
2026-03-12T23:19:36.2150966Z                  from /usr/local/include/catch2/catch_template_test_macros.hpp:20,
2026-03-12T23:19:36.2151340Z                  from /usr/local/include/catch2/catch_all.hpp:37,
2026-03-12T23:19:36.2151997Z                  from /__w/iot-hub-device-update/iot-hub-device-update/src/diagnostics_component/diagnostics_devicename/tests/diagnostics_devicename_ut.cpp:12:
2026-03-12T23:19:36.2153291Z /__w/iot-hub-device-update/iot-hub-device-update/src/diagnostics_component/diagnostics_devicename/tests/diagnostics_devicename_ut.cpp:578:1: error: cannot declare static function inside another function
2026-03-12T23:19:36.2154201Z   578 | TEST_CASE("DiagnosticsComponent_SetDeviceName - STRING_sprintf failure")
2026-03-12T23:19:36.2154554Z       | ^~~~~~~~~
2026-03-12T23:19:36.2155214Z /__w/iot-hub-device-update/iot-hub-device-update/src/diagnostics_component/diagnostics_devicename/tests/diagnostics_devicename_ut.cpp:578:1: error: expected identifier before '{' token
2026-03-12T23:19:36.2156068Z   578 | TEST_CASE("DiagnosticsComponent_SetDeviceName - STRING_sprintf failure")
2026-03-12T23:19:36.2156419Z       | ^~~~~~~~~
2026-03-12T23:19:36.2157147Z /__w/iot-hub-device-update/iot-hub-device-update/src/diagnostics_component/diagnostics_devicename/tests/diagnostics_devicename_ut.cpp:579:1: error: a function-definition is not allowed here before '{' token
2026-03-12T23:19:36.2158044Z   579 | {
2026-03-12T23:19:36.2158181Z       | ^
2026-03-12T23:19:36.2158433Z In file included from /usr/local/include/catch2/catch_test_macros.hpp:15,
2026-03-12T23:19:36.2158867Z                  from /usr/local/include/catch2/catch_template_test_macros.hpp:20,
2026-03-12T23:19:36.2159241Z                  from /usr/local/include/catch2/catch_all.hpp:37,
2026-03-12T23:19:36.2159898Z                  from /__w/iot-hub-device-update/iot-hub-device-update/src/diagnostics_component/diagnostics_devicename/tests/diagnostics_devicename_ut.cpp:12:
2026-03-12T23:19:36.2161209Z /__w/iot-hub-device-update/iot-hub-device-update/src/diagnostics_component/diagnostics_devicename/tests/diagnostics_devicename_ut.cpp:598:1: error: cannot declare static function inside another function
2026-03-12T23:19:36.2162135Z   598 | TEST_CASE("DiagnosticsComponent_GetDeviceName - mallocAndStrcpy_s failure")
2026-03-12T23:19:36.2162499Z       | ^~~~~~~~~
2026-03-12T23:19:36.2163170Z /__w/iot-hub-device-update/iot-hub-device-update/src/diagnostics_component/diagnostics_devicename/tests/diagnostics_devicename_ut.cpp:598:1: error: expected identifier before '{' token
2026-03-12T23:19:36.2164044Z   598 | TEST_CASE("DiagnosticsComponent_GetDeviceName - mallocAndStrcpy_s failure")
2026-03-12T23:19:36.2164397Z       | ^~~~~~~~~
2026-03-12T23:19:36.2165129Z /__w/iot-hub-device-update/iot-hub-device-update/src/diagnostics_component/diagnostics_devicename/tests/diagnostics_devicename_ut.cpp:599:1: error: a function-definition is not allowed here before '{' token
2026-03-12T23:19:36.2165918Z   599 | {
2026-03-12T23:19:36.2166053Z       | ^
2026-03-12T23:19:36.2166681Z /__w/iot-hub-device-update/iot-hub-device-update/src/diagnostics_component/diagnostics_devicename/tests/diagnostics_devicename_ut.cpp:623:1: error: expected '}' at end of input
2026-03-12T23:19:36.2167372Z   623 | }
2026-03-12T23:19:36.2167510Z       | ^
2026-03-12T23:19:36.2168091Z /__w/iot-hub-device-update/iot-hub-device-update/src/diagnostics_component/diagnostics_devicename/tests/diagnostics_devicename_ut.cpp:24:5: note: to match this '{'
2026-03-12T23:19:36.2168753Z    24 |     {
2026-03-12T23:19:36.2168900Z       |     ^
2026-03-12T23:19:36.2169460Z /__w/iot-hub-device-update/iot-hub-device-update/src/diagnostics_component/diagnostics_devicename/tests/diagnostics_devicename_ut.cpp: At global scope:
2026-03-12T23:19:36.2170701Z /__w/iot-hub-device-update/iot-hub-device-update/src/diagnostics_component/diagnostics_devicename/tests/diagnostics_devicename_ut.cpp:623:1: error: expected unqualified-id at end of input
2026-03-12T23:19:36.2171435Z   623 | }
2026-03-12T23:19:36.2171576Z       | ^
2026-03-12T23:19:36.4909863Z [50/348] Building CXX object src/communication_managers/iothub_communication_manager/tests/CMakeFiles/iothub_communication_manager_unit_tests.dir/iothub_communication_manager_ut.cpp.o
2026-03-12T23:19:36.4910990Z ninja: build stopped: subcommand failed.
2026-03-12T23:19:36.4967941Z ##[error]Process completed with exit code 1.
2026-03-12T23:19:36.5056685Z ##[group]Run actions/upload-artifact@v4
2026-03-12T23:19:36.5056964Z with:
2026-03-12T23:19:36.5057174Z   name: valgrind-results-ubuntu-22.04-amd64
2026-03-12T23:19:36.5057487Z   path: out/Testing/Temporary/MemoryChecker.*.log
2026-03-12T23:19:36.5057761Z   retention-days: 7
2026-03-12T23:19:36.5057944Z   if-no-files-found: ignore
2026-03-12T23:19:36.5058157Z   compression-level: 6
2026-03-12T23:19:36.5058343Z   overwrite: false
2026-03-12T23:19:36.5058531Z   include-hidden-files: false
2026-03-12T23:19:36.5058740Z ##[endgroup]
2026-03-12T23:19:36.5073501Z ##[command]/usr/bin/docker exec  08295cfbc2aa1500cc921fbb72a80d7429390299685eea8ba7a5f65ddcdc6c66 sh -c "cat /etc/*release | grep ^ID"
2026-03-12T23:19:36.8355698Z No files were found with the provided path: out/Testing/Temporary/MemoryChecker.*.log. No artifacts will be uploaded.
2026-03-12T23:19:36.8517511Z Post job cleanup.
2026-03-12T23:19:36.8521888Z ##[command]/usr/bin/docker exec  08295cfbc2aa1500cc921fbb72a80d7429390299685eea8ba7a5f65ddcdc6c66 sh -c "cat /etc/*release | grep ^ID"
2026-03-12T23:19:37.0632937Z Stop and remove container: 8fe81d1fce65489dbcf97a3434c94e63_ubuntu2204_709e2c
2026-03-12T23:19:37.0637405Z ##[command]/usr/bin/docker rm --force 08295cfbc2aa1500cc921fbb72a80d7429390299685eea8ba7a5f65ddcdc6c66
2026-03-12T23:19:38.4974878Z 08295cfbc2aa1500cc921fbb72a80d7429390299685eea8ba7a5f65ddcdc6c66
2026-03-12T23:19:38.5004604Z Remove container network: github_network_add63ab325564e81bfefe7eb5ddd0e78
2026-03-12T23:19:38.5008856Z ##[command]/usr/bin/docker network rm github_network_add63ab325564e81bfefe7eb5ddd0e78
2026-03-12T23:19:38.6138159Z github_network_add63ab325564e81bfefe7eb5ddd0e78
2026-03-12T23:19:38.6200129Z Cleaning up orphan processes
2026-03-12T23:19:38.6568105Z ##[warning]Node.js 20 actions are deprecated. The following actions are running on Node.js 20 and may not work as expected: actions/checkout@v4, actions/upload-artifact@v4. Actions will be forced to run with Node.js 24 by default starting June 2nd, 2026. Please check if updated versions of these actions are available that support Node.js 24. To opt into Node.js 24 now, set the FORCE_JAVASCRIPT_ACTIONS_TO_NODE24=true environment variable on the runner or in your workflow file. Once Node.js 24 becomes the default, you can temporarily opt out by setting ACTIONS_ALLOW_USE_UNSECURE_NODE_VERSION=true. For more information see: https://github.blog/changelog/2025-09-19-deprecation-of-node-20-on-github-actions-runners/
